shop_id,is_bad,open_months,avg_monthly_orders,order_volatility,interruption_count,avg_order_value,repurchase_rate,refund_rate,dispute_rate,positive_review_rate,gmv_yoy_growth,gmv_mom_volatility,sku_change_rate,revenue_trend_slope,customer_hhi,new_customer_ratio,customer_geo_entropy,avg_settlement_days,platform_penalty_count,abnormal_large_txn_ratio
SHOP000000,1,17.0,60.0,0.557,0,81.7,0.095,0.058,0.022,0.901,0.021,0.148,0.09,0.875,0.159,0.417,1.612,6.3,1,0.064
SHOP000001,0,17.0,86.0,0.146,3,93.9,0.283,0.041,0.025,0.984,0.181,0.104,0.088,2.617,0.084,0.423,2.161,2.9,1,0.048
SHOP000002,1,26.0,210.0,0.581,2,79.0,0.289,0.011,0.031,0.861,0.193,0.335,-0.05,1.051,0.345,0.585,2.525,9.8,1,0.04
SHOP000003,1,5.0,175.0,0.642,1,93.3,0.237,0.064,0.039,0.868,-0.293,0.243,-0.166,0.925,0.195,0.605,1.633,2.5,0,0.038
SHOP000004,0,18.0,94.0,0.15,2,69.1,0.413,0.042,0.006,0.972,0.27,0.168,0.152,2.487,0.099,0.132,2.172,3.7,1,0.046
SHOP000005,0,19.0,202.0,0.325,1,60.4,0.317,0.076,0.03,0.899,0.383,0.134,0.038,2.592,0.099,0.337,3.017,4.6,1,0.018
SHOP000006,0,14.0,208.0,0.603,1,71.1,0.281,0.067,0.007,0.918,-0.211,0.117,0.168,3.389,0.188,0.387,1.843,6.2,1,0.067
SHOP000007,0,10.0,100.0,0.466,0,71.4,0.32,0.071,0.03,0.806,-0.184,0.079,-0.076,-0.563,0.222,0.225,2.674,5.6,0,0.039
SHOP000008,0,7.0,37.0,0.443,3,86.9,0.266,0.062,0.037,0.925,0.335,0.188,-0.02,-0.121,0.214,0.33,1.612,3.9,0,0.043
SHOP000009,0,32.0,260.0,0.195,2,77.0,0.174,0.044,0.03,0.971,-0.113,0.191,0.131,1.798,0.107,0.42,2.376,4.2,0,0.011
SHOP000010,0,25.0,67.0,0.261,2,55.9,0.193,0.105,0.027,0.911,-0.234,0.18,-0.27,-1.135,0.224,0.558,1.908,7.4,0,0.033
SHOP000011,1,20.0,201.0,0.339,0,82.3,0.294,0.09,0.033,0.961,-0.154,0.289,0.177,1.469,0.178,0.397,1.583,5.3,1,0.032
SHOP000012,0,6.0,121.0,0.375,3,78.9,0.315,0.015,0.038,0.849,0.004,0.223,-0.049,-1.112,0.2,0.545,2.494,3.5,0,0.06
SHOP000013,1,16.0,253.0,0.539,0,97.1,0.081,0.146,0.04,0.969,-0.287,0.318,0.023,-1.19,0.228,0.452,1.366,5.9,2,0.022
SHOP000014,0,33.0,45.0,0.468,0,93.3,0.333,0.121,0.05,0.815,-0.303,0.323,-0.101,-0.718,0.134,0.495,2.129,3.9,3,0.047
SHOP000015,0,8.0,148.0,0.374,1,50.1,0.169,0.03,0.032,0.937,0.159,0.262,-0.025,-0.256,0.195,0.434,2.315,5.8,0,0.001
SHOP000016,0,19.0,254.0,0.436,1,137.5,0.326,0.095,0.05,0.938,-0.112,0.215,0.08,-0.009,0.135,0.443,2.313,5.4,0,0.052
SHOP000017,0,14.0,56.0,0.527,0,102.2,0.313,0.059,0.019,0.964,0.244,0.011,0.151,1.072,0.132,0.43,2.329,6.2,2,0.024
SHOP000018,1,15.0,127.0,0.452,2,83.2,0.241,0.096,0.027,0.882,0.031,0.217,-0.172,-1.723,0.113,0.388,2.043,5.6,2,0.036
SHOP000019,1,14.0,110.0,0.295,1,58.9,0.282,0.109,0.019,0.888,0.131,0.217,0.191,-0.26,0.221,0.318,1.802,7.7,1,0.0
SHOP000020,1,20.0,153.0,0.526,1,142.0,0.435,0.121,0.026,0.892,0.577,0.154,0.131,-0.508,0.201,0.421,2.238,2.7,0,0.052
SHOP000021,0,43.0,207.0,0.492,1,182.2,0.443,0.054,0.028,0.935,0.068,0.221,0.074,-0.035,0.111,0.422,1.862,3.0,1,0.022
SHOP000022,0,15.0,269.0,0.215,0,115.7,0.221,0.076,0.036,0.791,-0.212,0.139,-0.407,0.175,0.088,0.258,1.889,3.0,2,0.017
SHOP000023,0,28.0,2.0,0.539,0,55.5,0.199,0.045,0.005,0.804,-0.097,0.151,0.051,-0.094,0.115,0.449,2.651,5.0,1,0.026
SHOP000024,0,9.0,161.0,0.345,1,143.0,0.291,0.093,0.018,0.9,0.157,0.183,-0.019,0.702,0.118,0.611,2.24,3.4,0,0.022
SHOP000025,0,24.0,313.0,0.484,1,83.4,0.203,0.106,0.011,0.921,0.404,0.162,0.034,1.299,0.094,0.667,2.494,7.0,0,0.037
SHOP000026,0,22.0,336.0,0.603,0,43.4,0.309,0.062,0.024,0.817,-0.128,0.393,0.158,-0.781,0.148,0.52,3.239,3.6,0,0.043
SHOP000027,0,5.0,245.0,0.24,0,71.3,0.248,0.085,0.044,0.998,0.185,0.248,-0.061,-1.121,0.148,0.317,1.662,4.7,1,0.062
SHOP000028,0,7.0,193.0,0.38,1,137.5,0.216,0.083,0.023,0.958,0.054,0.339,-0.034,1.802,0.144,0.501,2.296,5.6,0,0.055
SHOP000029,1,23.0,30.0,0.386,0,85.0,0.218,0.046,0.002,0.872,0.194,0.09,-0.091,-0.216,0.265,0.441,2.077,4.8,1,0.026
SHOP000030,1,26.0,148.0,0.442,3,184.1,0.304,0.052,0.032,0.94,0.104,0.256,0.144,0.503,0.353,0.582,2.206,8.7,1,0.052
SHOP000031,1,23.0,122.0,0.239,2,157.7,0.399,0.055,0.023,0.854,0.047,0.108,0.124,0.426,0.117,0.71,2.377,1.8,0,0.045
SHOP000032,0,15.0,72.0,0.373,3,52.7,0.315,0.08,0.021,0.893,0.14,0.106,0.24,0.634,0.138,0.183,2.804,3.4,0,0.033
SHOP000033,0,8.0,106.0,0.364,1,86.3,0.3,0.042,0.023,0.932,0.273,0.132,0.002,0.562,0.143,0.468,2.078,4.9,0,0.008
SHOP000034,1,28.0,130.0,0.494,1,81.6,0.34,0.123,0.046,0.841,-0.102,0.115,0.045,2.047,0.189,0.429,1.275,6.0,1,0.054
SHOP000035,0,7.0,112.0,0.74,2,47.7,0.169,0.129,0.038,0.831,-0.311,0.192,-0.071,-1.316,0.213,0.532,0.901,6.2,1,0.023
SHOP000036,0,30.0,92.0,0.419,0,52.7,0.167,0.08,0.051,0.901,-0.08,0.057,0.106,1.715,0.107,0.265,2.911,3.5,1,0.016
SHOP000037,0,31.0,17.0,0.419,1,80.0,0.336,0.048,0.011,0.957,0.266,0.208,-0.028,-0.051,0.116,0.488,1.854,3.5,1,0.02
SHOP000038,1,19.0,79.0,0.425,1,60.1,0.279,0.028,0.034,0.975,-0.024,0.122,0.049,-0.021,0.016,0.291,2.381,4.1,0,0.053
SHOP000039,0,19.0,110.0,0.354,2,136.0,0.244,0.107,0.023,0.826,-0.101,0.091,-0.21,-0.568,0.239,0.169,1.273,4.2,1,0.063
SHOP000040,0,19.0,87.0,0.211,1,110.1,0.139,0.099,0.047,0.826,-0.199,0.387,0.097,-1.386,0.143,0.333,2.034,4.1,1,0.069
SHOP000041,1,18.0,102.0,0.218,2,93.2,0.265,0.013,0.039,0.839,-0.03,0.198,-0.173,-0.029,0.214,0.496,1.968,4.8,0,0.047
SHOP000042,0,25.0,163.0,0.577,0,90.2,0.393,0.08,0.001,0.977,-0.02,0.098,0.279,0.843,0.143,0.641,2.276,2.1,1,0.022
SHOP000043,0,15.0,39.0,0.606,1,66.5,0.229,0.114,0.033,0.921,0.003,0.17,0.105,1.606,0.288,0.603,2.45,9.1,2,0.063
SHOP000044,0,20.0,152.0,0.457,0,89.2,0.497,0.045,0.022,0.97,0.113,0.316,0.071,1.247,0.117,0.658,2.428,0.7,1,0.045
SHOP000045,0,19.0,193.0,0.532,1,89.5,0.239,0.082,0.061,0.784,0.065,0.318,-0.092,-0.238,0.177,0.448,2.098,5.0,2,0.029
SHOP000046,1,15.0,136.0,0.198,2,63.2,0.205,0.119,0.017,0.825,0.002,0.221,0.16,-1.706,0.086,0.369,1.75,5.4,1,0.076
SHOP000047,0,21.0,158.0,0.252,2,115.5,0.299,0.037,0.041,0.802,-0.01,0.285,-0.004,0.326,0.182,0.296,2.258,3.6,0,0.031
SHOP000048,0,16.0,60.0,0.56,0,71.4,0.254,0.111,0.048,0.862,0.068,0.259,0.084,0.528,0.244,0.426,1.64,2.7,2,0.048
SHOP000049,0,21.0,144.0,0.468,1,138.1,0.303,0.067,0.022,0.957,0.036,0.178,0.058,1.966,0.18,0.332,1.736,5.4,0,0.039
SHOP000050,0,1.0,194.0,0.471,0,65.5,0.362,0.101,0.008,0.924,0.056,0.228,0.1,0.088,0.182,0.437,1.788,8.1,0,0.022
SHOP000051,0,3.0,89.0,0.762,1,103.9,0.147,0.119,0.032,0.848,0.252,0.264,0.028,-0.317,0.159,0.492,1.528,5.9,1,0.025
SHOP000052,0,22.0,212.0,0.292,1,96.0,0.332,0.039,0.02,0.885,0.196,0.068,0.012,-0.847,0.15,0.331,2.145,3.2,0,0.01
SHOP000053,0,34.0,175.0,0.333,2,58.8,0.207,0.054,0.021,0.963,0.145,0.138,0.013,-0.563,0.149,0.426,2.366,2.0,0,0.035
SHOP000054,0,8.0,209.0,0.693,1,100.8,0.433,0.027,0.03,0.919,0.256,0.277,0.009,0.266,0.184,0.222,2.538,2.7,0,0.033
SHOP000055,0,25.0,178.0,0.298,2,66.6,0.235,0.06,0.007,0.919,-0.054,0.103,-0.042,0.585,0.063,0.315,1.849,6.8,1,0.041
SHOP000056,0,8.0,213.0,0.287,0,59.4,0.138,0.076,0.02,0.843,-0.201,0.247,-0.017,0.137,0.042,0.217,1.444,3.9,0,0.002
SHOP000057,0,23.0,127.0,0.717,1,134.3,0.081,0.069,0.055,0.946,-0.088,0.191,-0.043,-1.677,0.222,0.506,1.805,4.7,2,0.015
SHOP000058,1,20.0,274.0,0.402,2,79.5,0.437,0.042,0.009,0.9,-0.051,0.165,-0.081,0.114,0.122,0.43,2.423,6.5,1,0.051
SHOP000059,0,1.0,152.0,0.454,0,88.1,0.287,0.079,0.068,0.813,-0.194,0.185,-0.065,0.359,0.28,0.554,2.132,3.3,2,0.0
SHOP000060,0,18.0,137.0,0.436,1,11.8,0.31,0.006,0.017,0.934,0.253,0.136,0.148,-0.844,0.167,0.485,1.589,8.0,0,0.008
SHOP000061,0,13.0,126.0,0.495,1,144.2,0.172,0.078,0.017,0.988,0.256,0.186,-0.03,0.309,0.146,0.355,2.878,8.0,1,0.042
SHOP000062,0,13.0,212.0,0.393,2,38.4,0.282,0.022,0.039,0.922,0.16,0.134,-0.022,-0.037,0.104,0.352,2.237,5.6,1,0.023
SHOP000063,1,3.0,13.0,0.27,0,57.4,0.304,0.103,0.032,0.908,-0.35,0.253,-0.068,-0.214,0.16,0.478,2.369,6.2,0,0.033
SHOP000064,1,19.0,75.0,0.741,1,77.7,0.177,0.057,0.053,0.811,0.094,0.213,-0.245,-0.613,0.081,0.383,2.327,3.2,2,0.095
SHOP000065,1,21.0,288.0,0.554,2,62.5,0.215,0.008,0.022,0.92,-0.15,0.225,0.077,-1.146,0.126,0.373,0.963,0.0,0,0.06
SHOP000066,0,13.0,100.0,0.394,2,158.5,0.257,0.072,0.023,0.892,0.229,0.177,0.04,0.786,0.105,0.526,1.206,1.5,2,0.006
SHOP000067,0,17.0,178.0,0.378,2,146.5,0.209,0.062,0.022,0.849,0.562,0.172,0.143,0.077,0.146,0.472,1.816,6.9,1,0.04
SHOP000068,0,9.0,122.0,0.278,2,91.2,0.184,0.069,0.035,0.811,-0.044,0.131,-0.084,1.38,0.25,0.432,1.204,5.0,2,0.023
SHOP000069,0,25.0,52.0,0.468,1,91.8,0.224,0.039,0.018,0.867,0.071,0.269,-0.063,0.15,0.132,0.511,1.836,3.4,0,0.032
SHOP000070,0,21.0,77.0,0.163,3,80.0,0.354,0.021,0.027,0.855,-0.14,0.135,0.023,0.509,0.147,0.374,2.465,4.9,2,0.032
SHOP000071,1,7.0,125.0,0.317,2,14.6,0.416,0.101,0.028,0.957,0.048,0.19,0.11,-0.027,0.155,0.429,2.287,4.5,0,0.0
SHOP000072,0,21.0,230.0,0.265,1,85.4,0.262,0.051,0.024,0.839,0.123,0.172,0.129,2.407,0.177,0.565,2.314,2.5,1,0.036
SHOP000073,1,13.0,202.0,0.583,0,41.9,0.251,0.04,0.024,0.858,-0.346,0.278,0.04,-0.95,0.008,0.475,1.719,4.5,2,0.042
SHOP000074,0,17.0,177.0,0.28,0,69.3,0.35,0.057,0.049,0.901,0.13,0.127,-0.028,2.161,0.092,0.486,1.713,4.9,1,0.031
SHOP000075,1,7.0,124.0,0.493,2,116.6,0.359,0.134,0.039,0.918,-0.012,0.128,0.044,-0.401,0.151,0.264,2.39,9.0,1,0.034
SHOP000076,0,10.0,184.0,0.279,0,53.4,0.369,0.048,0.02,0.837,-0.072,0.173,-0.078,-1.314,0.0,0.437,1.415,6.2,1,0.034
SHOP000077,1,27.0,185.0,0.474,2,104.8,0.227,0.07,0.052,0.794,0.0,0.259,0.053,0.709,0.119,0.554,2.079,7.9,2,0.02
SHOP000078,0,10.0,125.0,0.584,2,98.3,0.171,0.04,0.014,0.881,-0.136,0.119,0.15,0.93,0.129,0.6,1.847,1.0,1,0.073
SHOP000079,0,16.0,173.0,0.237,0,39.6,0.232,0.064,0.022,0.917,0.066,0.12,0.148,-1.02,0.213,0.397,2.351,2.6,0,0.002
SHOP000080,0,4.0,138.0,0.259,0,32.5,0.232,0.143,0.04,0.907,0.143,0.24,-0.004,-2.997,0.169,0.371,1.884,2.9,2,0.041
SHOP000081,0,24.0,67.0,0.326,0,95.8,0.266,0.055,0.017,0.795,0.058,0.174,-0.011,1.66,0.221,0.371,2.772,1.7,1,0.029
SHOP000082,0,17.0,1.0,0.453,1,44.2,0.18,0.07,0.031,0.906,0.089,0.299,0.054,-0.459,0.197,0.528,1.852,1.5,2,0.06
SHOP000083,0,22.0,247.0,0.344,0,117.3,0.246,0.045,0.031,0.875,-0.023,0.237,0.011,1.019,0.105,0.34,2.386,1.7,0,0.072
SHOP000084,0,25.0,338.0,0.196,1,117.4,0.37,0.047,0.004,0.856,0.173,0.108,0.075,2.972,0.146,0.315,2.329,0.3,1,0.014
SHOP000085,0,9.0,1.0,0.629,2,41.9,0.285,0.0,0.033,0.742,0.139,0.199,-0.182,0.059,0.181,0.44,1.715,7.9,0,0.019
SHOP000086,0,15.0,317.0,0.346,1,119.1,0.283,0.024,0.022,0.863,0.238,0.11,0.033,-0.353,0.205,0.426,2.062,4.4,1,0.031
SHOP000087,1,14.0,106.0,0.298,1,122.2,0.237,0.102,0.026,0.917,-0.104,0.255,-0.124,0.042,0.153,0.454,1.893,5.4,0,0.041
SHOP000088,0,21.0,104.0,0.51,1,46.1,0.19,0.114,0.0,0.923,0.416,0.042,0.131,-1.37,0.175,0.482,1.903,5.1,2,0.039
SHOP000089,1,5.0,285.0,0.471,1,78.3,0.271,0.11,0.029,0.862,0.044,0.362,-0.059,-1.723,0.186,0.483,1.604,5.6,0,0.067
SHOP000090,1,17.0,102.0,0.565,1,77.8,0.275,0.097,0.023,0.809,0.082,0.421,0.05,-0.65,0.192,0.635,3.062,5.8,1,0.029
SHOP000091,0,12.0,137.0,0.533,1,115.8,0.332,0.109,0.024,0.853,-0.256,0.143,0.042,1.795,0.081,0.495,2.203,4.2,1,0.042
SHOP000092,0,22.0,28.0,0.179,1,115.5,0.378,0.08,0.022,0.885,0.333,0.073,-0.065,1.3,0.165,0.438,2.445,4.9,1,0.032
SHOP000093,0,13.0,151.0,0.41,2,86.8,0.128,0.009,0.024,0.863,-0.022,0.18,0.076,-0.188,0.153,0.455,2.397,3.4,1,0.014
SHOP000094,0,27.0,185.0,0.281,0,151.7,0.337,0.047,0.008,0.918,0.28,0.112,0.13,0.73,0.189,0.516,3.147,4.3,0,0.024
SHOP000095,0,31.0,198.0,0.315,1,57.6,0.179,0.046,0.025,0.991,0.117,0.066,0.202,0.17,0.134,0.416,2.633,3.7,0,0.015
SHOP000096,0,17.0,201.0,0.315,0,128.4,0.333,0.112,0.012,0.973,0.129,0.105,0.013,0.558,0.115,0.335,2.7,3.3,1,0.005
SHOP000097,0,26.0,220.0,0.535,1,232.8,0.252,0.062,0.021,0.971,-0.108,0.103,-0.004,-0.556,0.12,0.484,2.217,6.3,0,0.027
SHOP000098,0,19.0,57.0,0.665,3,10.0,0.12,0.086,0.035,0.809,-0.067,0.381,0.078,0.052,0.157,0.426,2.619,4.8,3,0.022
SHOP000099,1,29.0,6.0,0.119,0,28.6,0.332,0.08,0.021,0.89,0.208,0.156,0.209,0.918,0.15,0.402,2.669,1.6,1,0.051
SHOP000100,0,20.0,181.0,0.307,0,93.5,0.235,0.045,0.027,0.947,-0.069,0.092,-0.071,0.246,0.141,0.376,1.801,5.7,2,0.021
SHOP000101,0,14.0,81.0,0.574,4,52.8,0.233,0.0,0.019,0.744,-0.271,0.227,-0.063,-1.306,0.17,0.455,1.597,1.4,1,0.058
SHOP000102,1,26.0,50.0,0.038,0,47.3,0.231,0.112,0.013,0.829,0.291,0.089,0.028,1.033,0.156,0.454,2.386,5.4,2,0.017
SHOP000103,1,36.0,8.0,0.507,1,54.5,0.114,0.075,0.016,0.824,0.379,0.267,0.191,-0.087,0.181,0.292,2.07,4.8,0,0.035
SHOP000104,0,34.0,22.0,0.4,1,124.7,0.314,0.048,0.042,0.859,0.039,0.148,-0.058,0.34,0.135,0.518,2.414,3.4,0,0.053
SHOP000105,1,28.0,212.0,0.493,0,120.6,0.187,0.074,0.028,0.896,-0.035,0.124,0.044,0.523,0.083,0.46,2.184,3.2,1,0.015
SHOP000106,0,12.0,293.0,0.295,1,142.6,0.447,0.0,0.044,0.903,0.395,0.113,0.1,1.295,0.057,0.181,2.576,5.5,0,0.007
SHOP000107,0,29.0,81.0,0.329,1,60.8,0.261,0.062,0.009,0.901,-0.144,0.195,0.023,1.61,0.08,0.28,2.645,9.3,2,0.041
SHOP000108,0,8.0,155.0,0.0,3,96.7,0.391,0.087,0.0,0.85,-0.044,0.142,-0.112,-0.228,0.22,0.701,2.426,2.3,1,0.048
SHOP000109,0,33.0,545.0,0.209,0,58.2,0.382,0.058,0.019,1.0,0.469,0.192,0.173,0.613,0.039,0.379,2.734,4.7,0,0.009
SHOP000110,0,2.0,159.0,0.535,1,21.5,0.322,0.101,0.0,0.838,-0.374,0.207,-0.018,1.096,0.068,0.621,1.698,7.7,2,0.05
SHOP000111,0,20.0,157.0,0.443,2,37.2,0.333,0.083,0.024,0.925,0.009,0.186,0.237,0.245,0.164,0.627,1.962,4.1,1,0.012
SHOP000112,0,30.0,231.0,0.466,1,47.7,0.511,0.098,0.029,0.878,0.266,0.138,-0.058,-0.699,0.155,0.07,2.789,4.7,2,0.009
SHOP000113,0,26.0,87.0,0.317,1,96.4,0.262,0.041,0.005,0.995,0.114,0.151,0.302,0.487,0.148,0.343,2.059,6.7,1,0.011
SHOP000114,0,11.0,75.0,0.523,2,72.5,0.01,0.043,0.03,0.899,0.109,0.203,-0.127,1.108,0.159,0.322,2.683,7.4,1,0.054
SHOP000115,0,14.0,157.0,0.384,1,103.3,0.304,0.023,0.013,0.963,0.169,0.11,0.223,1.504,0.104,0.475,2.21,4.4,0,0.044
SHOP000116,1,17.0,131.0,0.578,1,67.3,0.386,0.077,0.027,0.856,0.058,0.236,-0.064,-1.651,0.177,0.83,1.816,2.1,1,0.039
SHOP000117,0,18.0,299.0,0.389,1,89.7,0.36,0.081,0.03,0.936,0.197,0.0,0.066,0.608,0.064,0.629,2.13,9.0,0,0.036
SHOP000118,1,21.0,142.0,0.471,0,57.1,0.132,0.161,0.093,0.882,-0.307,0.353,0.088,-2.137,0.23,0.388,0.669,4.6,0,0.03
SHOP000119,0,30.0,150.0,0.708,1,55.3,0.318,0.063,0.025,0.909,-0.04,0.226,-0.113,0.257,0.234,0.382,1.253,7.2,1,0.002
SHOP000120,0,32.0,240.0,0.507,0,10.4,0.236,0.054,0.011,0.793,-0.004,0.224,0.068,0.314,0.098,0.4,2.155,6.1,0,0.033
SHOP000121,0,16.0,147.0,0.464,0,92.4,0.309,0.044,0.07,0.944,0.081,0.261,0.111,0.056,0.057,0.459,1.609,8.3,1,0.046
SHOP000122,0,5.0,220.0,0.582,0,113.3,0.231,0.101,0.029,0.888,0.07,0.186,0.108,1.117,0.102,0.429,2.217,1.8,2,0.055
SHOP000123,0,14.0,53.0,0.386,2,74.4,0.212,0.032,0.016,0.86,-0.479,0.292,-0.14,0.053,0.187,0.557,2.463,3.2,1,0.071
SHOP000124,0,21.0,57.0,0.548,4,59.4,0.208,0.147,0.028,0.959,0.018,0.098,-0.103,-0.608,0.151,0.387,1.397,8.5,1,0.103
SHOP000125,0,34.0,118.0,0.281,1,86.9,0.37,0.018,0.046,0.854,-0.295,0.198,0.082,2.746,0.249,0.563,2.182,7.1,1,0.035
SHOP000126,1,5.0,169.0,0.546,1,218.9,0.199,0.077,0.046,0.923,0.05,0.269,0.074,0.674,0.184,0.571,0.988,1.3,1,0.004
SHOP000127,0,25.0,300.0,0.128,1,101.0,0.222,0.045,0.007,0.906,0.177,0.17,0.099,-1.413,0.139,0.503,2.362,4.4,0,0.024
SHOP000128,1,27.0,169.0,0.233,1,73.5,0.236,0.089,0.0,0.916,0.01,0.193,0.016,0.266,0.111,0.463,2.371,3.3,0,0.004
SHOP000129,0,13.0,224.0,0.413,1,49.5,0.427,0.043,0.013,0.909,-0.199,0.148,0.141,-1.109,0.147,0.419,2.56,2.9,1,0.01
SHOP000130,1,16.0,98.0,0.563,0,144.5,0.251,0.09,0.036,0.84,0.073,0.177,0.159,-0.175,0.142,0.559,2.106,4.7,0,0.01
SHOP000131,0,29.0,173.0,0.222,1,94.2,0.155,0.0,0.009,0.932,0.12,0.09,0.188,1.601,0.12,0.487,2.062,6.5,0,0.0
SHOP000132,0,23.0,89.0,0.359,2,61.6,0.169,0.07,0.027,0.776,-0.451,0.291,-0.234,-0.555,0.104,0.4,2.375,9.0,2,0.004
SHOP000133,1,14.0,176.0,0.319,0,101.9,0.181,0.065,0.029,0.84,0.171,0.11,0.021,0.538,0.13,0.516,1.854,4.3,2,0.038
SHOP000134,0,29.0,155.0,0.371,0,85.5,0.396,0.073,0.019,0.882,0.129,0.136,-0.04,1.675,0.078,0.525,2.334,6.6,0,0.02
SHOP000135,0,26.0,351.0,0.37,0,57.7,0.385,0.06,0.012,0.906,0.011,0.225,0.289,1.445,0.053,0.383,1.946,3.7,1,0.028
SHOP000136,0,17.0,175.0,0.442,1,110.7,0.298,0.106,0.052,0.97,-0.058,0.287,0.098,-1.41,0.142,0.423,1.834,3.5,1,0.023
SHOP000137,0,27.0,131.0,0.351,4,123.0,0.312,0.084,0.008,0.782,0.127,0.074,-0.241,0.48,0.233,0.628,1.898,7.1,0,0.08
SHOP000138,1,14.0,263.0,0.528,2,29.4,0.277,0.137,0.058,0.874,-0.336,0.228,0.11,-2.02,0.206,0.42,2.168,7.8,0,0.079
SHOP000139,1,22.0,74.0,0.752,1,88.4,0.058,0.076,0.053,0.705,-0.096,0.147,0.015,-1.907,0.215,0.76,2.669,7.1,1,0.042
SHOP000140,0,5.0,199.0,0.444,0,85.6,0.338,0.055,0.014,0.965,0.402,0.125,0.113,-0.896,0.238,0.454,0.762,7.9,0,0.031
SHOP000141,0,24.0,419.0,0.398,0,105.1,0.241,0.029,0.003,0.901,0.007,0.21,0.037,0.285,0.105,0.58,2.625,6.0,0,0.048
SHOP000142,0,13.0,235.0,0.471,1,48.0,0.305,0.044,0.002,0.912,0.535,0.153,0.154,1.239,0.069,0.292,2.896,4.9,0,0.0
SHOP000143,0,1.0,126.0,0.342,0,61.6,0.346,0.085,0.035,0.867,-0.332,0.363,-0.146,0.806,0.122,0.452,2.128,4.7,2,0.062
SHOP000144,0,24.0,138.0,0.328,1,125.6,0.248,0.06,0.01,0.851,-0.067,0.107,0.173,-0.328,0.153,0.493,2.531,2.4,0,0.043
SHOP000145,0,26.0,95.0,0.531,2,90.4,0.228,0.073,0.019,0.843,0.005,0.127,0.06,2.78,0.125,0.396,1.808,3.1,0,0.022
SHOP000146,0,23.0,301.0,0.352,1,53.0,0.32,0.095,0.016,0.889,0.181,0.148,0.178,1.188,0.119,0.559,1.934,3.8,0,0.027
SHOP000147,0,17.0,142.0,0.438,0,65.8,0.294,0.063,0.036,0.907,0.001,0.302,-0.0,0.981,0.177,0.473,2.031,6.2,2,0.049
SHOP000148,0,22.0,122.0,0.238,3,61.9,0.222,0.004,0.051,0.831,-0.016,0.267,0.026,-0.876,0.23,0.328,1.813,0.9,1,0.011
SHOP000149,0,14.0,303.0,0.486,1,109.3,0.227,0.064,0.046,0.753,-0.185,0.175,0.163,0.759,0.189,0.657,2.154,5.3,0,0.039
SHOP000150,0,23.0,188.0,0.456,2,28.4,0.277,0.123,0.016,0.842,0.136,0.105,0.047,-1.048,0.158,0.217,2.883,3.8,1,0.028
SHOP000151,0,19.0,69.0,0.299,0,60.2,0.291,0.061,0.016,0.889,0.366,0.188,0.188,0.349,0.094,0.436,2.228,3.2,1,0.023
SHOP000152,0,14.0,154.0,0.324,1,95.5,0.38,0.036,0.0,0.903,-0.092,0.135,-0.103,2.022,0.052,0.397,2.049,4.4,1,0.022
SHOP000153,0,6.0,106.0,0.352,2,83.6,0.303,0.029,0.0,0.916,0.123,0.235,0.117,-1.043,0.137,0.573,2.595,4.5,1,0.077
SHOP000154,0,18.0,184.0,0.573,2,74.4,0.537,0.058,0.043,0.817,-0.188,0.176,0.074,-0.484,0.26,0.289,2.642,5.9,1,0.061
SHOP000155,1,20.0,158.0,0.301,4,24.6,0.061,0.132,0.041,0.831,0.082,0.38,0.023,-0.69,0.267,0.353,0.202,7.9,2,0.034
SHOP000156,0,11.0,245.0,0.329,2,78.7,0.269,0.079,0.012,0.831,-0.025,0.281,0.091,1.974,0.125,0.575,2.291,7.0,1,0.049
SHOP000157,1,14.0,151.0,0.652,1,63.5,0.196,0.088,0.041,0.909,-0.085,0.162,0.066,-0.298,0.08,0.561,2.2,5.2,2,0.098
SHOP000158,0,26.0,237.0,0.297,1,71.7,0.303,0.066,0.022,0.941,0.407,0.195,0.018,0.51,0.077,0.357,2.324,5.2,0,0.016
SHOP000159,0,23.0,237.0,0.123,2,108.6,0.453,0.061,0.015,0.941,0.228,0.157,0.1,0.644,0.069,0.356,2.063,4.4,1,0.016
SHOP000160,0,23.0,23.0,0.301,2,90.3,0.385,0.029,0.023,0.84,0.014,0.205,0.123,0.372,0.064,0.397,2.431,4.5,0,0.0
SHOP000161,0,6.0,190.0,0.536,0,108.2,0.229,0.013,0.029,0.869,0.046,0.234,0.018,-0.303,0.066,0.399,2.093,4.8,0,0.033
SHOP000162,1,9.0,73.0,0.712,0,162.0,0.172,0.144,0.028,0.82,-0.11,0.204,-0.182,-1.087,0.172,0.731,1.182,3.0,4,0.041
SHOP000163,0,15.0,103.0,0.316,2,67.0,0.417,0.0,0.01,0.922,-0.077,0.183,-0.144,-0.065,0.089,0.254,2.333,4.6,0,0.018
SHOP000164,0,19.0,185.0,0.417,1,101.5,0.303,0.111,0.041,0.81,-0.069,0.393,0.198,0.396,0.176,0.369,1.852,5.0,0,0.032
SHOP000165,1,12.0,152.0,0.266,2,72.0,0.1,0.049,0.025,0.932,-0.069,0.147,-0.035,0.76,0.123,0.455,2.253,4.1,0,0.034
SHOP000166,0,17.0,42.0,0.392,3,130.3,0.204,0.054,0.04,0.887,-0.331,0.117,0.026,-1.725,0.189,0.653,2.316,4.6,0,0.096
SHOP000167,0,22.0,164.0,0.522,1,105.8,0.14,0.054,0.016,0.862,-0.195,0.247,-0.013,-0.246,0.192,0.251,2.78,2.9,0,0.036
SHOP000168,0,19.0,190.0,0.317,2,75.1,0.233,0.102,0.021,0.799,-0.073,0.117,-0.084,-0.291,0.112,0.386,2.34,4.3,1,0.044
SHOP000169,1,20.0,108.0,0.556,1,53.6,0.101,0.059,0.019,0.909,-0.243,0.23,0.041,0.757,0.038,0.482,2.034,3.9,1,0.064
SHOP000170,0,29.0,67.0,0.396,0,93.9,0.316,0.086,0.03,0.91,-0.078,0.246,-0.054,1.186,0.135,0.452,2.743,5.6,1,0.022
SHOP000171,1,14.0,81.0,0.468,3,110.9,0.284,0.048,0.029,0.901,-0.053,0.2,0.13,0.659,0.113,0.449,1.753,5.6,0,0.08
SHOP000172,0,22.0,225.0,0.343,0,122.7,0.326,0.049,0.026,0.916,0.033,0.069,0.025,1.415,0.148,0.597,1.851,4.2,1,0.011
SHOP000173,0,18.0,383.0,0.512,1,52.1,0.487,0.022,0.022,0.954,0.142,0.118,0.353,1.981,0.101,0.524,2.274,6.5,1,0.03
SHOP000174,0,11.0,292.0,0.302,1,54.2,0.463,0.06,0.029,0.902,0.069,0.157,0.25,-1.991,0.071,0.404,3.134,7.4,0,0.022
SHOP000175,0,26.0,223.0,0.524,1,26.6,0.187,0.054,0.017,0.904,-0.047,0.155,-0.026,0.359,0.139,0.332,1.869,5.7,1,0.004
SHOP000176,0,11.0,32.0,0.397,3,36.9,0.148,0.18,0.052,0.92,-0.01,0.309,-0.086,-0.347,0.178,0.469,2.083,5.4,3,0.059
SHOP000177,1,23.0,80.0,0.387,0,81.5,0.114,0.011,0.03,0.966,0.15,0.285,-0.137,2.374,0.153,0.286,2.195,6.6,0,0.0
SHOP000178,0,14.0,170.0,0.068,1,94.3,0.32,0.031,0.047,0.9,-0.034,0.215,-0.113,-1.279,0.226,0.346,2.469,6.6,1,0.01
SHOP000179,1,21.0,195.0,0.385,0,145.7,0.207,0.072,0.011,0.87,0.374,0.162,0.017,-0.839,0.177,0.492,1.723,5.0,0,0.053
SHOP000180,0,26.0,32.0,0.376,2,67.7,0.346,0.103,0.035,0.916,-0.168,0.274,-0.142,-1.996,0.201,0.608,1.819,5.9,0,0.008
SHOP000181,0,25.0,272.0,0.37,2,139.9,0.404,0.08,0.036,0.9,0.189,0.263,-0.042,-1.812,0.16,0.484,1.551,6.6,0,0.009
SHOP000182,0,26.0,141.0,0.511,2,52.7,0.268,0.05,0.028,0.892,0.236,0.147,0.103,0.41,0.065,0.486,2.272,4.5,1,0.027
SHOP000183,0,15.0,173.0,0.487,1,118.6,0.317,0.105,0.042,0.834,0.208,0.326,0.073,-1.942,0.241,0.575,1.188,5.8,1,0.052
SHOP000184,1,22.0,100.0,0.535,4,77.0,0.207,0.111,0.048,0.756,-0.053,0.136,-0.189,0.35,0.227,0.512,2.535,6.0,0,0.094
SHOP000185,1,11.0,128.0,0.447,3,94.2,0.288,0.052,0.043,0.925,-0.117,0.205,-0.094,0.163,0.326,0.578,1.999,4.4,0,0.081
SHOP000186,0,25.0,73.0,0.294,5,65.3,0.251,0.138,0.039,0.849,0.004,0.226,0.065,-0.073,0.156,0.419,1.641,2.4,1,0.011
SHOP000187,0,26.0,121.0,0.311,1,118.8,0.343,0.03,0.02,0.979,0.049,0.183,-0.035,2.126,0.072,0.568,2.502,3.4,0,0.02
SHOP000188,0,4.0,236.0,0.402,1,117.4,0.611,0.042,0.039,0.894,0.124,0.165,0.147,1.031,0.083,0.415,1.91,2.3,0,0.015
SHOP000189,1,1.0,112.0,0.74,2,56.0,0.153,0.127,0.051,0.879,-0.008,0.278,-0.374,-1.565,0.162,0.287,2.004,4.1,1,0.037
SHOP000190,0,18.0,64.0,0.355,2,84.8,0.014,0.119,0.003,0.841,0.139,0.269,-0.326,-1.424,0.204,0.454,1.007,3.4,0,0.093
SHOP000191,0,16.0,43.0,0.281,1,119.1,0.264,0.05,0.039,0.826,0.103,0.094,-0.022,0.065,0.082,0.455,3.37,3.3,0,0.043
SHOP000192,0,32.0,111.0,0.588,1,116.8,0.13,0.093,0.029,0.859,0.034,0.251,-0.024,-0.437,0.135,0.428,2.936,4.5,0,0.03
SHOP000193,1,7.0,141.0,0.32,0,32.6,0.196,0.134,0.004,0.839,-0.027,0.139,0.108,-0.57,0.096,0.606,1.271,3.2,1,0.039
SHOP000194,0,28.0,204.0,0.376,2,16.7,0.184,0.054,0.0,0.916,0.361,0.202,-0.011,2.565,0.127,0.541,2.879,5.5,1,0.039
SHOP000195,0,23.0,299.0,0.317,0,67.6,0.467,0.007,0.022,0.93,0.044,0.114,0.023,0.824,0.135,0.615,2.39,4.2,1,0.019
SHOP000196,1,11.0,128.0,0.428,2,111.1,0.215,0.055,0.032,0.905,-0.03,0.223,0.097,-1.336,0.142,0.534,1.983,7.7,2,0.059
SHOP000197,1,15.0,150.0,0.346,1,50.8,0.22,0.063,0.014,0.854,0.105,0.209,-0.027,-0.204,0.218,0.45,1.766,7.1,0,0.038
SHOP000198,0,28.0,107.0,0.41,2,56.8,0.302,0.0,0.021,0.882,-0.051,0.109,0.052,1.641,0.251,0.509,1.373,2.1,2,0.091
SHOP000199,1,22.0,28.0,0.259,1,113.3,0.069,0.106,0.036,0.937,0.165,0.283,0.255,-1.487,0.123,0.29,2.574,6.7,1,0.027
SHOP000200,0,25.0,196.0,0.515,0,92.5,0.26,0.075,0.028,0.761,0.157,0.271,0.003,0.22,0.228,0.463,1.895,4.2,1,0.081
SHOP000201,0,21.0,174.0,0.491,2,99.7,0.016,0.077,0.018,0.85,0.34,0.2,0.099,-0.299,0.09,0.305,1.772,5.1,2,0.106
SHOP000202,0,18.0,271.0,0.743,1,104.9,0.142,0.074,0.03,0.903,-0.199,0.238,0.115,-0.304,0.072,0.456,1.569,5.8,0,0.029
SHOP000203,1,12.0,184.0,0.203,3,113.5,0.31,0.08,0.033,0.937,-0.115,0.24,0.038,-2.829,0.109,0.378,2.551,5.3,1,0.053
SHOP000204,0,30.0,348.0,0.444,1,48.3,0.442,0.068,0.022,1.0,0.228,0.154,0.109,1.762,0.057,0.308,2.609,5.0,1,0.02
SHOP000205,0,13.0,1.0,0.682,1,84.6,0.261,0.056,0.026,0.926,0.297,0.231,0.128,0.67,0.07,0.357,1.66,3.8,1,0.054
SHOP000206,0,22.0,229.0,0.278,1,80.7,0.249,0.075,0.038,0.907,0.199,0.141,0.039,0.671,0.184,0.6,1.973,4.2,0,0.024
SHOP000207,0,18.0,288.0,0.348,0,123.4,0.312,0.085,0.016,0.847,0.232,0.14,0.126,-0.056,0.135,0.456,2.364,6.2,1,0.012
SHOP000208,0,15.0,418.0,0.336,1,53.1,0.209,0.084,0.016,0.85,0.075,0.218,0.099,1.743,0.111,0.364,2.631,5.6,0,0.008
SHOP000209,0,12.0,110.0,0.355,0,52.9,0.211,0.025,0.023,0.992,-0.08,0.14,-0.05,0.534,0.154,0.447,2.134,3.3,1,0.036
SHOP000210,0,11.0,89.0,0.37,3,29.2,0.193,0.094,0.045,0.869,0.02,0.305,-0.191,-0.949,0.14,0.573,2.639,7.5,2,0.038
SHOP000211,0,19.0,116.0,0.37,0,47.9,0.305,0.049,0.029,0.937,0.095,0.173,0.136,3.199,0.05,0.469,2.483,3.5,1,0.002
SHOP000212,0,30.0,136.0,0.377,1,67.5,0.171,0.105,0.042,0.808,0.081,0.125,0.008,-0.187,0.214,0.392,2.336,6.0,0,0.026
SHOP000213,0,25.0,150.0,0.349,0,111.3,0.236,0.038,0.025,0.949,0.098,0.166,0.191,2.223,0.142,0.381,1.696,4.0,0,0.013
SHOP000214,0,19.0,116.0,0.506,0,85.2,0.23,0.096,0.022,0.872,0.309,0.15,0.044,-0.035,0.158,0.302,1.947,4.4,0,0.05
SHOP000215,1,22.0,35.0,0.546,1,128.5,0.35,0.098,0.03,0.887,0.061,0.286,0.045,-1.232,0.0,0.318,1.295,8.0,0,0.041
SHOP000216,0,19.0,150.0,0.415,1,108.0,0.286,0.063,0.04,0.889,-0.335,0.2,0.062,-0.359,0.243,0.394,1.763,5.9,1,0.062
SHOP000217,1,23.0,104.0,0.312,1,10.0,0.403,0.104,0.042,0.756,-0.294,0.434,-0.1,-1.623,0.179,0.029,2.388,7.0,1,0.016
SHOP000218,0,16.0,30.0,0.256,2,24.3,0.36,0.058,0.02,0.852,-0.243,0.136,0.221,0.653,0.202,0.263,2.615,4.1,1,0.037
SHOP000219,0,5.0,133.0,0.204,1,85.1,0.213,0.089,0.019,0.952,0.262,0.255,-0.19,1.194,0.119,0.349,2.458,3.1,1,0.032
SHOP000220,0,11.0,202.0,0.416,2,118.5,0.307,0.026,0.029,0.917,-0.147,0.226,0.01,0.245,0.15,0.419,1.756,5.1,1,0.01
SHOP000221,0,22.0,348.0,0.471,3,76.9,0.253,0.037,0.031,0.915,0.057,0.182,-0.081,-0.677,0.125,0.492,2.287,5.4,1,0.026
SHOP000222,0,14.0,175.0,0.218,1,90.7,0.36,0.054,0.006,0.85,-0.225,0.165,-0.041,-0.761,0.146,0.365,1.937,2.5,1,0.03
SHOP000223,0,13.0,138.0,0.378,0,77.0,0.554,0.033,0.021,0.954,0.301,0.121,0.092,2.966,0.054,0.387,1.713,4.0,1,0.017
SHOP000224,1,10.0,140.0,0.538,0,84.7,0.215,0.111,0.044,0.82,0.235,0.132,-0.03,-0.942,0.261,0.674,1.818,8.2,0,0.037
SHOP000225,0,17.0,118.0,0.578,0,81.2,0.3,0.069,0.033,0.878,-0.184,0.093,-0.028,0.776,0.228,0.48,2.851,6.0,0,0.046
SHOP000226,1,10.0,81.0,0.139,0,117.5,0.227,0.167,0.037,0.724,0.032,0.457,-0.227,-1.719,0.263,0.448,2.419,0.0,2,0.059
SHOP000227,1,25.0,1.0,0.669,3,90.4,0.171,0.074,0.0,0.862,-0.088,0.406,0.047,-5.06,0.182,0.781,1.871,11.0,0,0.047
SHOP000228,0,11.0,189.0,0.529,1,95.8,0.223,0.07,0.032,0.929,0.412,0.196,0.095,1.316,0.134,0.518,2.014,5.0,1,0.035
SHOP000229,1,20.0,160.0,0.431,1,103.1,0.437,0.043,0.017,0.988,0.3,0.231,0.037,0.086,0.214,0.407,2.101,0.7,1,0.018
SHOP000230,0,9.0,225.0,0.474,1,155.3,0.383,0.046,0.033,0.888,0.254,0.177,0.007,2.771,0.206,0.386,2.396,4.2,0,0.011
SHOP000231,0,32.0,226.0,0.452,1,123.7,0.278,0.085,0.048,1.0,0.314,0.22,-0.024,0.45,0.152,0.416,2.14,6.9,1,0.045
SHOP000232,1,10.0,216.0,0.432,1,64.5,0.276,0.102,0.007,0.866,-0.04,0.236,0.099,-0.806,0.076,0.358,2.157,6.6,0,0.035
SHOP000233,0,22.0,1.0,0.29,0,78.7,0.172,0.102,0.029,0.901,-0.241,0.357,-0.041,-1.876,0.116,0.463,1.51,3.1,1,0.079
SHOP000234,0,21.0,332.0,0.373,1,133.4,0.294,0.091,0.041,1.0,0.286,0.08,0.13,0.779,0.04,0.222,1.922,1.3,1,0.038
SHOP000235,0,15.0,172.0,0.513,2,67.7,0.169,0.06,0.003,0.933,-0.083,0.311,0.176,0.724,0.037,0.387,2.774,6.0,0,0.0
SHOP000236,0,31.0,205.0,0.225,1,98.3,0.468,0.027,0.004,0.916,0.348,0.121,0.005,2.477,0.112,0.27,1.546,4.9,0,0.0
SHOP000237,0,20.0,74.0,0.416,2,75.1,0.377,0.062,0.028,0.924,0.197,0.283,-0.183,0.528,0.067,0.405,2.164,6.1,0,0.0
SHOP000238,0,24.0,1.0,0.352,1,68.2,0.135,0.103,0.022,0.932,0.156,0.206,-0.093,3.181,0.144,0.236,2.456,3.7,0,0.013
SHOP000239,1,7.0,168.0,0.369,0,149.0,0.314,0.071,0.015,0.938,0.05,0.195,-0.198,-0.587,0.149,0.561,1.207,3.4,2,0.032
SHOP000240,1,19.0,142.0,0.296,0,74.2,0.362,0.072,0.031,0.965,-0.01,0.104,-0.015,1.023,0.078,0.162,1.945,6.4,0,0.033
SHOP000241,0,31.0,273.0,0.524,0,55.3,0.259,0.035,0.057,0.828,-0.205,0.11,0.077,0.851,0.283,0.503,1.791,6.3,0,0.066
SHOP000242,0,35.0,126.0,0.288,1,65.2,0.3,0.034,0.017,0.92,0.055,0.263,-0.012,-0.234,0.095,0.651,1.949,0.9,1,0.055
SHOP000243,0,2.0,144.0,0.236,0,119.2,0.345,0.019,0.018,0.92,0.087,0.162,0.053,1.297,0.152,0.333,2.342,1.7,0,0.006
SHOP000244,1,16.0,116.0,0.328,2,93.8,0.191,0.094,0.046,0.905,-0.29,0.27,0.042,0.582,0.088,0.367,1.699,4.8,1,0.048
SHOP000245,0,9.0,162.0,0.346,2,80.6,0.375,0.016,0.026,0.903,0.074,0.149,0.156,0.867,0.106,0.329,3.428,2.7,0,0.026
SHOP000246,0,31.0,159.0,0.412,1,126.8,0.357,0.071,0.026,0.932,0.137,0.085,-0.006,1.189,0.174,0.228,2.375,4.3,0,0.036
SHOP000247,1,18.0,93.0,0.392,1,99.9,0.195,0.046,0.035,0.878,0.166,0.043,0.086,0.721,0.192,0.645,1.804,5.4,0,0.06
SHOP000248,1,11.0,160.0,0.282,2,43.5,0.0,0.153,0.02,0.858,-0.102,0.315,-0.174,-2.276,0.26,0.422,1.231,4.2,0,0.08
SHOP000249,0,18.0,37.0,0.557,0,29.4,0.331,0.041,0.03,0.871,0.199,0.304,0.024,2.044,0.062,0.345,2.851,6.0,1,0.017
SHOP000250,0,13.0,147.0,0.38,0,85.7,0.33,0.027,0.017,0.919,-0.072,0.257,-0.051,-1.813,0.153,0.303,1.978,5.0,1,0.02
SHOP000251,0,23.0,1.0,0.447,1,109.8,0.379,0.109,0.017,0.909,-0.0,0.075,-0.032,-1.685,0.239,0.469,3.106,7.4,1,0.041
SHOP000252,0,1.0,148.0,0.138,2,166.3,0.15,0.081,0.059,0.912,0.239,0.352,0.013,0.539,0.257,0.302,2.299,8.1,0,0.036
SHOP000253,0,19.0,232.0,0.157,0,186.6,0.488,0.036,0.029,0.895,-0.05,0.184,0.158,1.454,0.083,0.494,2.268,5.1,0,0.01
SHOP000254,0,17.0,263.0,0.336,0,73.9,0.308,0.061,0.049,0.823,0.275,0.125,0.034,0.589,0.17,0.447,2.562,6.1,2,0.003
SHOP000255,0,22.0,190.0,0.54,2,62.1,0.28,0.0,0.026,0.658,-0.135,0.206,-0.006,1.951,0.204,0.417,2.56,7.4,1,0.051
SHOP000256,1,25.0,54.0,0.408,3,50.5,0.281,0.082,0.062,0.872,-0.121,0.125,-0.014,-0.427,0.096,0.465,1.966,6.5,0,0.054
SHOP000257,0,13.0,128.0,0.217,1,18.3,0.314,0.024,0.008,0.824,-0.092,0.197,-0.094,0.001,0.184,0.332,2.196,5.3,2,0.028
SHOP000258,0,24.0,211.0,0.374,4,60.8,0.383,0.043,0.012,0.881,0.221,0.202,0.078,-0.069,0.161,0.438,2.318,0.0,0,0.034
SHOP000259,0,17.0,388.0,0.262,1,128.2,0.416,0.068,0.019,0.926,0.294,0.026,0.222,1.196,0.063,0.462,1.843,4.1,1,0.022
SHOP000260,0,29.0,364.0,0.389,2,92.1,0.339,0.084,0.009,0.898,0.273,0.172,-0.031,1.487,0.166,0.532,2.825,8.2,0,0.022
SHOP000261,0,15.0,29.0,0.377,0,86.2,0.172,0.08,0.024,0.827,0.024,0.08,-0.007,-0.762,0.128,0.471,2.744,6.1,0,0.0
SHOP000262,0,22.0,1.0,0.435,1,150.8,0.149,0.128,0.009,0.82,-0.279,0.15,-0.012,-0.618,0.225,0.476,2.283,9.6,0,0.024
SHOP000263,0,22.0,102.0,0.302,1,137.8,0.143,0.096,0.004,0.946,-0.217,0.129,0.04,0.936,0.21,0.37,2.11,4.8,0,0.0
SHOP000264,0,4.0,86.0,0.713,2,101.5,0.303,0.086,0.034,0.751,0.14,0.271,0.008,-0.98,0.069,0.631,1.434,5.1,1,0.069
SHOP000265,0,20.0,142.0,0.577,1,64.7,0.266,0.127,0.003,0.947,-0.092,0.21,0.137,-2.163,0.148,0.452,1.975,8.7,2,0.062
SHOP000266,1,20.0,81.0,0.504,2,83.5,0.253,0.055,0.039,0.807,-0.148,0.152,-0.116,0.426,0.161,0.47,2.846,9.5,2,0.056
SHOP000267,0,15.0,186.0,0.406,2,40.6,0.204,0.075,0.029,0.787,-0.116,0.158,0.116,-2.193,0.158,0.589,2.177,7.9,1,0.036
SHOP000268,0,20.0,84.0,0.287,2,124.3,0.228,0.106,0.02,0.884,0.024,0.187,0.101,0.337,0.188,0.342,2.072,6.2,3,0.029
SHOP000269,0,25.0,160.0,0.481,0,86.2,0.203,0.102,0.017,0.862,0.052,0.096,0.085,0.634,0.213,0.355,1.818,7.8,0,0.043
SHOP000270,0,22.0,217.0,0.451,0,89.7,0.035,0.026,0.021,0.845,-0.091,0.073,0.143,1.251,0.045,0.509,1.733,4.2,1,0.033
SHOP000271,0,8.0,116.0,0.0,2,85.9,0.076,0.092,0.018,0.818,-0.105,0.237,0.063,1.218,0.174,0.546,2.261,4.4,0,0.047
SHOP000272,0,26.0,97.0,0.382,1,10.0,0.276,0.021,0.031,0.86,0.082,0.104,-0.045,0.621,0.12,0.475,1.325,3.1,0,0.052
SHOP000273,1,9.0,143.0,0.353,2,134.2,0.143,0.083,0.045,0.904,-0.387,0.303,-0.185,-0.624,0.119,0.5,1.89,3.6,0,0.083
SHOP000274,0,22.0,168.0,0.528,3,69.5,0.2,0.135,0.035,0.837,0.002,0.237,0.125,0.279,0.105,0.438,1.624,3.1,1,0.021
SHOP000275,1,17.0,168.0,0.357,2,44.3,0.208,0.098,0.022,0.851,-0.196,0.26,0.142,-0.52,0.171,0.439,2.681,5.8,2,0.017
SHOP000276,0,18.0,94.0,0.346,1,62.7,0.328,0.1,0.022,0.991,-0.048,0.318,0.101,0.209,0.161,0.366,2.321,6.1,0,0.023
SHOP000277,0,17.0,147.0,0.223,1,108.5,0.531,0.039,0.037,0.959,-0.151,0.144,0.072,0.932,0.217,0.214,2.985,2.5,1,0.033
SHOP000278,1,13.0,323.0,0.52,1,39.8,0.357,0.091,0.027,0.916,-0.247,0.343,0.024,0.903,0.088,0.304,2.16,1.1,0,0.021
SHOP000279,0,19.0,23.0,0.528,1,74.6,0.166,0.071,0.032,0.858,-0.408,0.074,-0.036,-0.683,0.178,0.745,2.463,7.7,0,0.045
SHOP000280,0,3.0,64.0,0.214,1,52.7,0.301,0.101,0.025,0.866,0.172,0.357,-0.2,0.288,0.235,0.55,2.034,6.0,0,0.082
SHOP000281,0,14.0,142.0,0.216,1,98.5,0.441,0.003,0.027,0.992,0.121,0.199,0.314,3.966,0.088,0.283,2.901,3.8,0,0.021
SHOP000282,0,7.0,141.0,0.596,2,70.9,0.217,0.045,0.037,0.879,-0.139,0.204,-0.233,0.221,0.186,0.711,1.441,7.7,2,0.0
SHOP000283,0,16.0,160.0,0.521,3,39.9,0.031,0.187,0.033,0.907,-0.026,0.207,0.243,2.041,0.197,0.561,3.03,4.7,0,0.062
SHOP000284,0,25.0,97.0,0.356,2,124.2,0.328,0.013,0.024,0.957,0.171,0.136,-0.085,1.581,0.144,0.289,1.659,2.4,0,0.004
SHOP000285,0,25.0,128.0,0.233,0,89.5,0.323,0.054,0.012,0.921,0.082,0.124,0.178,2.55,0.075,0.183,2.977,5.5,0,0.043
SHOP000286,0,12.0,144.0,0.691,0,33.6,0.258,0.096,0.036,0.79,-0.063,0.328,0.144,0.764,0.151,0.436,1.383,3.2,1,0.055
SHOP000287,0,23.0,361.0,0.281,0,95.2,0.235,0.079,0.038,0.824,0.099,0.225,-0.182,-2.519,0.118,0.476,2.466,4.0,0,0.046
SHOP000288,0,13.0,195.0,0.35,1,86.3,0.446,0.05,0.046,0.826,0.029,0.057,0.005,0.346,0.167,0.28,2.566,5.0,1,0.033
SHOP000289,0,21.0,216.0,0.23,1,81.1,0.162,0.011,0.025,0.886,0.149,0.17,0.169,-0.968,0.131,0.532,2.389,4.5,0,0.031
SHOP000290,0,22.0,161.0,0.479,2,92.2,0.356,0.041,0.059,0.768,-0.071,0.288,0.07,-0.179,0.097,0.446,2.821,7.7,1,0.028
SHOP000291,0,9.0,321.0,0.467,0,70.1,0.314,0.047,0.022,0.834,0.078,0.159,-0.013,0.227,0.179,0.212,1.706,2.9,0,0.038
SHOP000292,1,16.0,181.0,0.572,1,70.8,0.035,0.076,0.003,0.915,-0.099,0.144,-0.058,-0.988,0.201,0.482,1.598,7.0,1,0.025
SHOP000293,0,26.0,220.0,0.22,0,58.6,0.362,0.014,0.018,1.0,-0.117,0.166,0.126,2.707,0.08,0.398,2.315,1.5,0,0.033
SHOP000294,0,21.0,92.0,0.311,1,35.4,0.445,0.086,0.028,0.911,-0.183,0.221,-0.074,2.263,0.216,0.396,2.08,4.1,0,0.021
SHOP000295,0,15.0,38.0,0.547,3,78.3,0.224,0.076,0.03,0.854,0.094,0.259,0.111,0.697,0.179,0.489,1.599,5.9,0,0.027
SHOP000296,0,17.0,69.0,0.3,0,113.4,0.39,0.086,0.039,0.789,0.023,0.164,-0.129,0.064,0.051,0.534,2.065,2.6,1,0.02
SHOP000297,0,7.0,180.0,0.338,2,118.1,0.304,0.036,0.012,0.971,-0.051,0.027,0.09,0.087,0.161,0.43,1.772,2.0,0,0.036
SHOP000298,0,20.0,132.0,0.357,1,139.7,0.353,0.056,0.008,0.9,0.036,0.101,0.079,0.053,0.127,0.253,2.981,2.7,1,0.021
SHOP000299,1,16.0,64.0,0.657,0,41.3,0.047,0.048,0.023,0.829,-0.378,0.157,-0.204,-0.457,0.215,0.383,2.145,5.7,1,0.029
SHOP000300,1,4.0,119.0,0.606,4,100.7,0.353,0.129,0.036,0.877,-0.226,0.18,-0.106,-1.42,0.194,0.536,2.054,4.9,2,0.049
SHOP000301,0,17.0,191.0,0.492,1,93.2,0.386,0.024,0.0,0.97,0.318,0.091,0.004,1.868,0.118,0.312,2.747,4.3,0,0.018
SHOP000302,0,17.0,80.0,0.525,0,62.0,0.068,0.142,0.031,0.869,0.196,0.222,0.072,1.046,0.211,0.498,1.82,5.2,0,0.033
SHOP000303,0,29.0,87.0,0.164,2,51.9,0.326,0.058,0.015,0.932,0.165,0.176,0.027,-0.353,0.058,0.553,1.514,6.6,0,0.044
SHOP000304,0,30.0,111.0,0.458,1,58.8,0.531,0.106,0.036,0.926,-0.014,0.174,-0.004,1.108,0.118,0.384,2.05,5.8,1,0.021
SHOP000305,0,24.0,70.0,0.618,1,71.4,0.372,0.0,0.035,0.866,0.219,0.122,0.166,-0.014,0.138,0.356,2.792,6.8,0,0.026
SHOP000306,1,18.0,86.0,0.436,2,46.6,0.291,0.033,0.023,0.907,-0.003,0.174,0.122,-0.045,0.149,0.164,2.241,4.8,0,0.054
SHOP000307,1,14.0,90.0,0.231,3,65.0,0.328,0.127,0.036,0.766,0.136,0.215,0.093,-1.056,0.312,0.586,2.362,7.1,2,0.08
SHOP000308,1,24.0,206.0,0.343,0,114.5,0.167,0.064,0.027,0.928,0.032,0.079,-0.035,-0.294,0.237,0.626,1.87,5.2,2,0.02
SHOP000309,1,19.0,94.0,0.517,3,110.5,0.165,0.057,0.06,0.812,-0.296,0.258,0.185,-1.12,0.166,0.469,0.996,3.3,1,0.062
SHOP000310,0,14.0,11.0,0.382,4,43.6,0.31,0.073,0.018,0.92,0.061,0.317,0.081,-2.607,0.217,0.643,1.876,5.0,2,0.015
SHOP000311,1,19.0,192.0,0.234,1,63.7,0.285,0.072,0.02,0.887,-0.228,0.094,-0.092,0.228,0.25,0.297,2.251,9.5,1,0.044
SHOP000312,1,10.0,222.0,0.25,0,49.7,0.238,0.114,0.025,0.915,-0.033,0.156,-0.221,0.14,0.179,0.682,1.145,8.7,2,0.062
SHOP000313,0,27.0,162.0,0.459,3,95.9,0.248,0.008,0.039,0.958,0.16,0.195,-0.038,0.461,0.208,0.579,2.398,4.6,3,0.029
SHOP000314,1,7.0,88.0,0.543,2,85.6,0.173,0.156,0.015,0.863,-0.2,0.162,-0.129,-1.896,0.194,0.352,2.875,7.5,2,0.05
SHOP000315,0,24.0,99.0,0.183,0,65.7,0.224,0.066,0.034,0.891,-0.031,0.256,0.209,1.072,0.054,0.321,2.318,2.0,0,0.053
SHOP000316,1,24.0,74.0,0.446,0,103.6,0.277,0.082,0.019,0.829,-0.151,0.121,-0.016,-0.093,0.21,0.513,2.293,4.2,0,0.05
SHOP000317,0,32.0,61.0,0.369,1,123.9,0.265,0.032,0.01,0.851,0.273,0.131,0.172,1.343,0.054,0.671,2.144,4.7,1,0.043
SHOP000318,0,12.0,148.0,0.759,1,106.9,0.22,0.091,0.049,0.818,0.073,0.207,0.022,0.038,0.195,0.371,1.552,5.2,1,0.037
SHOP000319,0,23.0,274.0,0.527,3,91.4,0.349,0.049,0.035,0.962,0.101,0.194,0.103,0.302,0.084,0.443,2.385,6.5,1,0.018
SHOP000320,1,25.0,205.0,0.694,3,53.9,0.254,0.124,0.016,0.883,0.181,0.126,0.084,-0.537,0.14,0.393,1.671,7.5,1,0.039
SHOP000321,1,27.0,128.0,0.519,2,80.2,0.298,0.065,0.018,0.852,0.041,0.159,0.008,-0.327,0.127,0.209,1.961,6.6,1,0.054
SHOP000322,1,25.0,66.0,0.569,1,109.7,0.061,0.12,0.054,0.877,0.176,0.257,0.003,-0.368,0.195,0.935,1.891,7.3,1,0.028
SHOP000323,1,12.0,211.0,0.479,2,94.8,0.129,0.06,0.019,0.852,-0.153,0.21,0.205,-1.514,0.148,0.447,2.229,7.0,2,0.031
SHOP000324,0,24.0,128.0,0.769,0,94.3,0.134,0.108,0.016,0.827,0.276,0.25,-0.162,-0.763,0.135,0.594,1.106,2.1,5,0.028
SHOP000325,0,21.0,56.0,0.558,0,43.6,0.241,0.089,0.022,0.786,-0.138,0.32,0.189,1.1,0.343,0.633,2.09,4.5,0,0.0
SHOP000326,0,19.0,80.0,0.403,1,143.4,0.196,0.056,0.027,0.881,0.413,0.125,0.079,0.503,0.164,0.205,2.262,4.5,0,0.031
SHOP000327,0,18.0,205.0,0.523,1,104.1,0.259,0.079,0.011,0.917,0.102,0.214,0.109,-1.045,0.08,0.348,1.037,8.6,1,0.056
SHOP000328,0,12.0,277.0,0.357,1,75.0,0.493,0.022,0.028,0.925,0.112,0.14,0.207,0.054,0.171,0.499,3.095,4.6,0,0.044
SHOP000329,0,24.0,206.0,0.288,1,42.9,0.286,0.077,0.032,0.928,-0.052,0.213,-0.071,0.047,0.055,0.516,2.461,1.7,0,0.043
SHOP000330,0,14.0,144.0,0.345,0,37.2,0.331,0.096,0.029,0.76,-0.335,0.247,-0.111,1.898,0.061,0.661,1.98,3.5,0,0.014
SHOP000331,0,10.0,175.0,0.464,2,42.8,0.271,0.112,0.017,0.811,0.054,0.208,-0.203,2.537,0.141,0.466,2.648,4.2,1,0.018
SHOP000332,0,21.0,186.0,0.408,1,73.7,0.275,0.062,0.03,0.899,0.367,0.141,0.059,-0.013,0.137,0.535,1.981,4.8,0,0.049
SHOP000333,0,24.0,83.0,0.182,2,46.7,0.274,0.047,0.04,0.991,0.173,0.174,0.225,-0.911,0.022,0.587,2.421,6.9,1,0.015
SHOP000334,0,23.0,63.0,0.548,1,75.7,0.261,0.066,0.045,0.846,-0.34,0.126,-0.125,-0.073,0.19,0.386,2.524,2.4,1,0.048
SHOP000335,0,15.0,178.0,0.221,0,108.7,0.291,0.033,0.02,0.959,0.421,0.19,0.024,-0.071,0.108,0.411,2.986,4.8,0,0.016
SHOP000336,0,23.0,216.0,0.295,0,69.9,0.256,0.047,0.028,0.927,-0.111,0.129,0.158,-0.386,0.162,0.334,1.737,4.5,1,0.051
SHOP000337,0,10.0,141.0,0.38,2,85.4,0.306,0.11,0.049,0.84,0.041,0.232,0.063,0.723,0.143,0.373,1.718,3.0,0,0.0
SHOP000338,1,5.0,140.0,0.362,2,144.1,0.356,0.145,0.04,0.941,-0.166,0.281,-0.031,-3.203,0.155,0.657,2.388,6.1,0,0.04
SHOP000339,0,16.0,183.0,0.541,0,119.0,0.111,0.111,0.03,0.818,0.126,0.229,-0.134,1.334,0.21,0.491,2.262,3.4,3,0.0
SHOP000340,0,26.0,264.0,0.296,1,174.9,0.557,0.012,0.021,0.929,0.213,0.11,0.178,0.638,0.075,0.374,2.166,1.4,1,0.0
SHOP000341,0,18.0,184.0,0.718,4,204.0,0.406,0.065,0.043,0.85,0.009,0.159,-0.132,0.923,0.147,0.605,1.168,4.4,1,0.07
SHOP000342,0,19.0,42.0,0.423,0,91.5,0.451,0.042,0.026,0.836,-0.048,0.276,0.096,-1.595,0.177,0.687,2.151,7.8,0,0.007
SHOP000343,0,17.0,103.0,0.305,3,35.7,0.143,0.094,0.036,0.903,0.095,0.24,-0.185,0.441,0.143,0.49,1.763,8.7,1,0.042
SHOP000344,1,3.0,129.0,0.261,1,43.1,0.072,0.118,0.024,0.874,0.018,0.226,-0.054,-1.091,0.075,0.579,1.165,6.8,1,0.05
SHOP000345,0,51.0,72.0,0.369,1,145.3,0.466,0.023,0.024,0.892,-0.044,0.114,-0.013,2.546,0.123,0.362,2.438,4.7,0,0.021
SHOP000346,0,15.0,78.0,0.345,1,75.0,0.06,0.073,0.024,0.894,0.181,0.067,0.267,0.006,0.155,0.472,2.4,6.4,2,0.043
SHOP000347,0,23.0,160.0,0.542,1,53.2,0.252,0.012,0.03,0.853,0.194,0.195,-0.048,-0.085,0.142,0.515,2.006,2.9,4,0.005
SHOP000348,0,24.0,8.0,0.39,0,47.8,0.276,0.054,0.021,1.0,-0.167,0.136,0.244,2.829,0.094,0.416,2.599,6.8,1,0.019
SHOP000349,0,9.0,105.0,0.988,0,120.0,0.293,0.099,0.032,0.844,0.106,0.311,0.012,-2.609,0.069,0.577,1.921,4.4,0,0.086
SHOP000350,0,20.0,190.0,0.473,1,59.8,0.048,0.092,0.056,0.915,0.129,0.188,-0.106,-0.8,0.04,0.543,1.515,4.5,0,0.047
SHOP000351,1,19.0,66.0,0.312,3,106.1,0.289,0.149,0.03,0.915,0.255,0.215,0.114,-0.873,0.218,0.473,2.408,7.4,0,0.048
SHOP000352,0,19.0,57.0,0.273,1,87.9,0.443,0.026,0.014,0.781,-0.006,0.151,0.151,2.34,0.138,0.531,2.109,4.0,0,0.047
SHOP000353,0,18.0,94.0,0.469,2,63.5,0.403,0.089,0.03,0.753,-0.128,0.378,-0.079,1.559,0.135,0.671,1.106,7.0,0,0.062
SHOP000354,1,21.0,67.0,0.333,0,124.3,0.223,0.043,0.033,0.886,-0.207,0.206,0.161,-1.553,0.113,0.65,1.351,6.9,0,0.061
SHOP000355,0,15.0,157.0,0.352,2,48.5,0.286,0.017,0.037,0.828,-0.162,0.297,0.017,0.326,0.195,0.335,1.893,6.9,1,0.034
SHOP000356,1,15.0,167.0,0.561,2,43.8,0.151,0.038,0.035,0.831,-0.24,0.163,0.2,-0.934,0.199,0.379,1.611,8.0,1,0.043
SHOP000357,1,16.0,143.0,0.547,2,100.7,0.26,0.069,0.055,0.859,0.244,0.283,-0.034,2.288,0.139,0.612,1.711,5.3,1,0.05
SHOP000358,0,25.0,206.0,0.382,1,90.2,0.388,0.028,0.021,1.0,0.185,0.064,0.127,-0.685,0.117,0.285,2.421,3.6,1,0.037
SHOP000359,0,1.0,1.0,0.503,1,148.8,0.377,0.111,0.023,0.963,-0.105,0.286,-0.023,0.584,0.055,0.296,2.179,5.8,1,0.036
SHOP000360,0,21.0,109.0,0.481,0,145.3,0.202,0.082,0.028,0.857,0.083,0.133,0.076,-0.562,0.213,0.406,1.601,5.8,0,0.029
SHOP000361,1,24.0,278.0,0.467,1,147.5,0.159,0.115,0.032,0.88,-0.08,0.231,-0.037,-2.491,0.098,0.449,1.856,4.5,2,0.029
SHOP000362,0,9.0,271.0,0.475,3,95.2,0.384,0.116,0.007,0.82,-0.004,0.218,0.034,0.253,0.009,0.498,2.098,5.6,1,0.069
SHOP000363,0,34.0,108.0,0.483,0,41.3,0.298,0.058,0.015,0.888,0.07,0.19,-0.002,-1.018,0.022,0.335,1.984,3.5,1,0.043
SHOP000364,0,20.0,53.0,0.354,2,66.8,0.195,0.042,0.013,0.908,0.057,0.205,-0.154,-1.503,0.149,0.537,2.007,5.2,1,0.042
SHOP000365,1,6.0,110.0,0.654,3,95.3,0.321,0.143,0.07,0.797,0.08,0.137,0.209,-0.339,0.22,0.358,1.874,3.4,1,0.099
SHOP000366,0,13.0,149.0,0.504,1,63.0,0.433,0.088,0.046,0.907,-0.047,0.229,-0.013,1.699,0.119,0.527,2.41,5.6,1,0.06
SHOP000367,0,3.0,204.0,0.559,0,144.1,0.182,0.06,0.023,0.937,-0.086,0.109,0.043,1.644,0.111,0.464,1.492,4.9,0,0.054
SHOP000368,0,11.0,103.0,0.403,0,82.1,0.21,0.086,0.037,0.839,0.04,0.185,0.145,-0.335,0.229,0.632,1.578,4.2,1,0.056
SHOP000369,0,27.0,73.0,0.564,1,63.9,0.501,0.061,0.018,0.811,0.097,0.24,-0.071,1.276,0.247,0.555,2.396,4.9,0,0.081
SHOP000370,0,20.0,118.0,0.439,0,66.0,0.208,0.087,0.024,0.988,-0.092,0.249,0.062,-0.386,0.148,0.394,2.622,2.5,0,0.04
SHOP000371,1,20.0,232.0,0.48,0,92.3,0.184,0.108,0.018,0.849,0.033,0.281,0.084,-0.571,0.154,0.556,0.86,5.8,1,0.012
SHOP000372,0,21.0,89.0,0.371,1,27.5,0.25,0.083,0.022,0.734,-0.092,0.133,-0.131,-1.148,0.251,0.395,3.302,5.5,3,0.061
SHOP000373,1,21.0,82.0,0.423,2,58.9,0.338,0.016,0.032,0.853,-0.104,0.218,-0.106,0.951,0.139,0.661,2.436,5.6,1,0.063
SHOP000374,0,17.0,1.0,0.578,1,54.9,0.246,0.059,0.043,0.882,-0.121,0.112,0.136,-0.004,0.15,0.422,2.175,5.6,2,0.076
SHOP000375,1,21.0,64.0,0.581,1,93.7,0.017,0.073,0.016,0.716,-0.804,0.312,-0.06,0.387,0.167,0.663,1.74,5.9,1,0.057
SHOP000376,0,23.0,82.0,0.364,0,95.2,0.258,0.059,0.021,0.808,0.209,0.182,-0.035,-2.345,0.093,0.402,1.924,3.4,1,0.008
SHOP000377,0,45.0,221.0,0.446,1,108.5,0.396,0.082,0.01,0.905,0.216,0.223,-0.014,2.648,0.137,0.299,2.66,4.7,0,0.0
SHOP000378,0,7.0,102.0,0.694,1,156.5,0.36,0.141,0.05,0.821,-0.301,0.267,-0.11,-1.089,0.196,0.527,2.404,7.7,1,0.016
SHOP000379,0,19.0,104.0,0.556,1,102.5,0.404,0.063,0.0,0.936,0.338,0.368,-0.012,2.029,0.024,0.495,1.76,6.8,2,0.038
SHOP000380,0,20.0,155.0,0.412,2,104.1,0.233,0.018,0.055,0.843,-0.016,0.07,0.077,-2.118,0.074,0.366,1.906,4.5,1,0.052
SHOP000381,1,7.0,147.0,0.628,1,183.2,0.147,0.0,0.033,0.756,-0.426,0.378,0.243,-1.109,0.353,0.599,1.341,3.9,1,0.048
SHOP000382,0,32.0,314.0,0.387,0,126.0,0.443,0.024,0.0,0.881,0.378,0.159,0.104,1.791,0.117,0.287,2.391,4.8,0,0.011
SHOP000383,1,30.0,294.0,0.467,0,68.1,0.35,0.039,0.006,0.867,0.152,0.158,0.246,0.635,0.112,0.309,2.298,4.5,1,0.015
SHOP000384,0,27.0,190.0,0.206,1,85.8,0.071,0.057,0.016,0.977,-0.027,0.117,-0.08,2.752,0.203,0.317,3.238,5.1,0,0.023
SHOP000385,1,20.0,100.0,0.215,2,46.7,0.425,0.082,0.04,0.977,0.289,0.357,0.03,1.661,0.103,0.431,1.96,4.9,1,0.044
SHOP000386,1,23.0,135.0,0.189,2,84.2,0.194,0.113,0.027,0.838,0.182,0.3,-0.077,0.1,0.199,0.392,1.618,5.4,0,0.008
SHOP000387,0,24.0,218.0,0.567,1,32.8,0.343,0.109,0.058,0.862,-0.269,0.19,-0.13,-0.859,0.174,0.427,2.23,4.7,1,0.044
SHOP000388,1,16.0,126.0,0.319,2,45.9,0.402,0.065,0.036,0.963,-0.073,0.064,0.112,0.734,0.079,0.565,2.247,5.7,0,0.006
SHOP000389,0,17.0,104.0,0.347,0,125.3,0.41,0.018,0.015,0.959,-0.128,0.028,0.318,0.826,0.141,0.43,2.293,4.1,1,0.002
SHOP000390,0,12.0,134.0,0.205,1,80.3,0.268,0.044,0.021,0.928,0.009,0.127,0.084,0.489,0.06,0.347,3.054,5.7,0,0.024
SHOP000391,0,19.0,134.0,0.289,3,125.2,0.182,0.053,0.026,0.924,0.184,0.209,0.049,-0.668,0.099,0.437,2.511,5.5,1,0.017
SHOP000392,0,14.0,179.0,0.227,0,78.6,0.202,0.128,0.006,0.958,-0.035,0.259,-0.05,-0.422,0.154,0.434,1.659,4.6,1,0.0
SHOP000393,1,16.0,218.0,0.624,0,88.7,0.276,0.165,0.03,0.895,-0.241,0.027,0.078,-0.653,0.177,0.62,1.732,7.2,0,0.052
SHOP000394,1,11.0,248.0,0.54,1,39.5,0.347,0.035,0.056,0.741,0.181,0.208,0.142,-0.321,0.157,0.408,1.647,4.3,0,0.067
SHOP000395,0,18.0,261.0,0.534,2,39.9,0.335,0.114,0.023,0.832,-0.083,0.243,-0.057,-0.46,0.127,0.434,2.181,4.5,1,0.043
SHOP000396,0,31.0,105.0,0.514,1,41.3,0.297,0.02,0.022,0.837,-0.109,0.307,0.331,0.278,0.208,0.586,1.683,7.0,1,0.054
SHOP000397,0,30.0,215.0,0.244,1,58.5,0.219,0.09,0.034,0.874,-0.034,0.223,0.081,1.133,0.122,0.398,1.78,7.1,0,0.0
SHOP000398,1,22.0,96.0,0.415,5,153.9,0.173,0.062,0.055,0.833,-0.051,0.223,0.076,-3.279,0.224,0.517,1.326,5.3,1,0.066
SHOP000399,0,28.0,220.0,0.268,2,98.5,0.389,0.044,0.025,0.858,0.271,0.118,0.143,-0.865,0.138,0.441,2.128,5.2,0,0.041
SHOP000400,0,19.0,133.0,0.231,1,99.0,0.402,0.103,0.023,0.952,0.179,0.186,0.045,-0.938,0.211,0.374,2.142,2.6,1,0.002
SHOP000401,0,24.0,184.0,0.246,1,58.4,0.208,0.076,0.032,0.904,0.106,0.27,0.023,-0.369,0.172,0.153,2.42,5.6,0,0.0
SHOP000402,0,21.0,59.0,0.4,3,36.9,0.124,0.096,0.037,0.823,-0.303,0.219,0.021,-1.38,0.152,0.658,2.829,2.3,1,0.04
SHOP000403,0,20.0,127.0,0.286,3,130.3,0.392,0.054,0.03,1.0,0.041,0.064,0.028,1.999,0.173,0.776,2.184,4.2,1,0.063
SHOP000404,0,19.0,209.0,0.426,2,78.4,0.208,0.075,0.025,0.853,0.023,0.33,-0.082,0.472,0.159,0.51,2.229,6.4,1,0.046
SHOP000405,0,13.0,97.0,0.575,2,88.9,0.398,0.072,0.015,0.969,-0.059,0.084,0.221,0.784,0.196,0.436,2.185,7.5,0,0.005
SHOP000406,1,19.0,282.0,0.493,0,126.3,0.191,0.088,0.007,0.756,0.275,0.178,0.105,2.193,0.191,0.286,1.683,5.5,1,0.026
SHOP000407,1,1.0,118.0,0.574,1,82.4,0.252,0.071,0.03,0.75,-0.028,0.021,0.128,-3.222,0.033,0.454,2.067,3.4,0,0.064
SHOP000408,0,27.0,136.0,0.33,2,88.4,0.441,0.006,0.004,0.906,0.35,0.228,0.259,-0.675,0.045,0.46,2.898,2.8,1,0.0
SHOP000409,0,11.0,227.0,0.428,0,75.9,0.343,0.049,0.011,0.919,0.234,0.012,0.124,-0.473,0.095,0.504,2.631,5.2,1,0.024
SHOP000410,0,28.0,29.0,0.219,2,78.8,0.471,0.034,0.0,0.915,0.113,0.135,0.173,1.303,0.064,0.359,1.903,3.3,0,0.003
SHOP000411,0,29.0,115.0,0.22,1,117.4,0.666,0.066,0.02,0.911,0.416,0.257,0.14,0.304,0.08,0.435,2.736,5.6,0,0.006
SHOP000412,0,13.0,459.0,0.287,1,62.2,0.39,0.031,0.016,0.93,0.068,0.076,0.165,-0.958,0.072,0.271,1.683,6.6,1,0.033
SHOP000413,1,9.0,108.0,0.637,1,112.4,0.173,0.026,0.05,0.903,-0.237,0.135,-0.062,1.398,0.325,0.559,1.947,3.4,0,0.019
SHOP000414,0,26.0,91.0,0.424,1,100.1,0.378,0.039,0.042,0.934,-0.268,0.257,-0.149,-0.979,0.173,0.443,2.047,5.6,0,0.038
SHOP000415,0,7.0,248.0,0.578,1,96.5,0.368,0.018,0.041,0.811,-0.037,0.222,0.01,-1.632,0.146,0.523,2.2,2.1,0,0.038
SHOP000416,1,3.0,1.0,0.331,2,103.4,0.266,0.051,0.058,0.885,0.107,0.208,0.048,-1.822,0.334,0.584,1.329,5.1,2,0.055
SHOP000417,1,21.0,159.0,0.439,5,65.1,0.109,0.157,0.034,0.823,-0.11,0.221,-0.087,-0.356,0.272,0.552,2.011,7.0,0,0.037
SHOP000418,0,19.0,141.0,0.292,0,119.5,0.3,0.103,0.017,0.863,0.058,0.197,0.103,-0.308,0.171,0.571,1.977,5.5,1,0.006
SHOP000419,0,18.0,102.0,0.707,0,12.5,0.197,0.205,0.024,0.81,-0.224,0.225,0.152,-2.2,0.187,0.444,2.759,7.9,1,0.045
SHOP000420,0,18.0,1.0,0.504,1,35.5,0.2,0.021,0.0,0.92,0.229,0.122,-0.02,-1.178,0.195,0.409,2.979,5.2,2,0.014
SHOP000421,0,13.0,492.0,0.369,0,121.5,0.224,0.104,0.015,0.821,0.115,0.056,0.071,2.657,0.12,0.445,2.607,2.4,2,0.035
SHOP000422,0,21.0,145.0,0.273,0,109.7,0.369,0.053,0.045,0.93,0.043,0.107,0.078,1.943,0.112,0.44,3.027,2.7,0,0.035
SHOP000423,0,16.0,234.0,0.324,1,52.7,0.451,0.063,0.03,0.932,-0.065,0.25,-0.015,1.153,0.16,0.446,2.495,4.3,1,0.027
SHOP000424,0,26.0,145.0,0.312,0,106.1,0.395,0.046,0.03,0.923,0.21,0.112,0.108,0.403,0.209,0.596,2.918,5.9,0,0.032
SHOP000425,0,19.0,71.0,0.38,0,122.4,0.358,0.059,0.032,0.87,0.112,0.294,0.069,1.002,0.152,0.489,2.954,2.5,1,0.009
SHOP000426,1,14.0,1.0,0.44,1,109.9,0.158,0.139,0.021,0.856,-0.05,0.202,-0.147,-0.113,0.181,0.609,1.186,9.7,2,0.04
SHOP000427,1,14.0,139.0,0.515,1,42.0,0.157,0.061,0.039,1.0,-0.007,0.209,0.172,1.256,0.155,0.369,1.835,4.3,0,0.068
SHOP000428,0,27.0,403.0,0.507,0,85.9,0.28,0.029,0.006,0.925,0.028,0.169,0.155,-0.348,0.126,0.585,2.525,6.0,1,0.038
SHOP000429,0,17.0,104.0,0.301,2,90.8,0.13,0.091,0.043,0.855,0.064,0.222,0.061,-0.127,0.273,0.365,2.205,5.1,0,0.021
SHOP000430,0,31.0,91.0,0.348,0,100.4,0.364,0.05,0.017,0.904,0.25,0.186,-0.004,0.995,0.071,0.408,2.781,4.6,0,0.025
SHOP000431,0,12.0,34.0,0.531,0,66.2,0.252,0.04,0.062,0.926,-0.023,0.13,-0.188,-0.217,0.191,0.503,2.476,3.4,1,0.011
SHOP000432,0,24.0,233.0,0.368,1,82.7,0.168,0.027,0.008,0.887,-0.037,0.245,-0.065,1.131,0.21,0.469,2.76,8.2,0,0.033
SHOP000433,0,36.0,194.0,0.37,0,71.0,0.431,0.047,0.023,0.985,0.166,0.147,0.006,2.855,0.141,0.685,2.377,2.4,1,0.0
SHOP000434,0,20.0,1.0,0.78,3,84.6,0.104,0.14,0.02,0.851,0.213,0.216,0.001,-0.361,0.222,0.618,1.094,3.0,0,0.028
SHOP000435,0,22.0,171.0,0.383,1,48.2,0.488,0.013,0.0,0.889,-0.001,0.264,0.05,1.854,0.187,0.404,2.524,3.9,0,0.019
SHOP000436,0,13.0,215.0,0.55,1,113.6,0.299,0.078,0.01,0.873,-0.009,0.143,-0.103,0.833,0.168,0.413,1.775,4.4,2,0.032
SHOP000437,0,19.0,297.0,0.295,0,112.6,0.467,0.039,0.015,0.946,0.435,0.207,0.06,1.314,0.124,0.608,2.068,3.1,0,0.028
SHOP000438,0,26.0,57.0,0.302,2,120.2,0.305,0.033,0.02,0.919,0.034,0.038,0.323,0.734,0.204,0.5,3.187,4.1,1,0.034
SHOP000439,1,19.0,169.0,0.329,3,29.0,0.302,0.027,0.054,0.836,-0.045,0.271,-0.079,0.92,0.19,0.709,2.273,2.7,1,0.036
SHOP000440,0,8.0,149.0,0.471,2,115.9,0.364,0.101,0.028,0.814,-0.12,0.226,0.163,-1.977,0.004,0.475,1.803,6.7,0,0.07
SHOP000441,1,32.0,99.0,0.334,0,88.5,0.435,0.067,0.043,1.0,-0.054,0.268,0.031,0.009,0.229,0.551,1.235,4.3,1,0.055
SHOP000442,1,17.0,134.0,0.744,2,122.7,0.446,0.119,0.042,0.713,-0.207,0.369,0.088,-1.201,0.166,0.674,1.995,5.6,0,0.053
SHOP000443,0,14.0,87.0,0.427,0,104.6,0.406,0.09,0.04,1.0,-0.302,0.312,-0.056,-0.221,0.229,0.243,1.349,2.7,0,0.0
SHOP000444,0,19.0,119.0,0.302,1,27.7,0.367,0.06,0.031,0.993,0.325,0.09,0.074,-0.026,0.213,0.579,1.452,2.4,1,0.036
SHOP000445,0,20.0,190.0,0.202,0,95.7,0.242,0.025,0.018,0.967,-0.043,0.157,0.107,1.574,0.097,0.354,2.224,5.1,0,0.013
SHOP000446,0,16.0,240.0,0.65,0,58.9,0.394,0.107,0.037,0.898,0.127,0.22,-0.022,-0.747,0.076,0.592,1.498,5.0,3,0.03
SHOP000447,0,26.0,135.0,0.234,2,95.7,0.42,0.109,0.047,0.855,0.128,0.225,0.083,0.426,0.206,0.423,1.081,3.7,1,0.022
SHOP000448,1,14.0,57.0,0.509,2,71.9,0.053,0.066,0.023,0.794,-0.195,0.406,-0.109,0.011,0.237,0.487,1.395,4.0,1,0.022
SHOP000449,0,23.0,100.0,0.166,1,157.6,0.33,0.091,0.024,0.887,-0.219,0.264,-0.131,-0.368,0.193,0.43,3.28,3.1,1,0.012
SHOP000450,1,31.0,261.0,0.291,1,84.7,0.194,0.09,0.036,0.869,0.078,0.142,-0.133,1.27,0.215,0.358,2.1,3.5,0,0.007
SHOP000451,0,18.0,83.0,0.311,1,81.4,0.27,0.076,0.024,0.954,-0.108,0.273,0.181,-0.363,0.117,0.447,2.315,5.7,0,0.038
SHOP000452,1,19.0,127.0,0.442,2,155.2,0.027,0.0,0.062,0.742,0.013,0.351,-0.076,-0.318,0.167,0.598,1.728,4.4,0,0.038
SHOP000453,1,15.0,18.0,0.654,3,35.2,0.126,0.078,0.043,0.828,0.485,0.195,0.048,0.016,0.159,0.444,1.394,5.1,2,0.073
SHOP000454,0,23.0,141.0,0.373,0,83.2,0.293,0.079,0.008,0.859,-0.063,0.177,0.253,-0.19,0.129,0.535,1.671,3.4,0,0.026
SHOP000455,0,12.0,84.0,0.389,0,29.6,0.371,0.095,0.019,0.962,-0.259,0.146,0.066,0.535,0.175,0.472,2.171,6.4,1,0.053
SHOP000456,0,20.0,170.0,0.562,2,107.4,0.221,0.09,0.059,0.89,0.043,0.205,0.061,-0.893,0.291,0.431,0.917,12.7,1,0.094
SHOP000457,0,37.0,248.0,0.592,1,24.5,0.469,0.07,0.017,0.858,-0.218,0.199,0.221,1.299,0.198,0.486,1.596,3.2,0,0.0
SHOP000458,0,30.0,152.0,0.429,2,70.6,0.413,0.079,0.055,0.991,0.335,0.226,0.046,-0.085,0.203,0.531,2.245,7.7,1,0.033
SHOP000459,0,12.0,304.0,0.261,1,109.2,0.374,0.095,0.017,0.894,-0.009,0.129,0.121,1.029,0.108,0.38,1.663,4.6,0,0.052
SHOP000460,0,26.0,126.0,0.511,1,110.2,0.392,0.094,0.06,0.883,0.252,0.313,-0.227,1.667,0.113,0.304,1.919,4.4,1,0.011
SHOP000461,0,20.0,116.0,0.318,1,79.6,0.249,0.058,0.011,1.0,0.019,0.123,0.059,0.62,0.169,0.466,2.035,4.6,0,0.022
SHOP000462,0,13.0,255.0,0.302,0,70.3,0.408,0.0,0.005,0.907,0.227,0.135,-0.02,2.506,0.037,0.299,2.095,2.7,0,0.017
SHOP000463,0,18.0,302.0,0.369,0,147.6,0.207,0.033,0.003,0.865,0.119,0.138,-0.025,1.055,0.168,0.318,2.623,2.9,0,0.029
SHOP000464,0,18.0,283.0,0.113,1,148.6,0.142,0.091,0.018,0.92,0.146,0.053,0.243,-0.852,0.143,0.628,2.309,1.4,1,0.008
SHOP000465,0,21.0,168.0,0.566,0,61.6,0.223,0.07,0.019,0.971,0.311,0.358,-0.029,0.829,0.222,0.573,2.592,3.7,0,0.002
SHOP000466,0,18.0,439.0,0.45,0,86.6,0.271,0.052,0.038,0.838,-0.169,0.244,0.134,2.191,0.179,0.332,1.988,4.5,1,0.016
SHOP000467,1,12.0,85.0,0.839,4,10.0,0.224,0.114,0.035,0.83,0.19,0.227,0.022,1.632,0.164,0.474,1.507,8.6,1,0.039
SHOP000468,0,25.0,149.0,0.546,0,92.7,0.302,0.054,0.014,0.812,-0.2,0.261,0.15,-1.183,0.218,0.371,2.186,9.0,1,0.083
SHOP000469,0,10.0,112.0,0.432,1,71.1,0.395,0.051,0.025,0.977,-0.047,0.18,0.036,-0.032,0.13,0.271,2.536,4.7,0,0.012
SHOP000470,0,10.0,1.0,0.347,2,25.6,0.446,0.11,0.034,0.916,0.217,0.286,0.076,-1.246,0.097,0.383,2.427,8.2,1,0.039
SHOP000471,0,24.0,76.0,0.367,0,90.4,0.326,0.065,0.014,0.846,-0.085,0.181,-0.113,1.162,0.206,0.419,1.784,3.0,2,0.007
SHOP000472,0,28.0,235.0,0.405,1,35.8,0.281,0.068,0.006,0.97,-0.104,0.265,-0.089,0.433,0.13,0.494,1.99,1.9,1,0.041
SHOP000473,0,22.0,9.0,0.378,2,46.1,0.467,0.096,0.026,0.942,0.104,0.242,0.147,-0.311,0.131,0.425,2.193,1.8,3,0.02
SHOP000474,0,8.0,156.0,0.404,2,50.4,0.24,0.135,0.018,0.925,-0.171,0.258,0.163,1.276,0.156,0.808,2.067,5.7,1,0.086
SHOP000475,0,18.0,162.0,0.365,1,51.4,0.239,0.046,0.037,0.945,0.03,0.287,-0.054,1.632,0.141,0.428,1.702,8.0,2,0.041
SHOP000476,1,10.0,83.0,0.244,3,30.1,0.152,0.09,0.054,0.705,-0.379,0.268,0.186,-0.723,0.101,0.728,1.609,8.8,1,0.059
SHOP000477,0,23.0,84.0,0.428,1,83.3,0.395,0.065,0.024,0.937,0.065,0.184,0.152,-0.296,0.084,0.355,2.162,6.9,0,0.021
SHOP000478,1,16.0,172.0,0.51,0,154.0,0.181,0.071,0.036,0.849,-0.007,0.265,0.16,1.74,0.178,0.608,1.644,5.2,1,0.024
SHOP000479,1,5.0,88.0,0.693,2,46.9,0.337,0.038,0.051,0.9,0.01,0.339,-0.002,0.649,0.23,0.565,1.658,3.4,1,0.033
SHOP000480,0,17.0,71.0,0.375,1,122.9,0.363,0.09,0.018,0.954,-0.295,0.249,0.239,-1.354,0.066,0.413,2.458,9.3,0,0.034
SHOP000481,1,5.0,38.0,0.904,0,116.2,0.14,0.017,0.018,0.79,0.076,0.158,-0.147,-3.465,0.194,0.591,1.706,5.5,1,0.033
SHOP000482,0,27.0,146.0,0.315,2,73.4,0.143,0.036,0.043,0.867,0.018,0.173,-0.17,1.61,0.196,0.759,1.14,6.9,1,0.037
SHOP000483,0,16.0,233.0,0.489,2,78.5,0.197,0.042,0.042,0.831,-0.1,0.138,-0.192,-0.905,0.21,0.545,1.509,5.8,1,0.065
SHOP000484,0,8.0,125.0,0.124,2,74.6,0.27,0.039,0.035,0.866,-0.089,0.23,-0.045,-0.105,0.124,0.365,2.495,4.8,1,0.03
SHOP000485,0,13.0,96.0,0.382,1,104.1,0.287,0.057,0.025,0.923,0.088,0.14,-0.006,-1.132,0.136,0.453,2.608,7.4,0,0.035
SHOP000486,0,11.0,167.0,0.275,0,58.8,0.138,0.015,0.017,0.95,-0.003,0.162,0.063,-0.358,0.161,0.263,2.36,7.3,0,0.038
SHOP000487,0,3.0,184.0,0.438,1,172.2,0.259,0.035,0.035,0.8,0.126,0.283,0.033,1.515,0.207,0.349,2.4,5.7,3,0.014
SHOP000488,0,27.0,331.0,0.337,0,77.3,0.449,0.038,0.007,0.927,0.034,0.203,-0.064,-0.167,0.104,0.351,2.96,3.3,0,0.062
SHOP000489,1,23.0,74.0,0.58,2,52.4,0.143,0.126,0.022,0.811,0.592,0.329,0.129,1.172,0.248,0.488,2.399,5.7,0,0.012
SHOP000490,0,24.0,161.0,0.478,1,131.3,0.324,0.145,0.029,0.797,0.125,0.3,0.145,-2.665,0.119,0.47,2.166,3.4,1,0.0
SHOP000491,1,21.0,201.0,0.467,3,118.5,0.268,0.099,0.055,0.857,0.375,0.195,0.065,-0.649,0.11,0.515,2.021,2.4,2,0.008
SHOP000492,0,7.0,305.0,0.314,0,36.3,0.312,0.065,0.028,0.935,-0.001,0.154,0.009,-0.05,0.059,0.56,1.581,9.1,0,0.045
SHOP000493,1,20.0,52.0,0.354,2,90.8,0.172,0.024,0.047,0.787,-0.052,0.246,-0.015,0.529,0.114,0.566,2.345,5.5,2,0.044
SHOP000494,0,7.0,115.0,0.349,2,54.2,0.299,0.077,0.014,0.876,0.162,0.262,-0.18,1.396,0.066,0.446,2.598,3.2,0,0.002
SHOP000495,1,18.0,135.0,0.532,0,68.9,0.113,0.126,0.052,0.939,-0.1,0.027,-0.27,2.055,0.117,0.661,1.209,6.9,1,0.027
SHOP000496,0,22.0,141.0,0.224,1,95.2,0.393,0.067,0.018,1.0,0.178,0.214,-0.022,3.131,0.168,0.297,2.621,6.8,2,0.007
SHOP000497,0,33.0,112.0,0.538,1,85.5,0.383,0.091,0.033,0.822,0.08,0.232,0.056,0.162,0.119,0.376,2.09,4.6,1,0.009
SHOP000498,0,24.0,240.0,0.244,1,114.6,0.401,0.075,0.012,0.914,-0.05,0.152,0.152,2.046,0.124,0.559,2.362,5.2,1,0.022
SHOP000499,0,16.0,288.0,0.278,1,86.7,0.334,0.06,0.019,0.933,0.294,0.177,-0.007,0.235,0.14,0.382,1.841,4.6,0,0.0
SHOP000500,1,17.0,15.0,0.525,1,24.1,0.117,0.031,0.074,0.779,-0.018,0.268,-0.035,0.295,0.166,0.502,1.187,2.4,0,0.097
SHOP000501,0,9.0,108.0,0.376,2,114.3,0.18,0.101,0.036,0.943,-0.155,0.292,0.113,0.389,0.024,0.429,1.666,5.1,1,0.057
SHOP000502,0,10.0,43.0,0.315,0,32.0,0.237,0.06,0.031,0.893,0.399,0.198,-0.016,-2.716,0.107,0.491,1.993,2.1,1,0.027
SHOP000503,0,21.0,203.0,0.283,4,114.2,0.297,0.045,0.019,0.948,-0.157,0.064,-0.084,2.952,0.072,0.414,1.925,5.2,1,0.031
SHOP000504,0,26.0,349.0,0.27,0,41.2,0.273,0.045,0.009,0.928,0.176,0.154,0.089,2.618,0.174,0.516,2.57,3.0,0,0.012
SHOP000505,0,20.0,220.0,0.524,1,112.0,0.283,0.044,0.028,0.856,0.136,0.136,0.007,1.45,0.145,0.486,2.357,3.9,0,0.041
SHOP000506,1,22.0,79.0,0.451,3,75.0,0.289,0.197,0.002,0.809,-0.062,0.33,0.133,-2.222,0.247,0.743,2.494,7.3,1,0.077
SHOP000507,1,12.0,116.0,0.35,2,102.0,0.277,0.077,0.018,0.798,-0.19,0.217,0.097,-0.063,0.258,0.613,1.962,5.8,0,0.04
SHOP000508,0,24.0,89.0,0.273,1,115.6,0.222,0.067,0.015,0.862,0.057,0.342,0.14,0.38,0.175,0.182,2.29,5.3,0,0.034
SHOP000509,1,17.0,236.0,0.355,1,79.4,0.28,0.086,0.03,0.95,-0.16,0.246,-0.187,0.201,0.227,0.465,2.129,5.5,2,0.0
SHOP000510,0,26.0,204.0,0.317,0,90.7,0.541,0.039,0.015,0.959,0.097,0.145,-0.168,0.16,0.078,0.292,2.256,3.2,0,0.024
SHOP000511,0,34.0,110.0,0.121,1,61.8,0.419,0.119,0.023,0.934,0.01,0.195,0.038,0.627,0.218,0.635,2.7,2.9,0,0.07
SHOP000512,0,14.0,85.0,0.636,0,78.0,0.282,0.086,0.026,0.884,0.057,0.246,-0.161,-1.317,0.146,0.614,2.442,0.9,0,0.076
SHOP000513,1,17.0,1.0,0.578,0,85.4,0.327,0.041,0.025,0.887,0.295,0.204,0.182,0.845,0.144,0.395,2.012,6.2,2,0.028
SHOP000514,1,23.0,55.0,0.316,2,209.6,0.172,0.065,0.028,0.814,0.241,0.261,0.326,-2.174,0.244,0.594,1.299,4.1,3,0.001
SHOP000515,0,16.0,168.0,0.402,3,98.4,0.309,0.065,0.038,0.841,0.238,0.239,-0.033,0.183,0.161,0.544,1.544,6.1,1,0.0
SHOP000516,0,17.0,306.0,0.596,2,83.5,0.395,0.092,0.017,0.837,0.268,0.305,-0.226,-1.171,0.171,0.403,1.585,7.8,1,0.024
SHOP000517,0,25.0,98.0,0.21,0,142.8,0.276,0.018,0.022,0.973,0.274,0.228,0.007,3.523,0.044,0.384,1.836,3.6,0,0.047
SHOP000518,0,13.0,1.0,0.629,2,24.3,0.328,0.059,0.028,0.971,-0.031,0.18,0.007,0.636,0.296,0.52,1.833,7.7,1,0.035
SHOP000519,0,13.0,77.0,0.508,3,66.0,0.254,0.11,0.025,0.72,-0.224,0.298,0.093,1.171,0.312,0.406,1.906,4.1,1,0.046
SHOP000520,0,18.0,123.0,0.301,1,77.1,0.293,0.052,0.02,1.0,0.191,0.162,-0.16,-0.777,0.08,0.173,2.351,4.6,1,0.003
SHOP000521,0,22.0,54.0,0.345,2,100.8,0.188,0.048,0.009,0.941,0.051,0.2,0.291,2.233,0.063,0.401,3.119,4.7,0,0.0
SHOP000522,1,16.0,51.0,0.312,2,92.7,0.48,0.038,0.014,0.999,-0.499,0.205,-0.035,-1.821,0.222,0.439,1.835,4.5,1,0.055
SHOP000523,0,16.0,278.0,0.344,1,66.5,0.451,0.081,0.029,0.92,-0.132,0.21,-0.094,1.033,0.162,0.499,2.789,2.0,2,0.043
SHOP000524,0,26.0,92.0,0.297,3,140.2,0.079,0.065,0.095,0.842,-0.411,0.277,-0.064,-1.87,0.0,0.561,2.292,0.6,1,0.024
SHOP000525,0,34.0,108.0,0.389,1,142.0,0.402,0.071,0.041,0.895,0.095,0.163,-0.059,0.76,0.045,0.36,2.049,2.2,1,0.023
SHOP000526,0,19.0,59.0,0.463,4,102.9,0.193,0.142,0.044,0.819,0.195,0.098,-0.195,-0.384,0.21,0.718,1.301,3.1,2,0.002
SHOP000527,1,14.0,147.0,0.237,2,96.8,0.274,0.11,0.022,0.892,-0.387,0.185,0.047,0.316,0.135,0.479,2.162,3.9,1,0.036
SHOP000528,0,12.0,116.0,0.536,1,34.3,0.183,0.091,0.035,0.801,-0.081,0.216,0.162,0.556,0.076,0.263,2.266,7.6,2,0.064
SHOP000529,1,22.0,1.0,0.574,0,64.7,0.155,0.067,0.048,0.83,0.071,0.299,-0.053,-0.733,0.253,0.683,1.081,4.8,1,0.021
SHOP000530,0,17.0,159.0,0.292,0,75.5,0.216,0.057,0.008,0.913,0.104,0.237,0.043,0.919,0.153,0.29,2.92,2.6,2,0.017
SHOP000531,0,26.0,125.0,0.319,1,116.5,0.252,0.079,0.013,0.866,0.066,0.203,-0.106,1.164,0.096,0.379,2.157,2.1,1,0.022
SHOP000532,0,26.0,109.0,0.276,1,90.9,0.452,0.023,0.035,0.881,-0.17,0.084,0.063,1.356,0.242,0.406,2.414,7.0,1,0.047
SHOP000533,1,18.0,117.0,0.347,1,88.4,0.261,0.068,0.02,0.904,-0.064,0.196,0.139,-0.234,0.199,0.253,1.935,5.1,1,0.018
SHOP000534,0,22.0,347.0,0.319,1,92.1,0.431,0.063,0.015,0.915,0.068,0.159,0.05,2.119,0.113,0.213,2.391,4.7,0,0.034
SHOP000535,0,40.0,164.0,0.596,2,128.1,0.154,0.056,0.045,0.904,-0.229,0.177,0.058,-0.92,0.197,0.404,2.231,5.0,1,0.047
SHOP000536,0,20.0,23.0,0.494,3,146.5,0.365,0.066,0.047,0.906,-0.276,0.219,-0.009,1.223,0.068,0.472,2.208,6.4,0,0.033
SHOP000537,0,23.0,127.0,0.359,1,65.6,0.22,0.101,0.005,0.814,0.051,0.105,-0.047,-0.632,0.153,0.483,3.041,7.1,1,0.005
SHOP000538,0,25.0,87.0,0.432,2,90.4,0.38,0.031,0.006,0.922,0.229,0.093,0.124,0.746,0.144,0.413,2.42,2.7,0,0.008
SHOP000539,0,12.0,184.0,0.565,0,104.6,0.319,0.067,0.019,0.941,-0.111,0.219,0.047,1.82,0.0,0.433,1.899,5.1,1,0.025
SHOP000540,0,42.0,67.0,0.29,2,106.7,0.297,0.049,0.013,0.907,0.559,0.226,0.059,3.522,0.155,0.424,2.42,5.3,0,0.0
SHOP000541,0,29.0,132.0,0.269,0,101.0,0.129,0.014,0.018,0.928,0.119,0.133,-0.026,1.853,0.093,0.497,2.442,3.2,0,0.037
SHOP000542,1,21.0,208.0,0.476,1,141.7,0.184,0.085,0.025,0.931,0.032,0.247,0.021,-1.198,0.155,0.473,2.915,2.6,0,0.04
SHOP000543,0,23.0,124.0,0.598,1,93.3,0.383,0.091,0.03,0.988,-0.322,0.338,0.011,-0.207,0.065,0.481,1.631,5.7,1,0.059
SHOP000544,0,21.0,257.0,0.284,1,125.9,0.422,0.066,0.024,0.885,0.248,0.196,0.076,2.063,0.129,0.305,2.451,1.5,0,0.025
SHOP000545,0,22.0,115.0,0.291,2,102.2,0.303,0.076,0.02,0.952,-0.081,0.226,0.005,-1.83,0.051,0.469,1.964,6.0,1,0.043
SHOP000546,0,11.0,41.0,0.465,1,79.6,0.272,0.033,0.009,0.852,0.022,0.201,0.013,0.787,0.144,0.429,2.136,6.1,0,0.054
SHOP000547,0,15.0,107.0,0.326,3,74.7,0.093,0.03,0.037,0.942,0.005,0.152,0.138,1.101,0.041,0.487,3.107,3.7,0,0.018
SHOP000548,1,7.0,170.0,0.316,1,26.7,0.318,0.121,0.044,0.795,-0.247,0.26,0.086,0.229,0.228,0.463,2.32,3.8,1,0.065
SHOP000549,0,9.0,87.0,0.505,2,47.5,0.171,0.09,0.056,0.955,-0.012,0.297,-0.147,-1.27,0.066,0.606,2.001,7.0,0,0.053
SHOP000550,0,31.0,183.0,0.571,2,61.0,0.31,0.041,0.01,0.934,-0.32,0.366,-0.116,-0.594,0.103,0.474,2.44,3.8,1,0.021
SHOP000551,0,18.0,246.0,0.261,2,110.7,0.2,0.117,0.053,0.895,-0.203,0.241,0.007,-1.699,0.159,0.335,1.556,6.0,1,0.071
SHOP000552,1,18.0,87.0,0.483,1,85.3,0.339,0.064,0.029,0.872,-0.024,0.175,0.122,-0.636,0.069,0.627,1.915,5.0,2,0.047
SHOP000553,1,6.0,93.0,0.504,1,137.2,0.29,0.052,0.02,0.91,0.317,0.229,0.202,-2.751,0.197,0.388,1.926,6.6,3,0.077
SHOP000554,0,21.0,256.0,0.533,0,55.7,0.265,0.103,0.043,0.996,0.024,0.189,-0.194,-0.637,0.129,0.346,2.493,5.1,0,0.047
SHOP000555,1,30.0,111.0,0.347,1,79.8,0.4,0.074,0.018,0.844,0.108,0.12,0.007,1.409,0.096,0.278,1.51,7.4,1,0.042
SHOP000556,0,18.0,196.0,0.347,0,103.6,0.388,0.08,0.026,0.882,0.008,0.214,0.013,0.644,0.124,0.293,1.999,3.3,1,0.024
SHOP000557,0,18.0,198.0,0.294,2,108.3,0.366,0.021,0.003,0.962,0.146,0.193,-0.012,0.536,0.09,0.59,2.15,2.7,1,0.019
SHOP000558,0,24.0,349.0,0.299,1,128.6,0.209,0.05,0.017,0.943,0.306,0.279,0.134,2.977,0.04,0.326,2.541,4.0,1,0.018
SHOP000559,0,13.0,115.0,0.443,0,44.9,0.473,0.021,0.02,0.913,0.155,0.14,-0.063,0.447,0.129,0.436,2.443,2.4,0,0.04
SHOP000560,1,12.0,209.0,0.499,1,33.2,0.216,0.047,0.028,0.886,-0.043,0.204,-0.118,-0.34,0.049,0.523,2.89,3.4,0,0.023
SHOP000561,0,11.0,65.0,0.624,3,91.1,0.16,0.094,0.03,0.839,-0.34,0.237,0.181,1.54,0.116,0.301,2.418,3.6,0,0.054
SHOP000562,0,35.0,188.0,0.497,1,54.9,0.239,0.017,0.02,0.895,-0.128,0.166,0.116,1.234,0.063,0.244,1.888,7.2,1,0.017
SHOP000563,0,15.0,128.0,0.452,0,39.9,0.317,0.051,0.028,0.878,0.149,0.239,0.101,0.377,0.118,0.526,3.006,6.6,1,0.025
SHOP000564,0,8.0,80.0,0.519,0,34.7,0.239,0.073,0.032,0.795,-0.108,0.314,-0.02,0.324,0.133,0.544,1.053,8.1,2,0.069
SHOP000565,1,19.0,67.0,0.481,1,90.0,0.272,0.065,0.004,0.823,0.09,0.338,-0.166,-0.27,0.249,0.217,0.994,5.8,3,0.051
SHOP000566,0,12.0,108.0,0.408,2,72.0,0.341,0.127,0.045,0.83,0.248,0.21,0.026,1.268,0.223,0.496,2.72,7.2,1,0.041
SHOP000567,0,13.0,266.0,0.42,0,87.6,0.346,0.034,0.023,0.831,0.154,0.308,-0.044,1.334,0.157,0.507,2.499,4.1,1,0.024
SHOP000568,0,14.0,145.0,0.366,2,139.4,0.271,0.091,0.013,1.0,-0.13,0.244,0.018,0.812,0.128,0.426,1.505,5.0,2,0.056
SHOP000569,0,27.0,134.0,0.477,1,143.0,0.256,0.044,0.066,0.813,0.012,0.226,0.288,-0.455,0.091,0.56,1.66,5.5,1,0.085
SHOP000570,0,19.0,225.0,0.234,1,117.8,0.234,0.047,0.001,0.973,0.001,0.211,-0.062,0.879,0.105,0.491,2.206,3.3,1,0.051
SHOP000571,0,25.0,228.0,0.361,3,155.0,0.327,0.087,0.027,0.854,-0.049,0.272,0.126,-0.272,0.037,0.608,2.013,4.6,1,0.035
SHOP000572,0,19.0,226.0,0.414,3,112.2,0.316,0.083,0.039,0.765,0.139,0.139,-0.162,-0.751,0.13,0.532,1.399,5.0,1,0.005
SHOP000573,0,28.0,390.0,0.72,2,223.7,0.27,0.039,0.017,0.933,0.019,0.223,0.046,-0.024,0.173,0.284,1.948,3.7,0,0.033
SHOP000574,0,29.0,117.0,0.458,0,99.4,0.289,0.09,0.004,1.0,-0.242,0.174,-0.13,-0.784,0.117,0.438,1.666,2.7,0,0.018
SHOP000575,0,32.0,310.0,0.416,1,133.9,0.254,0.053,0.02,0.83,0.559,0.206,0.067,1.544,0.112,0.428,2.631,5.7,0,0.009
SHOP000576,1,16.0,78.0,0.579,3,90.7,0.14,0.125,0.02,0.913,-0.356,0.255,0.179,-1.328,0.159,0.568,1.954,1.4,1,0.024
SHOP000577,1,20.0,225.0,0.346,0,81.3,0.199,0.09,0.005,0.993,0.247,0.319,0.103,-1.892,0.183,0.664,1.704,8.1,2,0.019
SHOP000578,0,14.0,200.0,0.24,0,40.1,0.12,0.107,0.038,0.87,-0.195,0.193,0.053,1.753,0.165,0.545,2.31,9.5,0,0.027
SHOP000579,0,11.0,142.0,0.32,2,67.7,0.167,0.118,0.015,0.786,0.391,0.269,-0.105,-0.079,0.095,0.432,1.095,3.7,1,0.035
SHOP000580,0,17.0,239.0,0.367,1,84.5,0.373,0.058,0.011,0.957,0.237,0.237,-0.035,1.833,0.132,0.253,3.249,4.0,0,0.018
SHOP000581,0,27.0,192.0,0.253,2,60.4,0.481,0.017,0.004,0.964,0.075,0.177,0.034,0.485,0.106,0.193,2.015,3.0,1,0.033
SHOP000582,0,25.0,173.0,0.553,1,115.1,0.333,0.09,0.029,0.862,-0.003,0.34,0.014,-0.39,0.219,0.282,2.162,4.3,0,0.0
SHOP000583,0,18.0,146.0,0.384,1,129.7,0.491,0.037,0.029,0.926,-0.024,0.192,0.298,1.75,0.167,0.468,2.453,3.3,0,0.031
SHOP000584,0,22.0,95.0,0.518,0,103.8,0.198,0.0,0.011,0.848,-0.007,0.181,-0.109,-0.673,0.14,0.337,1.828,4.2,0,0.025
SHOP000585,1,7.0,179.0,0.44,2,78.7,0.112,0.093,0.034,0.755,-0.122,0.341,0.229,-2.724,0.11,0.553,1.587,9.2,0,0.0
SHOP000586,0,8.0,121.0,0.485,0,165.6,0.184,0.07,0.01,0.903,0.166,0.185,0.016,1.224,0.081,0.495,2.057,5.9,1,0.047
SHOP000587,0,11.0,120.0,0.325,0,142.9,0.531,0.024,0.032,0.909,-0.006,0.163,-0.002,-0.693,0.096,0.468,2.715,2.2,1,0.003
SHOP000588,0,16.0,89.0,0.425,1,94.8,0.294,0.111,0.041,0.903,0.226,0.249,0.171,0.738,0.193,0.557,2.299,6.9,1,0.048
SHOP000589,1,18.0,167.0,0.22,2,98.9,0.149,0.078,0.043,0.904,-0.054,0.231,0.024,-0.04,0.177,0.614,1.156,5.4,1,0.024
SHOP000590,0,24.0,168.0,0.22,0,145.5,0.288,0.038,0.022,0.97,0.383,0.177,-0.076,0.72,0.135,0.495,2.74,6.7,0,0.017
SHOP000591,1,21.0,131.0,0.447,1,114.9,0.335,0.066,0.015,0.867,0.21,0.235,0.095,-0.656,0.184,0.43,1.928,4.4,0,0.029
SHOP000592,1,6.0,128.0,0.494,1,132.3,0.349,0.04,0.041,0.955,-0.014,0.285,-0.183,-1.175,0.222,0.516,1.34,1.0,1,0.092
SHOP000593,0,34.0,128.0,0.505,0,154.2,0.447,0.0,0.003,1.0,0.161,0.183,0.106,1.762,0.139,0.38,2.138,4.3,0,0.004
SHOP000594,0,24.0,102.0,0.305,1,87.3,0.345,0.016,0.03,0.967,-0.244,0.116,0.157,-1.024,0.211,0.514,2.361,3.8,0,0.016
SHOP000595,0,28.0,60.0,0.285,3,148.3,0.352,0.068,0.01,0.816,0.027,0.181,0.238,0.481,0.13,0.303,2.806,6.1,0,0.03
SHOP000596,0,19.0,136.0,0.511,0,68.6,0.421,0.073,0.019,0.901,0.063,0.058,0.162,1.534,0.225,0.334,2.142,3.4,1,0.029
SHOP000597,0,24.0,330.0,0.307,4,136.4,0.077,0.096,0.028,0.825,-0.132,0.178,0.164,0.784,0.225,0.305,1.371,8.0,2,0.083
SHOP000598,0,20.0,149.0,0.704,0,76.1,0.152,0.115,0.026,0.953,-0.275,0.072,-0.044,0.395,0.159,0.36,1.472,7.7,1,0.018
SHOP000599,0,26.0,203.0,0.24,0,164.3,0.218,0.003,0.038,0.941,-0.077,0.209,0.134,0.919,0.158,0.09,1.547,4.6,0,0.027
SHOP000600,0,24.0,177.0,0.29,2,107.5,0.156,0.116,0.041,0.871,-0.082,0.184,-0.114,0.035,0.214,0.563,1.451,7.3,0,0.027
SHOP000601,0,10.0,138.0,0.327,0,67.1,0.311,0.03,0.019,0.873,0.326,0.282,0.062,0.237,0.095,0.697,2.426,5.0,0,0.013
SHOP000602,1,23.0,1.0,0.449,2,161.1,0.241,0.132,0.033,0.779,-0.318,0.225,-0.217,-0.07,0.114,0.681,1.55,7.0,0,0.063
SHOP000603,0,17.0,168.0,0.365,2,129.2,0.295,0.09,0.022,0.918,0.074,0.234,0.063,-0.318,0.143,0.322,1.708,5.8,0,0.051
SHOP000604,0,32.0,165.0,0.247,1,41.2,0.328,0.01,0.043,0.926,-0.031,0.126,-0.027,-0.447,0.165,0.599,1.977,3.6,0,0.033
SHOP000605,0,14.0,66.0,0.384,2,143.2,0.34,0.105,0.027,0.872,0.043,0.049,-0.101,0.451,0.235,0.401,2.342,5.9,2,0.07
SHOP000606,0,18.0,169.0,0.191,0,104.5,0.134,0.073,0.05,0.857,-0.211,0.236,0.013,-1.115,0.192,0.421,2.265,4.8,1,0.057
SHOP000607,0,31.0,3.0,0.588,2,107.4,0.391,0.077,0.0,0.777,-0.267,0.184,-0.246,-0.72,0.278,0.268,2.586,6.1,0,0.033
SHOP000608,0,12.0,139.0,0.319,1,119.3,0.251,0.054,0.018,0.892,0.15,0.191,0.026,1.698,0.092,0.632,2.9,3.7,1,0.007
SHOP000609,1,18.0,109.0,0.535,2,61.9,0.306,0.131,0.038,0.886,-0.043,0.28,0.004,-2.261,0.168,0.675,2.772,6.3,1,0.047
SHOP000610,0,27.0,58.0,0.32,1,63.6,0.155,0.031,0.017,0.898,0.04,0.235,0.149,1.977,0.171,0.496,2.907,4.9,0,0.023
SHOP000611,0,19.0,152.0,0.337,1,57.8,0.2,0.102,0.023,0.797,-0.216,0.198,-0.003,0.918,0.14,0.386,1.547,5.9,0,0.031
SHOP000612,0,13.0,224.0,0.335,1,143.2,0.331,0.058,0.015,0.941,0.112,0.094,0.115,-0.326,0.094,0.467,3.164,2.7,0,0.015
SHOP000613,0,21.0,68.0,0.459,2,140.7,0.224,0.073,0.024,0.928,-0.132,0.241,0.122,-1.448,0.191,0.369,1.483,6.7,0,0.045
SHOP000614,0,25.0,298.0,0.18,1,72.1,0.568,0.016,0.016,0.868,0.361,0.163,-0.005,-0.197,0.128,0.512,2.046,4.8,0,0.055
SHOP000615,0,14.0,220.0,0.31,0,188.0,0.207,0.06,0.022,0.97,0.107,0.154,-0.037,0.104,0.03,0.571,2.807,2.3,0,0.0
SHOP000616,1,21.0,105.0,0.164,1,115.0,0.292,0.044,0.024,0.813,0.111,0.146,0.012,0.177,0.136,0.566,1.577,4.0,1,0.027
SHOP000617,0,21.0,154.0,0.495,1,121.1,0.273,0.016,0.028,0.877,0.128,0.1,-0.057,0.263,0.129,0.439,1.865,4.4,1,0.053
SHOP000618,0,19.0,233.0,0.596,0,143.1,0.207,0.052,0.02,0.95,-0.102,0.201,0.091,0.435,0.136,0.415,2.058,5.7,1,0.053
SHOP000619,1,4.0,8.0,0.631,2,105.3,0.159,0.068,0.018,0.902,-0.235,0.281,-0.147,-0.995,0.115,0.188,0.872,5.6,1,0.0
SHOP000620,0,3.0,83.0,0.479,0,164.8,0.424,0.041,0.035,0.878,-0.053,0.133,-0.056,0.379,0.213,0.319,2.114,5.6,1,0.041
SHOP000621,0,11.0,67.0,0.611,1,37.1,0.285,0.099,0.02,0.943,0.233,0.195,0.161,-1.204,0.175,0.461,2.346,7.2,0,0.01
SHOP000622,0,17.0,104.0,0.694,1,34.5,0.227,0.064,0.024,0.885,0.118,0.138,-0.142,-0.058,0.08,0.596,1.973,0.7,0,0.032
SHOP000623,0,15.0,206.0,0.453,2,45.6,0.23,0.046,0.011,0.964,0.221,0.201,0.067,0.862,0.094,0.386,2.147,3.5,0,0.063
SHOP000624,0,31.0,201.0,0.473,3,114.6,0.299,0.057,0.034,0.893,-0.414,0.225,0.106,0.954,0.144,0.5,2.187,3.7,1,0.096
SHOP000625,0,28.0,284.0,0.509,3,99.6,0.312,0.052,0.022,0.932,0.163,0.152,0.072,1.208,0.197,0.514,1.708,5.5,0,0.053
SHOP000626,0,19.0,265.0,0.268,2,77.0,0.382,0.036,0.018,0.871,0.238,0.305,0.142,2.278,0.123,0.528,2.538,7.1,1,0.0
SHOP000627,1,25.0,140.0,0.606,2,106.4,0.023,0.103,0.033,0.813,0.068,0.244,0.159,-3.01,0.269,0.678,2.021,5.8,2,0.035
SHOP000628,0,22.0,194.0,0.161,2,99.5,0.407,0.058,0.033,0.969,0.135,0.184,0.149,-0.438,0.134,0.421,2.284,5.1,1,0.042
SHOP000629,0,22.0,159.0,0.409,0,124.1,0.594,0.053,0.019,0.936,0.02,0.152,0.147,2.009,0.133,0.464,2.181,1.4,0,0.01
SHOP000630,1,15.0,37.0,0.444,2,135.3,0.136,0.108,0.063,0.981,-0.047,0.149,0.159,-1.501,0.115,0.542,1.199,6.8,0,0.008
SHOP000631,1,1.0,285.0,0.483,1,72.5,0.22,0.095,0.033,0.718,0.03,0.25,-0.099,-0.334,0.239,0.714,2.125,5.5,2,0.036
SHOP000632,0,18.0,88.0,0.192,0,50.1,0.298,0.026,0.028,0.908,0.249,0.17,-0.005,-0.457,0.109,0.386,1.112,5.6,1,0.025
SHOP000633,0,14.0,36.0,0.361,1,124.0,0.345,0.075,0.015,0.985,0.549,0.212,0.217,0.606,0.137,0.344,2.448,5.9,0,0.019
SHOP000634,0,31.0,61.0,0.531,0,125.4,0.164,0.034,0.011,0.945,0.351,0.096,0.086,0.251,0.086,0.62,1.561,5.1,1,0.017
SHOP000635,0,18.0,292.0,0.69,1,119.5,0.15,0.049,0.04,0.91,0.151,0.144,0.004,2.245,0.093,0.642,2.242,3.6,0,0.045
SHOP000636,0,16.0,60.0,0.415,1,60.7,0.287,0.099,0.034,0.782,0.179,0.192,0.082,1.165,0.118,0.454,1.535,4.7,0,0.047
SHOP000637,0,23.0,188.0,0.356,0,94.8,0.352,0.043,0.01,0.889,-0.006,0.125,0.058,1.689,0.109,0.385,2.567,3.6,0,0.036
SHOP000638,1,5.0,63.0,0.338,3,58.2,0.204,0.0,0.024,0.943,-0.078,0.284,0.086,-1.872,0.26,0.541,1.523,4.7,2,0.045
SHOP000639,1,10.0,112.0,0.414,5,109.1,0.267,0.097,0.066,0.94,0.105,0.222,-0.12,-0.223,0.163,0.354,1.771,3.3,0,0.058
SHOP000640,0,22.0,34.0,0.345,1,101.5,0.359,0.091,0.019,0.923,0.328,0.154,0.136,0.371,0.059,0.292,3.153,4.5,0,0.041
SHOP000641,1,12.0,93.0,0.365,1,85.9,0.213,0.048,0.026,0.901,-0.179,0.198,0.208,-3.435,0.267,0.414,2.053,5.0,0,0.024
SHOP000642,1,21.0,82.0,0.469,2,10.0,0.22,0.128,0.068,0.934,-0.108,0.404,-0.108,-3.017,0.187,0.558,0.869,4.9,3,0.026
SHOP000643,1,18.0,130.0,0.236,0,109.8,0.071,0.08,0.054,0.91,-0.199,0.115,-0.22,2.553,0.173,0.479,1.54,6.3,0,0.063
SHOP000644,0,27.0,140.0,0.397,1,89.6,0.257,0.066,0.031,0.948,-0.008,0.082,0.289,2.539,0.025,0.515,2.168,3.0,0,0.036
SHOP000645,0,7.0,220.0,0.233,2,75.8,0.333,0.081,0.022,0.936,0.164,0.179,0.087,1.051,0.149,0.534,2.264,4.4,0,0.01
SHOP000646,1,19.0,104.0,0.56,2,50.1,0.193,0.064,0.036,0.834,0.212,0.078,-0.174,-1.346,0.203,0.193,1.811,6.3,1,0.065
SHOP000647,0,25.0,371.0,0.124,0,73.7,0.35,0.045,0.014,0.83,0.17,0.057,0.057,2.044,0.088,0.259,1.928,6.0,1,0.0
SHOP000648,0,30.0,134.0,0.221,0,48.7,0.419,0.105,0.061,0.865,0.126,0.224,0.011,-2.355,0.168,0.464,2.707,4.2,1,0.021
SHOP000649,0,15.0,250.0,0.564,1,84.1,0.147,0.015,0.006,0.934,0.178,0.151,-0.023,-3.96,0.087,0.571,2.39,4.1,0,0.054
SHOP000650,1,14.0,75.0,0.713,2,21.8,0.294,0.054,0.056,0.936,0.125,0.213,0.229,-1.242,0.236,0.599,1.644,6.5,2,0.02
SHOP000651,0,30.0,219.0,0.383,1,111.1,0.318,0.05,0.022,0.939,-0.186,0.227,-0.076,0.501,0.208,0.442,2.102,3.2,2,0.051
SHOP000652,1,6.0,1.0,0.517,1,94.1,0.252,0.101,0.032,0.815,0.101,0.104,0.006,-0.74,0.257,0.779,2.274,3.8,3,0.025
SHOP000653,0,22.0,343.0,0.355,1,64.5,0.333,0.041,0.008,0.892,0.285,0.152,0.174,1.712,0.045,0.511,2.617,4.2,1,0.042
SHOP000654,1,27.0,59.0,0.488,1,56.2,0.451,0.083,0.041,0.794,-0.183,0.211,0.274,-0.405,0.153,0.27,2.123,6.6,0,0.13
SHOP000655,1,20.0,44.0,0.21,0,85.5,0.299,0.092,0.018,0.951,-0.193,0.046,0.183,0.898,0.231,0.392,1.63,8.4,0,0.058
SHOP000656,0,24.0,222.0,0.326,1,123.0,0.258,0.047,0.018,0.91,0.193,0.199,0.123,1.465,0.152,0.526,2.196,3.1,1,0.019
SHOP000657,0,28.0,96.0,0.48,2,107.7,0.344,0.043,0.005,0.877,-0.053,0.175,-0.085,0.778,0.025,0.595,1.96,1.6,1,0.0
SHOP000658,0,21.0,108.0,0.748,2,99.4,0.352,0.047,0.003,0.79,-0.355,0.228,-0.11,1.712,0.099,0.431,1.566,5.0,1,0.034
SHOP000659,1,31.0,216.0,0.341,1,89.5,0.323,0.064,0.006,0.915,-0.028,0.226,0.155,-0.427,0.057,0.206,1.848,7.9,0,0.036
SHOP000660,0,22.0,146.0,0.181,0,75.9,0.328,0.052,0.005,1.0,0.073,0.183,0.051,2.938,0.108,0.441,2.705,3.1,1,0.009
SHOP000661,0,27.0,114.0,0.482,2,94.5,0.121,0.038,0.022,0.886,0.175,0.216,0.093,0.391,0.205,0.51,1.937,9.2,0,0.037
SHOP000662,0,21.0,89.0,0.234,0,106.4,0.462,0.089,0.022,0.972,-0.141,0.063,0.015,-1.482,0.064,0.586,1.968,1.9,1,0.05
SHOP000663,0,30.0,215.0,0.273,2,104.2,0.369,0.074,0.047,0.84,-0.187,0.171,0.218,-0.376,0.049,0.441,2.78,2.8,1,0.007
SHOP000664,1,31.0,140.0,0.436,2,85.2,0.254,0.073,0.0,0.897,-0.115,0.251,0.037,0.149,0.203,0.442,2.188,4.2,0,0.022
SHOP000665,0,26.0,73.0,0.356,1,93.1,0.311,0.0,0.012,0.943,-0.012,0.161,0.052,0.959,0.083,0.342,1.896,5.0,1,0.014
SHOP000666,0,17.0,120.0,0.512,1,132.3,0.368,0.066,0.0,0.965,0.405,0.203,0.018,0.511,0.14,0.34,2.912,4.3,1,0.039
SHOP000667,1,6.0,197.0,0.241,2,79.8,0.226,0.063,0.044,0.912,0.016,0.284,-0.192,-1.425,0.161,0.428,1.905,9.6,0,0.007
SHOP000668,0,22.0,254.0,0.33,2,102.2,0.401,0.051,0.009,0.892,-0.074,0.143,0.049,-0.263,0.137,0.378,2.681,2.4,1,0.05
SHOP000669,0,18.0,283.0,0.114,0,191.0,0.514,0.034,0.0,1.0,0.415,0.221,0.086,2.034,0.063,0.49,2.163,4.4,0,0.023
SHOP000670,0,11.0,113.0,0.38,2,34.1,0.324,0.038,0.037,0.824,-0.094,0.036,0.059,-1.941,0.138,0.659,1.641,6.2,0,0.057
SHOP000671,1,29.0,55.0,0.554,1,135.7,0.391,0.078,0.034,0.804,0.418,0.281,-0.046,0.038,0.151,0.541,1.849,6.6,0,0.049
SHOP000672,0,33.0,281.0,0.195,2,38.5,0.339,0.075,0.023,1.0,0.036,0.242,-0.098,1.449,0.109,0.362,2.597,3.9,0,0.015
SHOP000673,0,14.0,210.0,0.132,1,96.8,0.184,0.0,0.004,0.947,0.029,0.245,0.206,1.261,0.103,0.548,2.732,5.7,1,0.022
SHOP000674,1,25.0,150.0,0.57,3,58.1,0.295,0.099,0.049,0.803,0.03,0.148,0.016,-1.743,0.178,0.595,1.896,6.2,1,0.067
SHOP000675,0,23.0,316.0,0.472,2,125.8,0.264,0.048,0.013,0.787,-0.196,0.181,0.169,0.115,0.154,0.451,2.505,0.7,2,0.057
SHOP000676,0,20.0,58.0,0.408,2,42.5,0.313,0.129,0.018,0.946,-0.392,0.356,0.063,0.706,0.297,0.361,2.068,4.6,2,0.1
SHOP000677,0,18.0,140.0,0.391,0,117.2,0.404,0.055,0.0,0.782,0.234,0.315,-0.042,-0.238,0.188,0.51,2.23,4.5,2,0.048
SHOP000678,0,23.0,57.0,0.469,3,59.7,0.236,0.092,0.039,0.9,0.129,0.278,0.004,0.83,0.078,0.579,2.356,5.7,0,0.033
SHOP000679,0,16.0,142.0,0.347,2,96.8,0.276,0.029,0.024,0.869,-0.244,0.319,-0.001,-0.126,0.158,0.318,1.882,4.0,2,0.047
SHOP000680,0,22.0,111.0,0.623,2,82.2,0.163,0.076,0.036,0.827,-0.322,0.148,0.054,-1.589,0.132,0.669,2.154,10.6,0,0.031
SHOP000681,0,16.0,250.0,0.581,3,78.6,0.225,0.064,0.076,0.772,0.21,0.26,0.106,-0.205,0.131,0.561,1.885,6.3,2,0.029
SHOP000682,0,5.0,92.0,0.283,3,56.7,0.277,0.131,0.045,0.86,-0.379,0.086,-0.152,-2.458,0.179,0.773,2.017,3.9,0,0.021
SHOP000683,0,13.0,211.0,0.355,1,83.0,0.368,0.082,0.021,0.943,-0.154,0.232,-0.018,-0.904,0.05,0.366,1.924,4.2,1,0.046
SHOP000684,0,18.0,98.0,0.405,2,42.0,0.371,0.102,0.0,0.892,0.069,0.052,0.14,0.089,0.122,0.619,1.668,6.3,1,0.031
SHOP000685,0,24.0,340.0,0.432,1,91.8,0.403,0.09,0.036,0.988,0.29,0.272,0.169,-2.06,0.134,0.387,1.913,4.7,0,0.03
SHOP000686,0,32.0,102.0,0.015,4,29.0,0.208,0.124,0.036,0.767,0.168,0.088,-0.166,0.416,0.093,0.271,2.262,6.2,1,0.044
SHOP000687,0,27.0,243.0,0.793,0,54.0,0.167,0.166,0.083,0.844,0.148,0.277,-0.257,-0.211,0.219,0.566,1.714,2.4,1,0.031
SHOP000688,0,30.0,207.0,0.502,1,10.0,0.322,0.045,0.016,0.883,0.058,0.253,-0.12,-0.891,0.135,0.306,1.763,6.0,2,0.025
SHOP000689,1,17.0,75.0,0.368,1,96.5,0.273,0.056,0.011,0.871,0.166,0.225,0.116,-0.142,0.135,0.18,1.587,5.3,1,0.034
SHOP000690,0,17.0,181.0,0.234,2,88.4,0.333,0.084,0.048,0.906,-0.05,0.208,0.155,0.136,0.221,0.62,0.912,5.8,1,0.065
SHOP000691,0,16.0,147.0,0.451,1,56.1,0.181,0.119,0.031,0.917,0.096,0.156,0.06,-0.015,0.082,0.601,2.324,3.5,1,0.016
SHOP000692,0,16.0,146.0,0.419,1,36.3,0.198,0.071,0.053,0.884,0.049,0.253,0.052,-1.81,0.193,0.404,0.996,6.9,1,0.026
SHOP000693,0,12.0,126.0,0.411,2,74.8,0.398,0.054,0.025,0.938,0.201,0.137,-0.064,2.014,0.146,0.357,2.599,0.6,1,0.031
SHOP000694,0,38.0,314.0,0.212,2,89.8,0.217,0.062,0.018,0.891,-0.109,0.143,0.106,0.148,0.062,0.356,3.419,3.7,0,0.0
SHOP000695,0,16.0,157.0,0.392,3,86.4,0.208,0.036,0.021,0.973,-0.02,0.225,0.148,1.969,0.124,0.347,2.473,3.8,0,0.053
SHOP000696,0,26.0,157.0,0.388,0,118.2,0.429,0.061,0.026,0.891,0.395,0.051,0.259,0.575,0.094,0.264,1.832,3.4,0,0.018
SHOP000697,0,23.0,138.0,0.314,0,142.8,0.19,0.031,0.01,0.919,0.013,0.097,-0.054,2.068,0.094,0.616,2.392,4.2,1,0.012
SHOP000698,0,21.0,180.0,0.242,0,101.9,0.479,0.0,0.021,0.967,-0.006,0.114,0.117,1.323,0.044,0.365,2.545,1.5,0,0.0
SHOP000699,1,25.0,140.0,0.412,2,82.9,0.164,0.044,0.026,0.901,-0.167,0.34,0.109,1.443,0.146,0.538,2.029,4.6,1,0.022
SHOP000700,1,26.0,221.0,0.692,2,68.9,0.391,0.125,0.035,0.803,0.173,0.308,0.127,1.166,0.256,0.636,1.459,5.4,0,0.001
SHOP000701,0,19.0,236.0,0.425,0,90.7,0.448,0.054,0.025,0.917,-0.094,0.243,0.019,-0.384,0.092,0.599,2.812,1.9,1,0.044
SHOP000702,0,27.0,344.0,0.456,0,37.0,0.391,0.045,0.024,0.825,0.063,0.139,-0.037,0.008,0.103,0.493,1.691,3.9,1,0.05
SHOP000703,0,32.0,141.0,0.248,1,87.9,0.272,0.081,0.02,0.787,-0.144,0.103,-0.022,-1.682,0.092,0.562,1.56,5.9,0,0.045
SHOP000704,0,12.0,219.0,0.392,2,197.6,0.197,0.013,0.051,0.753,0.299,0.2,-0.204,-1.429,0.17,0.627,1.044,9.2,1,0.043
SHOP000705,0,23.0,306.0,0.182,0,68.9,0.244,0.083,0.043,0.965,-0.011,0.203,0.086,0.938,0.076,0.151,2.201,5.5,0,0.022
SHOP000706,0,24.0,94.0,0.433,2,108.1,0.258,0.05,0.012,0.908,-0.156,0.255,-0.005,1.005,0.119,0.547,2.166,2.3,0,0.022
SHOP000707,1,15.0,74.0,0.295,2,83.0,0.261,0.101,0.026,0.867,0.084,0.159,-0.015,1.424,0.163,0.4,1.805,5.4,1,0.0
SHOP000708,1,12.0,180.0,0.519,2,126.9,0.328,0.084,0.026,0.915,0.014,0.231,0.051,1.536,0.163,0.317,1.905,6.2,0,0.049
SHOP000709,0,15.0,113.0,0.821,1,109.7,0.295,0.1,0.046,1.0,0.128,0.221,-0.115,0.667,0.192,0.418,1.829,4.7,1,0.03
SHOP000710,1,9.0,206.0,0.185,1,74.2,0.211,0.057,0.004,0.934,-0.103,0.285,-0.026,-0.573,0.075,0.249,2.139,4.2,0,0.006
SHOP000711,1,20.0,201.0,0.405,4,93.3,0.251,0.093,0.041,0.946,0.094,0.317,0.059,-1.218,0.135,0.641,1.036,6.6,2,0.024
SHOP000712,0,23.0,130.0,0.53,0,65.8,0.377,0.032,0.015,0.913,0.248,0.168,-0.051,2.546,0.102,0.376,2.513,7.5,1,0.019
SHOP000713,0,12.0,103.0,0.448,1,87.1,0.322,0.044,0.02,0.926,-0.174,0.256,-0.086,0.524,0.195,0.652,1.992,3.8,0,0.0
SHOP000714,1,19.0,18.0,0.326,0,10.0,0.283,0.076,0.011,0.922,-0.08,0.136,0.167,-0.043,0.204,0.462,1.207,4.6,1,0.053
SHOP000715,1,15.0,254.0,0.273,2,116.2,0.317,0.102,0.022,0.956,-0.048,0.123,0.081,0.382,0.074,0.299,2.375,1.7,1,0.011
SHOP000716,0,16.0,188.0,0.227,1,193.0,0.245,0.043,0.014,0.978,0.093,0.12,-0.057,1.712,0.036,0.218,2.187,4.1,1,0.043
SHOP000717,0,11.0,271.0,0.4,1,37.5,0.269,0.092,0.045,0.852,0.127,0.183,-0.094,0.395,0.182,0.688,2.404,2.7,0,0.0
SHOP000718,0,14.0,126.0,0.577,0,48.3,0.305,0.06,0.026,0.851,-0.035,0.097,0.21,0.646,0.204,0.457,1.97,5.7,0,0.019
SHOP000719,0,24.0,228.0,0.34,0,87.3,0.45,0.027,0.015,0.979,0.01,0.069,-0.058,2.459,0.093,0.413,1.791,4.6,1,0.025
SHOP000720,0,7.0,62.0,0.336,2,57.1,0.32,0.121,0.037,0.872,0.193,0.221,-0.136,-0.989,0.051,0.49,1.915,6.8,1,0.022
SHOP000721,0,17.0,329.0,0.446,1,53.8,0.17,0.11,0.043,0.874,-0.22,0.262,-0.022,-1.669,0.132,0.66,1.631,4.8,0,0.043
SHOP000722,0,30.0,160.0,0.445,1,117.4,0.544,0.037,0.012,0.93,0.207,0.202,0.085,-0.359,0.129,0.432,3.212,4.1,1,0.003
SHOP000723,0,16.0,50.0,0.227,1,167.9,0.253,0.065,0.007,0.954,0.187,0.142,0.06,0.388,0.128,0.37,2.439,1.7,0,0.019
SHOP000724,0,17.0,159.0,0.399,1,162.2,0.498,0.078,0.0,0.81,-0.241,0.193,0.185,-0.15,0.035,0.372,1.786,3.8,2,0.038
SHOP000725,0,21.0,82.0,0.679,4,105.7,0.278,0.097,0.049,0.904,-0.182,0.362,0.145,0.962,0.292,0.628,1.136,7.8,2,0.024
SHOP000726,1,31.0,131.0,0.366,1,89.5,0.292,0.123,0.019,0.811,0.032,0.179,0.003,1.045,0.139,0.331,1.754,6.3,1,0.013
SHOP000727,0,8.0,84.0,0.307,2,70.0,0.16,0.102,0.004,0.857,0.031,0.207,0.07,-1.12,0.205,0.676,2.143,4.9,3,0.058
SHOP000728,0,21.0,73.0,0.334,0,198.0,0.415,0.055,0.007,0.971,0.153,0.241,0.217,0.128,0.007,0.483,1.671,3.4,1,0.032
SHOP000729,0,17.0,36.0,0.496,0,57.2,0.368,0.015,0.014,0.87,0.005,0.189,0.042,1.22,0.071,0.296,1.765,7.8,1,0.0
SHOP000730,0,15.0,115.0,0.259,0,67.8,0.222,0.104,0.028,0.89,0.229,0.268,-0.148,-1.857,0.184,0.612,2.021,0.0,1,0.052
SHOP000731,0,15.0,134.0,0.121,1,41.6,0.257,0.077,0.02,0.952,0.118,0.234,-0.042,-0.414,0.099,0.556,1.774,5.5,2,0.033
SHOP000732,0,30.0,340.0,0.379,0,112.0,0.324,0.065,0.058,0.822,-0.254,0.263,0.011,-0.197,0.201,0.427,2.256,6.5,2,0.067
SHOP000733,0,31.0,132.0,0.488,2,22.1,0.433,0.071,0.027,0.838,-0.049,0.162,-0.019,-0.1,0.159,0.314,1.772,7.0,1,0.009
SHOP000734,0,7.0,92.0,0.321,1,10.0,0.368,0.087,0.031,0.813,0.196,0.215,0.071,-0.853,0.229,0.577,2.593,4.6,1,0.06
SHOP000735,0,23.0,132.0,0.302,0,46.5,0.272,0.034,0.03,0.883,-0.138,0.232,0.087,-1.816,0.139,0.662,1.712,5.3,1,0.023
SHOP000736,1,11.0,144.0,0.415,2,133.4,0.31,0.109,0.051,0.737,-0.208,0.246,-0.299,-0.892,0.159,0.671,1.719,6.0,2,0.0
SHOP000737,1,28.0,127.0,0.373,1,59.6,0.29,0.072,0.031,0.865,0.022,0.084,0.138,0.144,0.199,0.713,1.591,8.6,0,0.0
SHOP000738,0,16.0,283.0,0.346,1,113.8,0.277,0.009,0.01,0.961,0.05,0.183,-0.187,1.757,0.149,0.478,2.661,3.6,0,0.017
SHOP000739,0,25.0,448.0,0.197,0,76.2,0.474,0.045,0.011,0.941,0.062,0.166,0.053,3.357,0.167,0.567,1.962,3.4,0,0.013
SHOP000740,0,19.0,27.0,0.54,3,62.9,0.214,0.094,0.039,0.826,0.184,0.276,0.092,1.138,0.181,0.532,2.69,5.5,2,0.041
SHOP000741,0,19.0,40.0,0.559,3,113.9,0.12,0.152,0.054,0.835,-0.175,0.039,0.048,-2.071,0.179,0.694,1.853,4.7,0,0.029
SHOP000742,0,15.0,140.0,0.447,2,151.5,0.207,0.037,0.03,0.919,0.031,0.152,-0.004,-0.449,0.065,0.522,1.905,3.7,0,0.009
SHOP000743,0,36.0,139.0,0.339,0,59.2,0.452,0.022,0.017,0.993,0.737,0.109,0.204,-0.481,0.15,0.334,3.318,6.1,0,0.011
SHOP000744,0,16.0,109.0,0.221,3,68.5,0.124,0.062,0.008,0.822,-0.086,0.014,-0.035,1.016,0.109,0.497,2.441,4.5,0,0.054
SHOP000745,0,30.0,180.0,0.303,2,59.1,0.196,0.097,0.037,0.87,-0.028,0.202,-0.255,-2.069,0.1,0.542,1.976,7.7,1,0.037
SHOP000746,1,23.0,174.0,0.21,2,35.6,0.097,0.172,0.026,0.809,-0.239,0.223,-0.316,-2.364,0.207,0.192,1.615,10.5,0,0.067
SHOP000747,0,11.0,202.0,0.5,3,120.7,0.044,0.082,0.03,0.926,-0.205,0.334,-0.125,-1.002,0.202,0.467,2.457,3.3,2,0.054
SHOP000748,0,25.0,189.0,0.279,0,62.7,0.35,0.079,0.018,0.91,0.092,0.207,0.032,0.056,0.162,0.428,2.482,6.9,1,0.028
SHOP000749,0,13.0,295.0,0.35,0,55.9,0.412,0.06,0.014,0.93,0.042,0.227,0.055,1.598,0.015,0.384,1.968,1.4,1,0.034
SHOP000750,0,11.0,109.0,0.35,4,29.8,0.335,0.066,0.04,1.0,0.033,0.186,0.052,0.923,0.179,0.343,1.919,6.6,1,0.024
SHOP000751,0,31.0,75.0,0.424,1,114.9,0.324,0.073,0.016,0.942,0.053,0.152,-0.156,-1.077,0.171,0.448,1.711,8.4,1,0.017
SHOP000752,0,31.0,262.0,0.427,1,104.1,0.19,0.017,0.011,0.936,0.069,0.278,0.094,1.491,0.099,0.418,3.153,3.4,1,0.019
SHOP000753,1,11.0,59.0,0.417,0,146.6,0.215,0.125,0.049,0.884,-0.377,0.302,-0.078,-1.125,0.044,0.466,0.588,7.1,3,0.055
SHOP000754,1,16.0,169.0,0.653,1,80.6,0.191,0.13,0.052,0.774,-0.317,0.255,-0.189,-0.483,0.164,0.503,1.361,9.4,1,0.0
SHOP000755,0,22.0,147.0,0.597,3,33.6,0.142,0.053,0.06,0.959,-0.373,0.197,-0.1,-0.736,0.091,0.633,2.073,6.0,3,0.007
SHOP000756,0,24.0,130.0,0.326,0,110.3,0.239,0.009,0.012,0.976,-0.09,0.179,-0.013,1.796,0.125,0.416,1.95,2.8,0,0.047
SHOP000757,1,1.0,23.0,0.424,2,31.6,0.378,0.065,0.022,0.901,-0.106,0.135,-0.088,-0.949,0.138,0.461,1.557,4.4,1,0.067
SHOP000758,0,25.0,169.0,0.443,1,65.5,0.268,0.06,0.021,0.833,0.158,0.181,-0.2,1.372,0.074,0.415,2.353,3.9,1,0.042
SHOP000759,0,5.0,242.0,0.459,2,37.1,0.253,0.019,0.035,0.829,0.098,0.077,-0.031,0.749,0.104,0.344,2.85,2.1,1,0.03
SHOP000760,0,21.0,118.0,0.334,5,36.4,0.298,0.041,0.043,0.925,0.182,0.187,0.137,-1.612,0.2,0.543,1.796,6.0,0,0.015
SHOP000761,0,24.0,180.0,0.373,1,118.6,0.272,0.081,0.021,0.817,0.072,0.242,-0.144,-1.514,0.135,0.288,1.88,4.9,0,0.062
SHOP000762,0,19.0,108.0,0.427,2,122.8,0.103,0.06,0.057,0.806,-0.106,0.166,-0.196,-1.333,0.224,0.052,0.623,6.8,0,0.006
SHOP000763,0,23.0,77.0,0.427,2,83.2,0.228,0.096,0.023,0.809,-0.033,0.284,0.016,1.947,0.124,0.493,2.125,9.1,1,0.057
SHOP000764,0,12.0,113.0,0.53,0,58.3,0.217,0.069,0.021,0.821,-0.124,0.387,0.069,0.508,0.071,0.568,1.715,2.3,1,0.07
SHOP000765,0,23.0,448.0,0.403,0,85.8,0.296,0.011,0.02,0.931,0.038,0.128,-0.024,3.785,0.135,0.808,2.166,7.3,1,0.0
SHOP000766,0,12.0,153.0,0.457,1,64.3,0.291,0.116,0.032,0.855,-0.048,0.256,-0.258,-0.958,0.224,0.483,2.059,6.6,1,0.033
SHOP000767,0,16.0,98.0,0.379,1,75.5,0.223,0.061,0.012,0.961,0.294,0.186,0.182,-0.125,0.07,0.344,2.067,3.9,3,0.024
SHOP000768,0,16.0,155.0,0.447,0,124.0,0.444,0.047,0.006,0.957,0.262,0.077,-0.029,-0.683,0.157,0.536,2.203,5.4,0,0.013
SHOP000769,0,19.0,97.0,0.511,2,77.5,0.326,0.129,0.047,0.763,-0.313,0.476,-0.215,1.58,0.201,0.307,1.976,5.3,1,0.057
SHOP000770,1,6.0,110.0,0.397,1,94.4,0.122,0.157,0.053,0.886,-0.208,0.306,-0.097,-1.326,0.296,0.654,1.599,3.7,2,0.086
SHOP000771,0,25.0,86.0,0.473,3,103.8,0.317,0.077,0.068,0.904,-0.206,0.222,-0.199,0.287,0.215,0.441,1.437,7.2,1,0.003
SHOP000772,0,18.0,104.0,0.4,1,75.9,0.325,0.087,0.023,0.84,-0.056,0.221,-0.125,0.263,0.136,0.54,1.9,7.9,1,0.016
SHOP000773,0,30.0,178.0,0.491,2,90.7,0.391,0.111,0.042,0.787,0.183,0.248,0.056,0.054,0.135,0.46,1.661,6.3,2,0.066
SHOP000774,0,15.0,135.0,0.4,0,150.9,0.259,0.081,0.048,0.92,0.049,0.213,-0.249,-0.043,0.184,0.441,2.289,5.2,1,0.055
SHOP000775,0,25.0,110.0,0.325,1,168.7,0.383,0.081,0.028,0.924,-0.088,0.217,-0.343,-0.166,0.129,0.417,2.15,5.8,3,0.059
SHOP000776,0,13.0,85.0,0.212,1,200.6,0.426,0.043,0.009,0.897,0.196,0.158,-0.006,-0.154,0.044,0.311,2.848,5.1,1,0.029
SHOP000777,0,26.0,188.0,0.474,2,127.7,0.215,0.09,0.029,0.793,-0.163,0.23,0.001,0.974,0.169,0.498,1.974,3.5,0,0.055
SHOP000778,0,28.0,107.0,0.418,1,99.4,0.415,0.083,0.044,0.791,0.125,0.371,-0.132,0.259,0.149,0.513,2.41,4.6,2,0.045
SHOP000779,0,20.0,190.0,0.339,1,231.4,0.309,0.07,0.018,0.974,-0.264,0.245,0.168,-1.663,0.067,0.323,2.418,7.1,0,0.02
SHOP000780,0,32.0,256.0,0.43,2,50.2,0.259,0.038,0.038,0.979,-0.04,0.291,0.071,1.781,0.142,0.444,1.862,5.8,1,0.05
SHOP000781,0,21.0,50.0,0.412,1,174.4,0.234,0.085,0.028,0.948,-0.092,0.159,0.156,-0.445,0.165,0.502,2.634,5.0,0,0.016
SHOP000782,1,1.0,131.0,0.293,2,80.3,0.363,0.099,0.035,0.871,-0.092,0.185,-0.394,-1.146,0.265,0.293,1.049,6.8,2,0.08
SHOP000783,1,17.0,240.0,0.7,2,144.1,0.484,0.077,0.049,0.844,-0.004,0.343,0.051,-1.627,0.134,0.675,2.003,10.0,0,0.009
SHOP000784,0,14.0,333.0,0.514,0,51.6,0.272,0.072,0.026,0.956,0.09,0.341,0.081,1.819,0.132,0.401,2.079,4.1,0,0.042
SHOP000785,1,25.0,186.0,0.202,1,94.4,0.253,0.104,0.048,0.817,-0.03,0.036,-0.248,0.792,0.245,0.456,1.694,3.4,0,0.03
SHOP000786,0,16.0,83.0,0.535,3,112.3,0.109,0.098,0.034,0.977,0.193,0.198,0.166,-0.476,0.227,0.313,2.049,3.8,0,0.079
SHOP000787,0,13.0,93.0,0.43,1,91.0,0.445,0.092,0.036,0.876,0.143,0.106,0.01,1.228,0.112,0.389,2.04,5.7,1,0.03
SHOP000788,0,12.0,245.0,0.346,0,82.8,0.382,0.049,0.021,0.968,0.252,0.053,0.031,1.06,0.098,0.315,2.057,5.1,0,0.018
SHOP000789,0,25.0,260.0,0.345,1,98.3,0.392,0.032,0.032,0.943,0.246,0.116,0.051,-0.208,0.225,0.497,2.302,5.9,1,0.038
SHOP000790,0,16.0,193.0,0.451,0,73.2,0.188,0.062,0.051,0.839,-0.033,0.114,0.012,3.206,0.234,0.608,2.151,4.6,0,0.03
SHOP000791,0,19.0,243.0,0.157,1,69.6,0.316,0.075,0.013,0.977,0.019,0.192,0.16,1.585,0.11,0.611,2.48,5.8,0,0.041
SHOP000792,0,20.0,102.0,0.534,1,61.9,0.179,0.096,0.026,0.806,-0.105,0.164,0.065,1.552,0.172,0.321,1.924,1.5,2,0.052
SHOP000793,1,13.0,176.0,0.264,2,31.0,0.051,0.058,0.034,0.844,0.298,0.213,-0.061,-0.989,0.209,0.45,2.072,2.4,0,0.033
SHOP000794,0,24.0,210.0,0.462,0,82.0,0.229,0.023,0.011,0.967,0.404,0.131,0.019,0.766,0.146,0.354,2.164,2.7,2,0.004
SHOP000795,0,19.0,92.0,0.354,3,107.9,0.414,0.042,0.015,0.874,0.297,0.208,0.076,0.736,0.171,0.4,3.032,8.8,1,0.042
SHOP000796,0,15.0,55.0,0.618,1,63.8,0.366,0.097,0.033,0.928,0.069,0.226,0.175,-2.031,0.12,0.727,2.313,4.9,0,0.04
SHOP000797,1,11.0,78.0,0.349,1,53.3,0.231,0.078,0.019,0.89,-0.319,0.111,-0.098,-0.913,0.14,0.44,1.259,10.9,0,0.076
SHOP000798,0,27.0,63.0,0.258,3,50.5,0.422,0.115,0.016,0.843,-0.122,0.338,-0.112,-1.016,0.246,0.313,2.113,11.3,0,0.051
SHOP000799,0,22.0,74.0,0.328,1,72.2,0.227,0.107,0.027,0.956,-0.165,0.0,0.042,-1.164,0.101,0.373,2.99,4.1,0,0.056
SHOP000800,0,29.0,48.0,0.284,1,66.8,0.398,0.06,0.028,1.0,0.129,0.178,0.058,0.7,0.152,0.491,1.444,1.0,1,0.041
SHOP000801,0,13.0,113.0,0.34,1,62.2,0.344,0.069,0.02,0.888,0.062,0.06,0.054,1.193,0.069,0.459,2.346,1.2,1,0.041
SHOP000802,0,16.0,230.0,0.432,1,148.4,0.377,0.105,0.055,0.913,0.042,0.227,0.12,0.498,0.133,0.55,1.65,4.7,1,0.04
SHOP000803,1,11.0,240.0,0.347,1,75.8,0.273,0.096,0.044,0.909,-0.075,0.298,0.002,-0.599,0.308,0.446,1.685,4.8,0,0.013
SHOP000804,1,2.0,184.0,0.555,1,58.1,0.14,0.086,0.068,0.792,-0.007,0.44,-0.071,1.233,0.23,0.402,1.655,5.4,3,0.051
SHOP000805,0,6.0,190.0,0.599,1,149.2,0.139,0.031,0.027,0.808,-0.13,0.093,-0.015,0.398,0.252,0.484,2.519,2.1,1,0.008
SHOP000806,1,26.0,112.0,0.48,1,93.4,0.146,0.026,0.035,0.943,0.157,0.13,-0.013,-0.225,0.14,0.589,1.706,2.3,1,0.045
SHOP000807,0,17.0,172.0,0.265,2,94.1,0.405,0.081,0.012,0.895,0.08,0.11,-0.025,2.441,0.138,0.305,2.439,6.7,0,0.028
SHOP000808,0,45.0,131.0,0.372,1,50.1,0.163,0.08,0.056,0.911,0.14,0.175,0.064,0.92,0.013,0.531,2.271,8.4,0,0.022
SHOP000809,0,17.0,53.0,0.407,2,16.9,0.331,0.081,0.03,0.824,-0.141,0.215,0.061,0.762,0.151,0.411,2.731,5.7,1,0.02
SHOP000810,1,23.0,143.0,0.383,0,64.2,0.325,0.072,0.028,0.866,-0.085,0.228,-0.011,0.315,0.13,0.438,1.769,1.3,1,0.053
SHOP000811,0,16.0,146.0,0.353,0,101.5,0.167,0.057,0.027,1.0,0.139,0.22,0.091,1.128,0.156,0.465,1.944,2.6,1,0.0
SHOP000812,0,14.0,202.0,0.407,3,45.4,0.152,0.046,0.017,0.861,-0.06,0.261,-0.011,-0.555,0.063,0.308,1.266,4.6,0,0.063
SHOP000813,1,36.0,115.0,0.557,1,37.0,0.298,0.038,0.022,0.861,-0.049,0.206,0.074,2.656,0.208,0.388,2.339,4.2,0,0.04
SHOP000814,0,20.0,121.0,0.56,0,94.6,0.248,0.036,0.01,0.854,0.066,0.184,-0.038,0.722,0.055,0.355,2.631,4.0,0,0.008
SHOP000815,1,20.0,153.0,0.505,0,100.9,0.262,0.099,0.057,0.956,0.241,0.148,0.118,2.333,0.154,0.52,1.712,9.3,1,0.0
SHOP000816,0,16.0,263.0,0.259,1,148.1,0.292,0.082,0.024,0.891,0.105,0.218,0.108,0.481,0.222,0.289,1.632,6.0,1,0.02
SHOP000817,1,19.0,271.0,0.374,2,143.7,0.225,0.058,0.045,0.919,-0.093,0.158,0.205,2.485,0.067,0.519,2.591,4.2,1,0.044
SHOP000818,0,10.0,275.0,0.491,1,93.4,0.152,0.057,0.03,0.858,-0.013,0.262,-0.054,0.345,0.069,0.361,1.746,5.1,1,0.047
SHOP000819,0,25.0,126.0,0.414,2,117.1,0.293,0.046,0.004,0.92,0.135,0.223,0.087,2.021,0.127,0.452,2.652,3.2,1,0.012
SHOP000820,0,18.0,237.0,0.405,1,99.7,0.26,0.069,0.0,0.864,0.25,0.173,0.065,1.966,0.162,0.503,2.471,2.5,1,0.062
SHOP000821,1,10.0,93.0,0.631,2,49.5,0.244,0.059,0.028,0.73,-0.061,0.267,0.208,-0.07,0.118,0.606,1.529,11.1,0,0.015
SHOP000822,0,23.0,297.0,0.506,1,100.7,0.474,0.058,0.0,0.961,0.037,0.255,0.1,0.098,0.102,0.303,2.9,4.3,0,0.017
SHOP000823,0,26.0,143.0,0.395,0,222.7,0.139,0.071,0.014,0.987,0.26,0.24,0.07,1.837,0.039,0.091,1.661,0.5,0,0.003
SHOP000824,0,17.0,144.0,0.233,1,143.3,0.387,0.016,0.024,0.908,0.337,0.204,-0.113,0.182,0.067,0.316,2.96,6.2,0,0.0
SHOP000825,0,22.0,186.0,0.502,0,64.5,0.296,0.115,0.012,0.91,-0.079,0.27,0.015,0.61,0.149,0.457,2.001,6.5,0,0.027
SHOP000826,0,10.0,58.0,0.258,3,65.2,0.335,0.071,0.032,0.975,-0.041,0.226,0.065,1.022,0.154,0.442,2.249,7.0,1,0.038
SHOP000827,0,24.0,206.0,0.168,0,54.9,0.325,0.077,0.031,0.923,-0.058,0.278,0.109,0.638,0.186,0.072,1.932,5.3,0,0.049
SHOP000828,1,18.0,46.0,0.515,4,96.4,0.151,0.117,0.027,0.928,-0.117,0.401,0.003,-1.815,0.222,0.71,2.301,7.5,2,0.064
SHOP000829,0,10.0,288.0,0.28,0,164.0,0.322,0.039,0.014,1.0,0.242,0.029,0.041,1.68,0.1,0.413,2.78,3.0,0,0.008
SHOP000830,1,35.0,219.0,0.477,3,133.0,0.14,0.077,0.034,0.965,0.049,0.391,0.131,0.786,0.189,0.463,1.918,7.1,3,0.053
SHOP000831,0,21.0,152.0,0.837,1,97.9,0.297,0.176,0.033,0.851,-0.097,0.134,-0.112,-0.424,0.075,0.482,1.596,4.1,1,0.034
SHOP000832,0,30.0,275.0,0.326,0,92.7,0.33,0.066,0.019,0.984,0.197,0.158,-0.028,2.453,0.081,0.503,2.006,0.8,0,0.013
SHOP000833,0,6.0,116.0,0.323,0,180.6,0.322,0.056,0.027,0.884,0.06,0.064,-0.028,0.846,0.095,0.485,2.277,4.2,0,0.037
SHOP000834,0,17.0,391.0,0.549,2,94.9,0.441,0.05,0.016,0.93,0.125,0.161,-0.04,0.863,0.079,0.367,2.114,4.3,0,0.02
SHOP000835,0,31.0,256.0,0.623,1,192.0,0.428,0.078,0.021,0.908,-0.132,0.243,-0.183,-1.019,0.07,0.588,2.196,1.2,2,0.035
SHOP000836,1,19.0,139.0,0.386,1,125.2,0.3,0.069,0.05,0.894,-0.295,0.159,-0.105,1.918,0.106,0.506,2.66,3.7,0,0.042
SHOP000837,1,10.0,203.0,0.344,1,49.9,0.156,0.105,0.04,0.758,-0.151,0.195,0.12,0.43,0.205,0.359,2.228,3.9,1,0.081
SHOP000838,0,18.0,145.0,0.45,2,93.6,0.251,0.007,0.023,0.894,0.259,0.145,-0.199,-2.516,0.181,0.522,1.875,3.9,1,0.05
SHOP000839,0,22.0,130.0,0.179,2,65.6,0.299,0.046,0.011,0.937,0.282,0.187,0.071,-0.216,0.223,0.27,2.74,2.9,1,0.012
SHOP000840,1,21.0,133.0,0.496,0,10.0,0.223,0.111,0.031,0.742,-0.193,0.131,-0.271,-1.043,0.139,0.481,1.745,4.9,0,0.05
SHOP000841,1,1.0,73.0,0.472,1,128.8,0.253,0.031,0.031,0.864,0.228,0.195,-0.146,0.691,0.18,0.427,2.311,3.7,0,0.007
SHOP000842,1,28.0,199.0,0.894,1,71.1,0.248,0.061,0.026,0.877,-0.367,0.326,-0.195,1.549,0.251,0.633,2.179,8.4,4,0.075
SHOP000843,0,31.0,60.0,0.354,0,62.9,0.276,0.073,0.031,0.993,-0.222,0.243,0.009,1.405,0.114,0.481,2.71,3.2,0,0.036
SHOP000844,0,26.0,1.0,0.378,1,96.4,0.235,0.055,0.029,0.944,0.004,0.079,0.052,-1.125,0.162,0.58,1.365,5.4,1,0.063
SHOP000845,0,26.0,198.0,0.22,1,59.7,0.245,0.04,0.029,0.993,-0.042,0.137,0.027,0.824,0.204,0.504,1.73,9.1,1,0.054
SHOP000846,1,10.0,228.0,0.415,1,59.6,0.258,0.19,0.051,0.822,0.018,0.148,-0.101,-1.937,0.268,0.49,2.164,6.0,1,0.087
SHOP000847,1,24.0,204.0,0.394,1,76.7,0.354,0.102,0.026,0.868,-0.072,0.159,-0.013,-3.311,0.181,0.562,2.831,1.1,1,0.059
SHOP000848,0,11.0,62.0,0.257,2,116.2,0.535,0.014,0.028,0.964,0.277,0.211,0.213,-0.06,0.19,0.487,1.512,2.7,1,0.047
SHOP000849,0,20.0,110.0,0.504,1,109.8,0.203,0.005,0.042,0.905,-0.071,0.364,0.041,0.073,0.181,0.462,0.919,6.8,1,0.026
SHOP000850,0,12.0,77.0,0.403,0,41.9,0.306,0.03,0.033,0.935,-0.216,0.035,-0.031,1.024,0.212,0.343,2.045,5.5,2,0.016
SHOP000851,0,28.0,169.0,0.565,1,20.2,0.229,0.054,0.021,0.926,0.034,0.194,0.133,0.829,0.201,0.562,2.671,3.2,1,0.036
SHOP000852,1,23.0,92.0,0.435,4,111.8,0.291,0.051,0.046,0.933,0.112,0.253,0.059,1.315,0.089,0.447,2.087,3.8,1,0.044
SHOP000853,0,18.0,144.0,0.484,4,59.4,0.406,0.074,0.039,0.88,0.08,0.106,0.018,1.182,0.224,0.297,1.739,5.7,1,0.004
SHOP000854,0,27.0,138.0,0.424,0,51.5,0.208,0.052,0.016,0.911,0.128,0.333,-0.209,-1.441,0.197,0.623,1.961,5.2,1,0.032
SHOP000855,0,21.0,214.0,0.447,1,91.4,0.33,0.039,0.023,0.996,0.053,0.122,0.034,-0.649,0.093,0.512,2.901,3.6,2,0.035
SHOP000856,1,17.0,81.0,0.462,2,69.6,0.372,0.039,0.048,0.983,-0.036,0.251,0.023,1.095,0.037,0.48,1.868,7.9,1,0.08
SHOP000857,0,9.0,145.0,0.302,0,121.5,0.069,0.041,0.02,0.839,0.036,0.261,-0.161,0.393,0.192,0.494,1.567,7.1,1,0.034
SHOP000858,0,17.0,303.0,0.469,0,36.9,0.456,0.034,0.009,0.971,0.185,0.158,-0.091,2.213,0.089,0.518,2.577,8.5,1,0.024
SHOP000859,0,16.0,143.0,0.429,4,162.4,0.271,0.024,0.025,0.974,-0.047,0.266,-0.084,-0.351,0.055,0.455,2.265,5.4,1,0.063
SHOP000860,0,15.0,63.0,0.205,2,98.0,0.464,0.065,0.01,0.936,0.101,0.079,-0.012,-0.091,0.125,0.42,2.472,2.6,2,0.043
SHOP000861,0,16.0,313.0,0.144,1,39.0,0.093,0.054,0.005,0.95,-0.181,0.1,-0.006,1.081,0.154,0.458,1.993,4.8,1,0.0
SHOP000862,0,22.0,133.0,0.455,0,52.5,0.244,0.068,0.032,0.872,0.087,0.164,-0.033,0.743,0.148,0.491,1.248,6.4,1,0.057
SHOP000863,0,16.0,162.0,0.404,2,62.1,0.11,0.087,0.015,0.991,-0.245,0.152,0.115,0.477,0.159,0.422,2.386,6.1,0,0.012
SHOP000864,0,20.0,165.0,0.453,3,76.6,0.187,0.011,0.033,0.857,-0.096,0.155,0.087,-1.773,0.115,0.406,2.653,5.4,1,0.019
SHOP000865,0,6.0,131.0,0.461,0,109.8,0.291,0.097,0.041,0.771,-0.096,0.317,-0.212,0.325,0.137,0.445,1.673,7.4,2,0.022
SHOP000866,0,24.0,69.0,0.277,0,98.3,0.281,0.026,0.013,0.893,0.233,0.117,0.078,-1.207,0.163,0.318,2.047,4.0,0,0.029
SHOP000867,0,30.0,148.0,0.439,2,55.3,0.505,0.077,0.013,0.94,0.15,0.109,0.086,0.124,0.136,0.543,2.055,4.8,1,0.043
SHOP000868,0,18.0,123.0,0.271,0,132.1,0.228,0.045,0.022,0.913,0.039,0.102,0.213,-0.296,0.134,0.402,2.25,3.6,0,0.0
SHOP000869,0,14.0,100.0,0.341,1,164.1,0.197,0.106,0.02,0.799,-0.147,0.317,-0.036,-0.239,0.157,0.403,1.941,2.8,0,0.016
SHOP000870,0,8.0,141.0,0.306,1,102.7,0.283,0.013,0.002,0.996,-0.117,0.34,-0.121,0.25,0.149,0.397,2.204,6.2,0,0.045
SHOP000871,0,42.0,5.0,0.317,1,84.5,0.253,0.037,0.038,0.931,-0.019,0.128,0.238,0.614,0.098,0.233,2.096,5.2,0,0.009
SHOP000872,0,23.0,80.0,0.527,0,104.3,0.204,0.063,0.008,0.871,-0.155,0.195,-0.123,0.087,0.148,0.417,2.017,7.2,1,0.037
SHOP000873,0,24.0,6.0,0.653,0,66.4,0.413,0.104,0.068,0.759,0.242,0.226,0.16,1.088,0.062,0.318,1.679,0.4,0,0.044
SHOP000874,0,19.0,161.0,0.268,0,84.2,0.141,0.043,0.021,0.979,0.356,0.187,0.036,-0.597,0.157,0.46,2.391,1.2,1,0.001
SHOP000875,0,25.0,396.0,0.416,0,92.9,0.423,0.049,0.025,0.986,0.517,0.167,0.123,1.889,0.114,0.234,1.783,5.1,0,0.01
SHOP000876,0,19.0,32.0,0.425,0,153.2,0.132,0.063,0.021,0.933,0.243,0.185,0.07,0.014,0.097,0.357,2.382,6.9,1,0.014
SHOP000877,1,7.0,196.0,0.482,1,97.7,0.483,0.092,0.025,1.0,0.03,0.108,0.157,0.948,0.125,0.363,2.421,6.0,0,0.043
SHOP000878,0,20.0,119.0,0.529,1,54.1,0.294,0.062,0.011,0.89,-0.028,0.207,-0.122,0.15,0.119,0.42,1.541,5.9,1,0.031
SHOP000879,0,25.0,221.0,0.365,2,147.0,0.116,0.076,0.022,0.904,0.182,0.212,-0.087,-0.129,0.133,0.421,2.272,4.4,0,0.0
SHOP000880,1,26.0,62.0,0.418,1,98.8,0.303,0.062,0.029,0.92,-0.001,0.163,0.212,-0.67,0.181,0.395,1.985,5.0,1,0.02
SHOP000881,1,3.0,207.0,0.237,1,92.8,0.304,0.056,0.048,0.891,-0.367,0.06,-0.062,0.482,0.171,0.606,2.663,6.8,0,0.095
SHOP000882,0,21.0,69.0,0.204,1,93.3,0.444,0.053,0.029,0.937,0.209,0.165,0.167,0.314,0.103,0.53,2.262,4.4,1,0.01
SHOP000883,0,20.0,118.0,0.211,0,71.4,0.32,0.078,0.009,0.938,0.232,0.122,0.139,0.595,0.133,0.302,2.186,3.8,0,0.032
SHOP000884,0,16.0,279.0,0.191,0,68.6,0.315,0.059,0.025,0.932,0.268,0.191,0.203,-0.402,0.161,0.53,2.153,4.1,0,0.043
SHOP000885,1,15.0,30.0,0.492,5,34.0,0.343,0.048,0.019,0.86,0.132,0.232,0.148,-0.054,0.196,0.39,2.418,4.2,2,0.012
SHOP000886,0,22.0,101.0,0.401,2,77.6,0.32,0.064,0.007,0.773,-0.246,0.112,-0.207,-0.811,0.156,0.444,2.294,2.6,0,0.1
SHOP000887,0,23.0,42.0,0.423,2,45.4,0.411,0.095,0.045,0.85,0.11,0.074,-0.154,2.336,0.074,0.337,2.283,5.2,0,0.037
SHOP000888,0,21.0,34.0,0.091,0,69.6,0.305,0.08,0.016,0.911,0.3,0.115,0.274,-0.142,0.112,0.326,2.688,1.7,0,0.017
SHOP000889,0,19.0,193.0,0.299,0,71.2,0.323,0.042,0.03,0.913,0.133,0.192,0.209,2.525,0.067,0.309,1.665,6.4,1,0.002
SHOP000890,0,19.0,186.0,0.309,0,51.3,0.387,0.042,0.023,0.949,0.056,0.286,0.194,1.026,0.203,0.531,2.191,5.8,0,0.005
SHOP000891,0,9.0,113.0,0.494,0,101.4,0.078,0.064,0.02,0.931,0.083,0.198,0.071,0.291,0.155,0.502,2.898,6.0,1,0.011
SHOP000892,0,11.0,255.0,0.483,0,102.8,0.373,0.024,0.025,0.935,0.04,0.14,-0.051,-0.51,0.136,0.406,2.86,3.4,0,0.054
SHOP000893,0,10.0,31.0,0.49,0,99.0,0.434,0.05,0.023,0.807,0.036,0.215,0.017,-0.517,0.186,0.409,2.06,4.1,1,0.022
SHOP000894,0,32.0,238.0,0.526,1,97.6,0.226,0.041,0.011,0.966,0.253,0.174,0.134,1.452,0.212,0.473,2.26,4.2,0,0.031
SHOP000895,0,13.0,191.0,0.744,2,53.1,0.252,0.1,0.043,0.73,-0.115,0.1,0.031,-2.108,0.189,0.523,2.125,5.4,1,0.056
SHOP000896,0,23.0,157.0,0.352,2,113.8,0.389,0.046,0.01,0.89,0.224,0.176,-0.024,-1.154,0.2,0.248,1.862,2.9,0,0.036
SHOP000897,0,38.0,175.0,0.332,1,100.4,0.513,0.059,0.007,0.889,-0.015,0.231,0.129,-0.378,0.226,0.501,2.381,8.3,0,0.027
SHOP000898,0,1.0,178.0,0.189,2,120.0,0.024,0.101,0.047,0.875,-0.352,0.119,0.248,-0.409,0.137,0.416,1.773,1.4,3,0.022
SHOP000899,0,4.0,125.0,0.163,0,64.0,0.437,0.043,0.022,0.968,0.369,0.099,0.287,2.827,0.072,0.214,2.975,8.0,0,0.036
SHOP000900,0,18.0,172.0,0.459,2,78.7,0.154,0.073,0.02,0.884,0.216,0.153,-0.029,0.656,0.152,0.48,2.3,9.0,1,0.029
SHOP000901,0,15.0,224.0,0.437,1,48.6,0.301,0.059,0.022,0.851,0.123,0.193,0.115,1.306,0.078,0.492,2.094,4.8,1,0.005
SHOP000902,0,9.0,186.0,0.145,2,119.7,0.096,0.018,0.01,0.9,0.026,0.195,0.131,-0.257,0.111,0.52,2.403,3.3,0,0.049
SHOP000903,1,24.0,143.0,0.42,1,139.3,0.116,0.139,0.037,0.682,-0.21,0.376,-0.007,-1.899,0.191,0.548,0.902,5.0,0,0.139
SHOP000904,0,21.0,89.0,0.299,1,106.9,0.277,0.074,0.0,0.965,0.109,0.229,0.045,0.973,0.212,0.443,2.538,1.7,0,0.028
SHOP000905,1,16.0,91.0,0.189,4,36.5,0.376,0.205,0.062,0.882,-0.001,0.317,0.051,-2.027,0.383,0.632,3.036,7.9,1,0.036
SHOP000906,0,17.0,104.0,0.431,0,17.5,0.449,0.027,0.028,0.819,0.506,0.186,0.211,0.535,0.082,0.56,2.732,9.3,1,0.045
SHOP000907,0,20.0,180.0,0.402,1,45.3,0.347,0.026,0.01,0.897,0.064,0.235,-0.02,2.38,0.083,0.329,2.456,3.3,1,0.019
SHOP000908,0,15.0,103.0,0.455,1,72.4,0.294,0.092,0.029,0.888,0.229,0.122,0.045,2.657,0.11,0.666,3.158,8.7,1,0.024
SHOP000909,0,18.0,345.0,0.484,0,96.3,0.357,0.044,0.029,0.952,0.217,0.197,-0.037,0.461,0.222,0.38,2.469,4.2,0,0.021
SHOP000910,0,26.0,227.0,0.335,0,35.6,0.388,0.056,0.011,0.933,0.116,0.163,0.118,1.096,0.155,0.182,2.737,5.6,0,0.005
SHOP000911,0,19.0,253.0,0.419,0,54.1,0.382,0.098,0.042,0.871,0.143,0.245,0.031,-0.39,0.189,0.42,1.586,4.8,0,0.052
SHOP000912,0,16.0,213.0,0.461,1,69.5,0.297,0.089,0.021,0.887,-0.029,0.22,-0.011,-0.083,0.173,0.459,2.107,5.9,3,0.035
SHOP000913,0,18.0,293.0,0.196,1,67.6,0.239,0.08,0.009,0.929,0.156,0.112,0.081,1.599,0.147,0.432,2.298,5.3,1,0.006
SHOP000914,0,10.0,119.0,0.413,3,78.5,0.138,0.054,0.071,0.881,-0.232,0.201,-0.163,-1.025,0.187,0.488,2.128,6.9,1,0.049
SHOP000915,1,12.0,167.0,0.69,2,111.2,0.121,0.072,0.044,0.804,-0.014,0.144,0.113,-0.553,0.031,0.656,1.174,9.6,0,0.04
SHOP000916,1,16.0,196.0,0.423,1,156.1,0.049,0.066,0.018,0.859,-0.027,0.402,0.257,0.867,0.093,0.421,1.655,8.6,3,0.034
SHOP000917,1,22.0,201.0,0.629,1,87.1,0.233,0.082,0.013,0.842,-0.115,0.364,0.076,-1.562,0.175,0.645,2.323,5.3,0,0.063
SHOP000918,0,24.0,106.0,0.283,1,70.7,0.296,0.123,0.037,0.963,0.131,0.312,0.187,-2.588,0.055,0.257,1.058,3.4,0,0.052
SHOP000919,0,7.0,40.0,0.434,2,82.8,0.328,0.006,0.018,1.0,0.106,0.073,-0.047,1.603,0.106,0.622,1.789,0.0,1,0.015
SHOP000920,0,4.0,236.0,0.437,1,64.6,0.369,0.047,0.004,0.9,0.346,0.158,-0.017,0.199,0.091,0.386,2.246,2.5,0,0.044
SHOP000921,0,33.0,173.0,0.192,1,26.1,0.317,0.059,0.019,0.937,0.566,0.119,0.097,1.989,0.153,0.577,3.094,3.6,1,0.035
SHOP000922,0,23.0,211.0,0.471,2,107.0,0.276,0.105,0.017,0.863,0.066,0.192,-0.13,-1.587,0.098,0.362,2.407,5.7,0,0.024
SHOP000923,0,34.0,21.0,0.374,2,24.0,0.145,0.033,0.032,0.918,0.029,0.194,0.124,0.448,0.11,0.593,2.247,5.6,1,0.025
SHOP000924,0,18.0,136.0,0.415,0,80.3,0.527,0.132,0.03,0.883,-0.074,0.203,0.007,-1.324,0.108,0.372,1.836,1.6,0,0.018
SHOP000925,1,20.0,204.0,0.468,2,41.3,0.162,0.115,0.02,0.828,-0.188,0.218,0.035,-1.525,0.178,0.342,1.812,4.8,2,0.048
SHOP000926,0,21.0,208.0,0.508,3,72.1,0.278,0.036,0.029,0.892,0.062,0.2,0.149,0.124,0.206,0.314,2.433,7.1,1,0.027
SHOP000927,0,22.0,39.0,0.578,0,69.1,0.298,0.047,0.033,0.816,-0.295,0.163,-0.053,0.484,0.111,0.392,2.089,5.6,3,0.056
SHOP000928,0,13.0,77.0,0.532,1,81.1,0.178,0.043,0.044,0.874,0.118,0.218,0.06,0.825,0.118,0.644,1.876,5.0,0,0.046
SHOP000929,0,25.0,145.0,0.409,2,103.4,0.391,0.041,0.002,0.828,-0.153,0.218,0.154,-0.006,0.066,0.248,2.161,6.8,1,0.037
SHOP000930,0,22.0,229.0,0.451,0,49.6,0.346,0.069,0.021,0.751,-0.144,0.198,-0.025,0.791,0.295,0.48,2.268,5.6,1,0.055
SHOP000931,1,20.0,199.0,0.532,0,38.2,0.283,0.087,0.034,0.797,-0.275,0.228,-0.02,1.927,0.134,0.469,2.373,4.7,2,0.056
SHOP000932,1,14.0,49.0,0.413,3,51.9,0.31,0.085,0.049,0.818,0.225,0.54,0.137,-0.139,0.169,0.583,1.922,6.7,4,0.053
SHOP000933,1,1.0,198.0,0.621,1,197.6,0.265,0.143,0.051,0.882,-0.119,0.243,-0.089,-1.86,0.243,0.535,2.374,7.3,3,0.021
SHOP000934,0,14.0,204.0,0.738,1,56.9,0.336,0.064,0.027,0.887,-0.023,0.215,-0.005,0.494,0.135,0.525,1.864,6.3,2,0.065
SHOP000935,0,13.0,120.0,0.436,3,74.9,0.237,0.11,0.078,0.872,-0.043,0.292,0.111,0.003,0.2,0.573,1.339,3.2,1,0.068
SHOP000936,0,30.0,172.0,0.391,0,109.6,0.329,0.065,0.005,0.895,0.245,0.191,0.133,1.235,0.107,0.357,2.244,4.2,1,0.013
SHOP000937,0,19.0,332.0,0.211,0,122.5,0.343,0.069,0.046,1.0,-0.227,0.149,0.018,0.307,0.134,0.484,2.48,5.4,0,0.038
SHOP000938,1,14.0,43.0,0.824,2,23.5,0.248,0.029,0.037,0.805,0.024,0.315,-0.069,-2.599,0.24,0.279,1.873,5.2,2,0.091
SHOP000939,0,25.0,100.0,0.523,0,85.5,0.405,0.085,0.02,0.81,-0.284,0.306,-0.009,0.059,0.203,0.549,2.531,6.2,1,0.097
SHOP000940,0,15.0,32.0,0.427,2,88.5,0.225,0.098,0.004,0.951,-0.139,0.373,-0.212,0.304,0.035,0.299,2.273,4.4,0,0.024
SHOP000941,1,7.0,121.0,0.463,2,45.8,0.22,0.081,0.032,0.719,0.155,0.107,0.269,-0.281,0.181,0.475,1.928,6.4,0,0.021
SHOP000942,0,14.0,182.0,0.381,1,90.0,0.248,0.122,0.04,0.86,0.133,0.262,-0.109,0.373,0.238,0.634,2.241,4.0,0,0.075
SHOP000943,0,28.0,110.0,0.257,3,90.2,0.148,0.037,0.025,0.788,-0.054,0.212,-0.003,1.096,0.032,0.422,2.189,7.7,3,0.022
SHOP000944,0,27.0,75.0,0.469,0,101.1,0.277,0.034,0.013,0.905,0.049,0.2,-0.026,-1.128,0.082,0.47,3.114,1.3,0,0.025
SHOP000945,0,19.0,197.0,0.375,2,128.6,0.297,0.059,0.056,0.959,0.071,0.15,0.245,-1.07,0.143,0.387,2.554,4.0,1,0.031
SHOP000946,0,12.0,244.0,0.434,3,88.8,0.334,0.067,0.023,0.837,0.187,0.265,0.133,0.183,0.207,0.689,2.095,4.8,0,0.024
SHOP000947,0,24.0,134.0,0.256,1,131.8,0.447,0.047,0.004,1.0,0.19,0.118,0.197,2.031,0.084,0.421,2.34,4.0,0,0.009
SHOP000948,0,7.0,127.0,0.55,1,109.6,0.216,0.042,0.033,0.887,-0.305,0.15,-0.151,-1.024,0.151,0.451,1.776,6.2,0,0.031
SHOP000949,0,25.0,191.0,0.206,0,151.7,0.242,0.011,0.018,0.932,0.076,0.197,0.21,0.617,0.071,0.205,2.384,4.0,0,0.002
SHOP000950,0,29.0,380.0,0.325,0,102.5,0.324,0.036,0.0,0.879,0.49,0.0,0.018,1.13,0.131,0.345,1.498,3.1,1,0.026
SHOP000951,0,26.0,1.0,0.288,1,64.4,0.452,0.039,0.023,0.913,0.144,0.248,-0.049,0.46,0.194,0.349,1.98,3.0,1,0.027
SHOP000952,1,20.0,353.0,0.394,2,112.3,0.0,0.065,0.031,0.829,0.011,0.308,0.103,-1.226,0.191,0.544,1.042,5.7,1,0.021
SHOP000953,0,28.0,125.0,0.146,0,51.6,0.295,0.027,0.023,0.874,0.057,0.19,0.285,-0.245,0.155,0.599,2.726,5.6,0,0.03
SHOP000954,1,19.0,270.0,0.43,1,103.9,0.294,0.021,0.026,0.873,0.332,0.248,-0.024,-0.35,0.203,0.506,2.386,6.2,1,0.007
SHOP000955,0,14.0,5.0,0.288,2,24.8,0.027,0.044,0.056,0.954,0.082,0.254,-0.081,0.435,0.152,0.643,2.293,9.4,2,0.059
SHOP000956,0,22.0,255.0,0.342,1,57.0,0.314,0.096,0.046,0.922,0.182,0.21,-0.101,0.657,0.205,0.184,2.035,5.1,1,0.068
SHOP000957,1,1.0,151.0,0.803,3,271.4,0.208,0.082,0.023,0.865,-0.227,0.223,0.001,-1.634,0.325,0.617,2.579,11.9,0,0.099
SHOP000958,1,14.0,43.0,0.427,0,104.5,0.3,0.12,0.04,0.944,-0.037,0.238,-0.017,1.164,0.047,0.318,1.937,4.3,1,0.021
SHOP000959,0,17.0,159.0,0.506,3,114.3,0.329,0.094,0.033,0.903,-0.067,0.228,-0.16,-1.175,0.189,0.05,1.067,6.9,1,0.059
SHOP000960,1,16.0,178.0,0.549,3,276.4,0.329,0.028,0.041,0.761,-0.057,0.139,-0.021,-0.282,0.182,0.682,1.58,5.8,0,0.061
SHOP000961,0,28.0,38.0,0.595,3,104.8,0.176,0.097,0.003,0.938,0.094,0.116,0.054,0.572,0.131,0.567,1.748,5.8,1,0.022
SHOP000962,0,16.0,232.0,0.369,0,31.2,0.293,0.064,0.026,0.92,0.084,0.21,-0.089,0.56,0.189,0.29,1.858,6.5,1,0.006
SHOP000963,0,17.0,61.0,0.374,0,73.9,0.451,0.102,0.023,0.926,0.208,0.311,0.107,0.128,0.225,0.317,1.872,4.9,0,0.034
SHOP000964,0,9.0,82.0,0.315,3,62.3,0.166,0.069,0.032,0.849,0.003,0.11,0.009,0.687,0.081,0.247,1.887,4.4,2,0.048
SHOP000965,0,28.0,382.0,0.313,1,125.9,0.093,0.066,0.015,0.974,0.321,0.259,0.053,2.206,0.114,0.348,1.734,3.7,0,0.034
SHOP000966,0,19.0,86.0,0.533,1,44.6,0.32,0.111,0.022,0.879,0.133,0.252,0.082,0.847,0.075,0.512,1.382,5.0,1,0.043
SHOP000967,0,20.0,16.0,0.294,0,70.0,0.294,0.058,0.025,0.942,-0.02,0.209,-0.093,0.978,0.064,0.44,1.291,4.6,0,0.016
SHOP000968,1,18.0,166.0,0.57,3,110.1,0.257,0.047,0.043,0.941,-0.127,0.263,-0.036,-1.125,0.279,0.237,1.837,5.8,0,0.035
SHOP000969,0,12.0,164.0,0.229,2,78.2,0.18,0.091,0.024,0.935,-0.031,0.199,-0.15,-0.17,0.116,0.505,1.837,6.3,0,0.037
SHOP000970,0,19.0,173.0,0.311,1,10.4,0.214,0.101,0.03,0.892,0.196,0.165,0.107,0.317,0.169,0.562,2.44,4.8,0,0.044
SHOP000971,0,10.0,55.0,0.18,1,50.0,0.364,0.066,0.021,0.839,-0.011,0.26,-0.004,0.028,0.145,0.254,2.678,6.7,1,0.031
SHOP000972,1,8.0,319.0,0.5,1,71.4,0.213,0.123,0.034,0.858,0.025,0.115,0.075,-1.127,0.14,0.576,2.192,2.2,1,0.052
SHOP000973,0,20.0,219.0,0.681,1,151.2,0.264,0.061,0.011,0.909,-0.029,0.185,0.08,-0.255,0.007,0.268,2.547,10.5,0,0.06
SHOP000974,0,23.0,134.0,0.444,0,106.6,0.298,0.093,0.0,0.883,0.065,0.145,0.098,-0.891,0.124,0.443,2.211,5.9,0,0.011
SHOP000975,0,17.0,235.0,0.204,0,115.3,0.259,0.034,0.015,0.845,0.058,0.191,0.147,1.182,0.077,0.586,2.904,4.8,0,0.042
SHOP000976,0,21.0,125.0,0.605,3,128.4,0.108,0.134,0.044,1.0,0.179,0.334,0.056,-2.655,0.246,0.522,0.906,6.0,2,0.037
SHOP000977,0,20.0,119.0,0.478,2,48.4,0.185,0.058,0.052,0.937,0.078,0.182,0.21,-0.713,0.146,0.387,1.503,5.1,1,0.002
SHOP000978,0,18.0,411.0,0.347,0,97.1,0.295,0.028,0.034,0.852,0.058,0.113,0.018,1.03,0.137,0.474,2.494,4.3,0,0.027
SHOP000979,1,27.0,118.0,0.458,2,121.3,0.303,0.018,0.044,0.899,0.291,0.231,-0.035,0.485,0.183,0.424,2.062,7.5,0,0.046
SHOP000980,0,10.0,101.0,0.321,1,54.2,0.273,0.14,0.025,0.872,-0.361,0.192,-0.035,0.451,0.129,0.42,1.595,3.9,1,0.056
SHOP000981,0,33.0,319.0,0.332,0,171.9,0.447,0.047,0.015,1.0,0.409,0.166,-0.086,0.724,0.132,0.577,2.316,4.6,0,0.022
SHOP000982,0,14.0,334.0,0.366,1,45.2,0.2,0.04,0.033,0.86,-0.304,0.135,-0.065,0.533,0.092,0.589,1.396,4.0,1,0.027
SHOP000983,1,11.0,125.0,0.187,1,57.6,0.179,0.09,0.011,0.903,-0.017,0.084,0.002,-2.051,0.217,0.503,1.309,4.1,1,0.028
SHOP000984,1,25.0,150.0,0.43,2,41.7,0.102,0.082,0.031,0.868,-0.207,0.155,0.095,0.505,0.151,0.738,1.319,7.1,3,0.002
SHOP000985,0,23.0,80.0,0.387,3,94.7,0.147,0.061,0.022,0.82,-0.02,0.213,0.116,1.776,0.216,0.469,2.319,4.9,1,0.018
SHOP000986,0,15.0,125.0,0.371,1,65.0,0.261,0.069,0.019,0.9,0.129,0.181,0.126,0.943,0.134,0.296,2.87,4.9,0,0.03
SHOP000987,0,1.0,86.0,0.742,1,121.8,0.362,0.041,0.024,0.899,-0.008,0.176,0.036,-0.265,0.156,0.306,2.21,6.3,1,0.052
SHOP000988,0,12.0,194.0,0.446,1,42.4,0.243,0.034,0.025,0.866,0.211,0.255,0.093,1.86,0.177,0.43,2.031,4.2,0,0.003
SHOP000989,1,24.0,218.0,0.364,2,78.9,0.298,0.099,0.002,0.878,0.02,0.243,-0.074,1.972,0.118,0.373,2.373,6.4,0,0.009
SHOP000990,1,13.0,56.0,0.516,2,173.1,0.191,0.055,0.055,0.896,0.07,0.275,0.066,2.126,0.21,0.757,1.472,7.4,0,0.044
SHOP000991,1,21.0,42.0,0.478,2,101.0,0.172,0.017,0.031,0.814,0.086,0.365,0.147,-1.714,0.179,0.644,1.757,6.0,0,0.048
SHOP000992,1,25.0,198.0,0.748,2,55.5,0.223,0.039,0.054,0.83,-0.085,0.308,-0.112,-0.176,0.199,0.437,1.71,4.0,1,0.072
SHOP000993,1,11.0,1.0,0.255,0,42.6,0.245,0.097,0.06,0.775,-0.25,0.353,-0.087,-0.386,0.264,0.615,2.509,7.2,2,0.01
SHOP000994,0,11.0,104.0,0.38,1,111.4,0.237,0.088,0.015,0.82,-0.171,0.171,0.023,1.148,0.209,0.267,2.349,7.3,1,0.069
SHOP000995,0,29.0,188.0,0.389,0,124.3,0.317,0.092,0.03,0.83,-0.104,0.182,-0.242,0.795,0.181,0.466,2.422,4.2,1,0.036
SHOP000996,1,19.0,128.0,0.279,2,38.8,0.278,0.038,0.057,0.8,0.145,0.181,-0.041,0.54,0.228,0.519,2.22,6.8,0,0.074
SHOP000997,1,16.0,181.0,0.312,2,78.4,0.383,0.05,0.044,0.993,0.03,0.115,-0.083,-0.691,0.179,0.426,2.632,4.5,0,0.024
SHOP000998,0,2.0,134.0,0.359,1,63.4,0.254,0.008,0.024,0.936,0.019,0.339,0.084,-0.652,0.08,0.342,1.796,5.4,1,0.012
SHOP000999,0,15.0,81.0,0.399,2,10.0,0.267,0.099,0.022,0.927,-0.11,0.173,-0.021,0.14,0.16,0.551,1.669,6.6,1,0.081
SHOP001000,0,21.0,132.0,0.221,1,53.9,0.233,0.056,0.009,0.843,0.31,0.12,0.059,0.218,0.088,0.344,2.272,6.1,1,0.051
SHOP001001,0,25.0,1.0,0.397,1,65.5,0.296,0.094,0.022,0.851,0.19,0.147,-0.024,0.541,0.157,0.431,2.745,4.5,1,0.033
SHOP001002,0,3.0,391.0,0.443,3,66.4,0.411,0.0,0.013,0.9,0.053,0.14,-0.251,-1.28,0.286,0.271,2.725,4.5,2,0.035
SHOP001003,0,20.0,137.0,0.494,3,10.0,0.275,0.113,0.035,0.898,0.004,0.216,0.095,-1.417,0.167,0.548,1.976,6.7,1,0.014
SHOP001004,0,18.0,125.0,0.469,0,78.2,0.362,0.039,0.038,0.887,-0.102,0.237,-0.069,1.191,0.046,0.407,1.892,3.9,0,0.033
SHOP001005,0,15.0,279.0,0.332,3,101.7,0.205,0.034,0.024,0.911,-0.137,0.228,-0.071,-0.972,0.129,0.178,2.87,4.8,0,0.038
SHOP001006,0,13.0,144.0,0.242,1,91.9,0.104,0.085,0.038,0.966,0.067,0.293,-0.119,0.775,0.126,0.511,1.621,3.4,2,0.063
SHOP001007,0,18.0,172.0,0.4,1,105.5,0.178,0.096,0.031,0.927,-0.35,0.24,0.002,-0.212,0.081,0.454,2.486,5.0,0,0.003
SHOP001008,0,18.0,270.0,0.575,0,81.6,0.22,0.052,0.024,0.905,0.088,0.284,0.014,-0.865,0.109,0.636,1.471,7.1,0,0.034
SHOP001009,0,22.0,139.0,0.51,0,92.6,0.207,0.073,0.058,0.955,-0.068,0.175,0.141,-1.681,0.13,0.316,1.501,5.1,1,0.033
SHOP001010,0,24.0,374.0,0.286,0,114.9,0.271,0.105,0.025,0.975,0.121,0.144,-0.093,1.824,0.148,0.317,2.745,3.2,0,0.035
SHOP001011,0,1.0,69.0,0.727,2,89.4,0.339,0.121,0.054,0.857,0.142,0.27,-0.292,0.082,0.181,0.441,1.556,11.0,2,0.077
SHOP001012,0,18.0,181.0,0.508,0,87.6,0.324,0.051,0.02,0.972,0.203,0.184,0.213,-0.709,0.13,0.253,2.438,5.0,1,0.059
SHOP001013,0,7.0,282.0,0.2,0,97.5,0.286,0.04,0.013,1.0,0.18,0.17,0.072,0.394,0.116,0.446,2.743,4.8,0,0.047
SHOP001014,0,15.0,269.0,0.24,1,147.0,0.319,0.028,0.006,0.96,0.163,0.166,0.036,2.035,0.098,0.552,2.506,3.9,3,0.025
SHOP001015,0,21.0,311.0,0.235,1,53.5,0.251,0.059,0.038,0.962,-0.085,0.15,-0.021,1.915,0.126,0.364,2.063,4.7,0,0.001
SHOP001016,0,17.0,99.0,0.505,0,51.6,0.298,0.086,0.021,0.918,0.108,0.26,0.203,-1.076,0.229,0.399,2.289,3.5,0,0.028
SHOP001017,0,11.0,132.0,0.317,0,81.7,0.304,0.077,0.017,0.865,-0.093,0.271,0.09,-0.363,0.152,0.461,2.253,2.3,1,0.043
SHOP001018,0,28.0,147.0,0.44,2,86.7,0.37,0.087,0.031,0.893,0.02,0.279,0.265,0.881,0.15,0.383,2.316,6.6,1,0.018
SHOP001019,0,19.0,101.0,0.298,0,35.4,0.243,0.053,0.024,0.888,0.075,0.302,0.027,0.757,0.284,0.54,1.542,4.6,0,0.067
SHOP001020,1,21.0,288.0,0.286,0,74.4,0.265,0.092,0.034,0.849,0.086,0.274,0.21,-1.245,0.17,0.184,1.537,5.4,1,0.018
SHOP001021,1,21.0,153.0,0.523,2,52.1,0.303,0.131,0.024,0.854,0.216,0.19,0.201,-2.247,0.165,0.327,1.493,2.6,0,0.045
SHOP001022,0,21.0,138.0,0.331,3,86.3,0.197,0.135,0.007,0.942,0.363,0.272,-0.095,0.671,0.17,0.2,2.059,6.2,1,0.039
SHOP001023,0,26.0,172.0,0.327,3,62.0,0.179,0.021,0.0,0.899,0.058,0.24,0.072,-2.092,0.309,0.518,2.584,4.6,1,0.033
SHOP001024,0,27.0,123.0,0.132,0,72.2,0.223,0.065,0.024,1.0,0.258,0.209,-0.045,-0.161,0.111,0.371,2.479,4.9,0,0.01
SHOP001025,0,29.0,1.0,0.37,0,40.2,0.237,0.026,0.02,0.907,-0.047,0.17,0.058,-0.55,0.173,0.354,2.198,1.8,0,0.011
SHOP001026,0,16.0,188.0,0.196,1,125.9,0.387,0.013,0.003,1.0,0.436,0.02,0.087,1.16,0.069,0.331,1.949,6.3,1,0.009
SHOP001027,0,20.0,218.0,0.342,1,140.1,0.28,0.084,0.033,0.969,0.078,0.336,0.126,-0.916,0.173,0.319,2.67,2.9,0,0.061
SHOP001028,1,25.0,202.0,0.192,2,80.1,0.268,0.118,0.011,0.896,0.196,0.111,0.152,1.312,0.192,0.379,1.937,3.0,1,0.032
SHOP001029,0,30.0,229.0,0.733,0,157.2,0.258,0.092,0.011,0.83,0.028,0.306,-0.058,-1.143,0.199,0.257,2.263,5.8,0,0.045
SHOP001030,0,10.0,100.0,0.344,3,54.3,0.351,0.088,0.008,0.924,-0.001,0.217,-0.096,0.449,0.164,0.697,1.353,5.2,1,0.021
SHOP001031,0,14.0,191.0,0.417,1,65.3,0.234,0.056,0.019,0.761,0.072,0.093,-0.011,0.175,0.133,0.511,2.412,1.9,2,0.0
SHOP001032,0,5.0,140.0,0.375,3,80.8,0.35,0.077,0.024,0.901,0.365,0.149,-0.031,-0.938,0.095,0.449,1.994,3.9,1,0.013
SHOP001033,1,20.0,85.0,0.561,0,58.2,0.162,0.122,0.048,0.904,0.414,0.29,-0.027,0.324,0.191,0.447,1.913,0.0,1,0.02
SHOP001034,0,22.0,122.0,0.453,0,107.5,0.35,0.097,0.018,0.865,0.125,0.246,0.125,-1.175,0.186,0.222,1.896,6.2,1,0.023
SHOP001035,0,18.0,210.0,0.441,0,54.9,0.215,0.045,0.032,0.874,0.063,0.228,0.069,-0.426,0.196,0.373,1.773,5.4,0,0.021
SHOP001036,1,20.0,93.0,0.294,1,27.2,0.165,0.128,0.041,0.808,-0.118,0.205,-0.221,-1.625,0.244,0.492,1.462,6.4,1,0.09
SHOP001037,1,18.0,206.0,0.13,2,62.7,0.325,0.03,0.01,0.946,0.245,0.192,-0.067,0.224,0.054,0.375,2.031,4.9,0,0.016
SHOP001038,0,27.0,166.0,0.435,1,81.2,0.192,0.047,0.03,0.892,-0.399,0.176,0.029,-1.302,0.218,0.422,1.952,2.2,1,0.024
SHOP001039,0,15.0,131.0,0.388,0,45.6,0.122,0.1,0.038,0.931,-0.318,0.175,0.073,0.696,0.183,0.741,1.622,5.1,1,0.071
SHOP001040,0,36.0,26.0,0.439,2,103.7,0.216,0.068,0.009,0.908,0.047,0.217,0.128,1.769,0.096,0.312,2.994,2.6,0,0.003
SHOP001041,1,17.0,138.0,0.505,2,74.3,0.162,0.063,0.056,0.795,0.085,0.265,0.044,-1.416,0.155,0.482,1.107,3.6,3,0.047
SHOP001042,0,23.0,2.0,0.32,0,55.5,0.343,0.037,0.027,0.888,0.048,0.232,0.125,-0.223,0.117,0.399,1.841,4.5,0,0.047
SHOP001043,0,23.0,219.0,0.199,2,113.8,0.211,0.057,0.052,0.897,0.034,0.241,0.002,-0.418,0.267,0.431,1.794,5.7,0,0.088
SHOP001044,0,14.0,74.0,0.301,3,136.1,0.202,0.032,0.03,0.89,-0.021,0.119,-0.115,-0.571,0.075,0.307,2.312,4.6,1,0.032
SHOP001045,0,4.0,130.0,0.432,0,75.9,0.433,0.093,0.022,0.974,0.059,0.188,0.218,1.664,0.068,0.403,2.469,6.0,2,0.012
SHOP001046,0,20.0,139.0,0.362,1,101.7,0.231,0.045,0.01,0.895,0.018,0.144,0.158,0.068,0.138,0.41,2.237,2.8,1,0.034
SHOP001047,0,14.0,136.0,0.417,0,73.5,0.164,0.053,0.031,0.911,-0.147,0.149,0.011,-1.208,0.158,0.465,1.634,5.8,1,0.049
SHOP001048,0,26.0,75.0,0.184,2,56.5,0.238,0.05,0.0,0.956,-0.008,0.141,0.053,1.219,0.103,0.301,1.987,6.9,0,0.023
SHOP001049,1,15.0,56.0,0.53,4,122.0,0.269,0.063,0.025,0.93,0.074,0.301,0.095,-0.692,0.3,0.537,2.084,6.0,1,0.046
SHOP001050,0,30.0,142.0,0.378,0,48.1,0.484,0.057,0.002,0.85,0.058,0.216,0.054,1.257,0.075,0.484,2.163,3.9,0,0.029
SHOP001051,1,4.0,163.0,0.276,1,91.6,0.227,0.03,0.019,0.931,-0.085,0.068,-0.081,-1.043,0.129,0.422,2.708,3.7,1,0.029
SHOP001052,0,21.0,197.0,0.274,4,141.7,0.241,0.088,0.038,0.899,0.188,0.076,0.146,-1.182,0.162,0.304,1.472,5.6,1,0.056
SHOP001053,0,21.0,128.0,0.531,2,47.0,0.052,0.011,0.019,0.771,-0.441,0.339,0.066,-0.89,0.193,0.106,1.093,8.1,0,0.108
SHOP001054,0,25.0,248.0,0.291,0,74.3,0.427,0.0,0.003,0.95,0.145,0.118,-0.005,1.329,0.152,0.298,2.66,2.8,1,0.044
SHOP001055,1,13.0,106.0,0.307,1,66.1,0.278,0.109,0.038,0.703,0.058,0.261,-0.069,-0.821,0.201,0.587,1.679,5.5,2,0.098
SHOP001056,0,18.0,243.0,0.552,0,23.3,0.259,0.038,0.029,0.926,0.155,0.073,0.054,1.913,0.068,0.36,2.32,4.6,1,0.025
SHOP001057,1,17.0,92.0,0.215,0,69.3,0.283,0.041,0.036,0.876,-0.025,0.347,-0.027,-0.154,0.274,0.504,2.941,6.7,0,0.036
SHOP001058,1,16.0,1.0,0.333,1,90.0,0.175,0.137,0.024,0.912,0.314,0.38,-0.008,1.382,0.142,0.439,2.203,5.4,1,0.031
SHOP001059,1,22.0,66.0,0.438,3,77.8,0.347,0.125,0.04,0.775,-0.055,0.199,-0.106,0.741,0.238,0.764,1.931,5.8,1,0.025
SHOP001060,0,17.0,82.0,0.397,1,101.8,0.369,0.079,0.048,0.895,0.179,0.23,0.206,-0.832,0.177,0.495,3.107,5.6,0,0.024
SHOP001061,1,20.0,172.0,0.746,0,72.4,0.21,0.118,0.047,0.982,-0.084,0.128,0.061,-0.602,0.139,0.636,2.283,3.8,0,0.053
SHOP001062,0,20.0,1.0,0.356,0,103.2,0.182,0.056,0.03,0.924,0.358,0.22,-0.051,2.216,0.136,0.636,1.839,2.1,0,0.015
SHOP001063,1,14.0,97.0,0.459,1,95.2,0.268,0.093,0.06,0.714,0.091,0.143,-0.113,-1.392,0.201,0.603,1.932,7.5,2,0.063
SHOP001064,0,18.0,169.0,0.342,0,124.8,0.181,0.091,0.053,0.862,0.068,0.026,0.028,-0.793,0.152,0.372,3.071,4.1,0,0.044
SHOP001065,0,27.0,251.0,0.291,2,75.2,0.386,0.012,0.033,0.822,-0.045,0.252,-0.189,0.279,0.188,0.316,1.764,5.6,1,0.062
SHOP001066,0,27.0,36.0,0.406,0,19.6,0.415,0.053,0.025,1.0,0.1,0.155,0.074,0.857,0.104,0.584,2.385,5.0,0,0.039
SHOP001067,0,33.0,182.0,0.47,1,94.8,0.386,0.042,0.032,0.877,-0.038,0.287,0.039,2.251,0.216,0.535,1.04,5.1,1,0.013
SHOP001068,0,12.0,136.0,0.585,3,96.7,0.173,0.039,0.069,0.832,-0.11,0.228,-0.04,-1.019,0.152,0.424,1.604,2.9,1,0.104
SHOP001069,0,14.0,299.0,0.382,4,180.8,0.481,0.082,0.028,0.918,0.366,0.127,0.101,0.768,0.101,0.587,2.356,6.0,1,0.013
SHOP001070,0,22.0,148.0,0.271,3,30.6,0.169,0.105,0.035,0.923,0.087,0.24,0.094,1.085,0.175,0.559,1.996,5.4,1,0.038
SHOP001071,0,27.0,73.0,0.425,1,33.4,0.477,0.071,0.011,1.0,0.158,0.095,0.034,-1.531,0.12,0.274,2.558,5.4,2,0.041
SHOP001072,0,17.0,147.0,0.178,1,42.3,0.339,0.051,0.056,0.902,-0.161,0.238,0.159,-0.633,0.076,0.401,2.208,6.3,0,0.027
SHOP001073,0,18.0,308.0,0.222,2,32.4,0.351,0.061,0.015,0.884,0.132,0.12,0.149,2.01,0.178,0.333,2.243,3.3,0,0.028
SHOP001074,0,18.0,178.0,0.341,2,65.0,0.25,0.095,0.003,1.0,0.422,0.142,0.088,-0.796,0.083,0.32,2.45,3.0,0,0.02
SHOP001075,0,14.0,87.0,0.518,1,152.0,0.243,0.109,0.008,0.944,0.338,0.188,-0.123,-0.966,0.016,0.459,2.38,3.4,1,0.007
SHOP001076,0,23.0,99.0,0.487,2,77.5,0.242,0.085,0.028,0.833,-0.137,0.22,0.022,0.765,0.159,0.413,1.982,2.9,0,0.003
SHOP001077,1,20.0,37.0,0.427,2,62.5,0.178,0.093,0.048,0.769,-0.105,0.451,0.139,-2.472,0.08,0.556,0.736,4.7,0,0.063
SHOP001078,0,19.0,179.0,0.341,0,49.0,0.217,0.043,0.02,0.967,0.187,0.132,0.026,1.365,0.116,0.604,2.377,5.3,1,0.035
SHOP001079,1,5.0,121.0,0.555,4,71.0,0.281,0.059,0.013,0.802,0.116,0.363,0.05,-2.842,0.159,0.476,1.395,7.7,0,0.062
SHOP001080,0,14.0,104.0,0.569,2,69.6,0.155,0.12,0.025,0.923,-0.027,0.21,0.039,-1.355,0.084,0.304,2.9,6.7,0,0.083
SHOP001081,0,17.0,167.0,0.517,2,143.6,0.307,0.044,0.047,0.878,-0.205,0.173,-0.277,0.748,0.148,0.58,2.287,5.9,1,0.012
SHOP001082,0,18.0,54.0,0.397,2,67.7,0.258,0.085,0.037,0.957,-0.237,0.282,-0.066,-0.465,0.233,0.681,1.75,6.8,3,0.013
SHOP001083,0,17.0,245.0,0.255,2,26.2,0.177,0.059,0.006,0.862,-0.052,0.121,-0.088,-2.048,0.284,0.31,2.206,5.7,1,0.036
SHOP001084,0,13.0,196.0,0.453,1,24.7,0.258,0.137,0.05,0.807,-0.053,0.288,-0.169,-1.235,0.135,0.45,1.055,5.8,1,0.008
SHOP001085,1,22.0,158.0,0.475,0,89.3,0.212,0.027,0.026,0.897,0.265,0.142,0.043,2.129,0.106,0.447,2.03,8.7,0,0.021
SHOP001086,0,16.0,223.0,0.284,0,77.8,0.556,0.093,0.033,0.891,-0.002,0.204,0.08,0.27,0.081,0.726,2.427,3.8,0,0.021
SHOP001087,0,15.0,212.0,0.214,1,124.7,0.322,0.039,0.018,0.939,0.038,0.263,0.027,1.049,0.09,0.302,3.176,0.8,1,0.019
SHOP001088,0,23.0,113.0,0.368,0,142.7,0.237,0.109,0.023,0.939,-0.35,0.186,0.147,-0.472,0.228,0.259,1.184,6.0,0,0.011
SHOP001089,0,21.0,198.0,0.338,1,109.1,0.294,0.096,0.033,0.987,0.048,0.194,0.249,-0.519,0.134,0.561,2.596,3.0,0,0.025
SHOP001090,0,14.0,125.0,0.459,1,135.2,0.332,0.051,0.037,0.904,0.097,0.184,0.087,1.384,0.139,0.528,2.218,4.4,0,0.015
SHOP001091,1,19.0,198.0,0.531,1,77.6,0.205,0.091,0.023,0.954,0.173,0.198,0.131,0.724,0.173,0.382,2.548,4.3,1,0.065
SHOP001092,0,13.0,194.0,0.457,1,102.1,0.261,0.047,0.031,0.895,0.312,0.318,0.088,0.811,0.15,0.612,1.638,8.9,2,0.059
SHOP001093,0,27.0,115.0,0.394,2,88.8,0.272,0.041,0.029,0.904,0.138,0.251,0.007,0.728,0.151,0.237,1.935,8.4,1,0.086
SHOP001094,0,14.0,100.0,0.453,1,109.9,0.281,0.071,0.025,0.883,0.246,0.246,0.047,1.766,0.144,0.26,2.245,7.9,0,0.007
SHOP001095,1,25.0,152.0,0.52,0,63.6,0.189,0.118,0.034,0.882,-0.016,0.207,0.174,1.954,0.11,0.52,1.639,8.4,1,0.105
SHOP001096,1,23.0,97.0,0.321,1,68.6,0.322,0.1,0.03,0.812,0.342,0.248,-0.449,0.074,0.0,0.441,1.947,6.1,1,0.09
SHOP001097,0,15.0,132.0,0.5,2,72.9,0.08,0.124,0.034,0.825,-0.0,0.209,0.012,-0.059,0.17,0.524,1.671,4.1,1,0.072
SHOP001098,0,14.0,136.0,0.287,3,16.3,0.267,0.07,0.025,0.802,-0.081,0.133,-0.084,1.625,0.166,0.55,1.964,7.7,1,0.033
SHOP001099,0,13.0,80.0,0.525,3,111.2,0.122,0.105,0.032,0.897,-0.113,0.238,-0.171,0.044,0.186,0.567,1.993,0.8,1,0.078
SHOP001100,1,10.0,197.0,0.347,3,60.9,0.358,0.078,0.063,0.904,0.198,0.22,-0.101,-0.676,0.26,0.342,1.815,5.5,2,0.028
SHOP001101,1,15.0,99.0,0.429,1,56.9,0.139,0.007,0.048,0.978,-0.388,0.289,0.038,-0.968,0.196,0.337,1.588,7.2,0,0.068
SHOP001102,0,22.0,91.0,0.402,2,94.0,0.234,0.064,0.055,0.979,-0.071,0.225,0.161,1.06,0.133,0.393,2.041,9.0,0,0.062
SHOP001103,1,23.0,179.0,0.384,0,50.2,0.227,0.116,0.038,0.801,0.182,0.236,-0.084,-0.37,0.225,0.538,1.175,6.7,2,0.035
SHOP001104,0,26.0,187.0,0.262,1,176.3,0.321,0.009,0.013,0.976,0.277,0.144,-0.001,0.492,0.136,0.38,1.831,2.7,0,0.036
SHOP001105,0,30.0,170.0,0.53,0,47.7,0.422,0.073,0.025,0.862,-0.203,0.341,0.268,0.455,0.116,0.405,1.063,3.9,3,0.029
SHOP001106,1,19.0,108.0,0.16,1,147.8,0.313,0.054,0.016,0.915,-0.195,0.061,0.11,1.778,0.048,0.317,2.549,4.8,1,0.029
SHOP001107,0,22.0,200.0,0.483,0,98.1,0.354,0.064,0.028,0.895,0.195,0.185,0.053,-1.222,0.122,0.504,2.276,5.3,0,0.025
SHOP001108,0,3.0,320.0,0.223,1,56.3,0.276,0.069,0.03,0.814,-0.022,0.088,-0.219,-1.5,0.285,0.24,2.211,9.2,0,0.006
SHOP001109,1,8.0,65.0,0.597,2,105.2,0.262,0.059,0.02,0.945,-0.334,0.069,-0.052,-1.823,0.232,0.495,2.041,6.2,0,0.05
SHOP001110,1,11.0,50.0,0.423,3,29.7,0.178,0.122,0.059,0.883,0.013,0.343,-0.024,1.12,0.199,0.667,1.93,8.8,2,0.081
SHOP001111,0,24.0,295.0,0.394,2,218.4,0.298,0.054,0.018,0.85,-0.087,0.179,-0.034,0.827,0.139,0.338,2.593,7.3,2,0.043
SHOP001112,0,33.0,158.0,0.39,1,90.4,0.27,0.067,0.022,0.875,0.269,0.214,0.13,0.8,0.158,0.408,2.45,4.9,1,0.0
SHOP001113,1,35.0,214.0,0.277,2,57.7,0.313,0.114,0.029,0.9,0.369,0.066,0.127,0.376,0.166,0.467,2.292,6.6,1,0.017
SHOP001114,1,9.0,74.0,0.469,3,29.9,0.26,0.044,0.039,0.85,-0.004,0.246,0.223,-2.846,0.061,0.671,2.171,2.5,2,0.007
SHOP001115,0,31.0,157.0,0.56,2,63.5,0.23,0.077,0.039,1.0,0.151,0.271,-0.06,1.859,0.058,0.486,2.153,4.1,0,0.053
SHOP001116,0,10.0,167.0,0.295,1,14.3,0.0,0.088,0.031,0.869,-0.188,0.158,-0.008,-2.603,0.216,0.638,2.395,7.5,2,0.083
SHOP001117,0,12.0,147.0,0.102,1,25.2,0.15,0.049,0.025,0.802,0.148,0.145,-0.044,-0.573,0.185,0.396,1.925,5.1,1,0.034
SHOP001118,0,31.0,138.0,0.498,1,68.8,0.353,0.022,0.005,0.936,-0.044,0.171,0.071,-3.47,0.215,0.606,1.88,6.3,1,0.038
SHOP001119,0,21.0,98.0,0.228,1,73.9,0.531,0.052,0.014,0.959,0.062,0.15,-0.136,2.715,0.117,0.425,2.229,4.1,0,0.032
SHOP001120,1,15.0,104.0,0.573,1,113.6,0.174,0.064,0.018,0.875,0.159,0.056,-0.081,-0.179,0.155,0.554,1.61,8.9,1,0.035
SHOP001121,0,28.0,62.0,0.425,0,131.0,0.262,0.035,0.028,0.981,-0.096,0.318,-0.088,-0.374,0.195,0.522,2.304,4.7,1,0.042
SHOP001122,0,16.0,82.0,0.379,0,146.2,0.274,0.072,0.003,0.884,-0.072,0.227,0.129,0.705,0.031,0.334,2.278,3.2,0,0.034
SHOP001123,0,27.0,159.0,0.467,1,79.2,0.257,0.054,0.031,0.914,0.057,0.137,-0.021,0.173,0.197,0.255,2.295,6.0,3,0.032
SHOP001124,0,13.0,350.0,0.403,1,48.3,0.126,0.065,0.044,0.88,0.215,0.124,-0.01,2.011,0.202,0.411,2.151,2.7,0,0.0
SHOP001125,0,27.0,132.0,0.193,0,105.3,0.402,0.054,0.03,0.882,0.134,0.289,-0.085,0.179,0.15,0.178,2.098,4.6,2,0.038
SHOP001126,0,20.0,109.0,0.27,0,103.3,0.252,0.106,0.031,0.69,0.065,0.38,0.237,-1.479,0.272,0.346,1.738,4.7,1,0.06
SHOP001127,0,9.0,112.0,0.218,0,89.2,0.238,0.117,0.028,0.907,0.304,0.219,0.026,-0.936,0.206,0.378,3.19,5.0,1,0.043
SHOP001128,0,30.0,106.0,0.51,2,112.0,0.218,0.088,0.027,0.934,0.281,0.217,-0.0,1.818,0.135,0.533,2.618,3.2,0,0.002
SHOP001129,0,19.0,42.0,0.262,1,107.4,0.388,0.081,0.0,0.916,-0.065,0.201,0.2,1.101,0.132,0.534,3.166,5.5,0,0.019
SHOP001130,0,27.0,66.0,0.244,1,122.2,0.398,0.06,0.027,0.936,0.229,0.075,0.058,1.245,0.029,0.388,1.829,5.5,0,0.04
SHOP001131,0,23.0,142.0,0.279,0,79.2,0.382,0.031,0.023,0.883,-0.073,0.21,0.174,0.772,0.126,0.366,2.989,4.4,0,0.035
SHOP001132,0,23.0,50.0,0.345,0,64.2,0.251,0.042,0.045,0.901,0.22,0.236,0.135,0.085,0.152,0.496,2.452,6.5,1,0.0
SHOP001133,0,14.0,60.0,0.424,3,163.0,0.0,0.082,0.056,0.779,-0.086,0.215,0.011,-2.312,0.241,0.772,0.869,3.3,2,0.01
SHOP001134,0,14.0,137.0,0.384,2,40.5,0.208,0.077,0.035,0.911,0.155,0.172,-0.043,0.045,0.0,0.41,2.213,3.2,0,0.03
SHOP001135,1,16.0,140.0,0.612,4,72.6,0.383,0.181,0.036,0.872,-0.004,0.139,-0.184,0.206,0.34,0.676,1.469,3.7,0,0.053
SHOP001136,0,18.0,93.0,0.393,0,48.4,0.248,0.064,0.005,0.941,-0.036,0.109,-0.159,-0.243,0.216,0.475,1.692,6.8,2,0.059
SHOP001137,0,22.0,78.0,0.413,0,158.8,0.325,0.127,0.026,0.9,-0.023,0.085,0.08,1.829,0.06,0.334,3.006,3.6,2,0.017
SHOP001138,0,29.0,183.0,0.121,2,111.8,0.326,0.089,0.007,0.897,-0.25,0.237,0.069,-0.355,0.177,0.359,1.769,5.0,0,0.033
SHOP001139,0,7.0,138.0,0.29,1,82.2,0.34,0.153,0.031,0.874,0.008,0.176,0.098,0.055,0.104,0.507,2.521,3.2,1,0.06
SHOP001140,1,11.0,83.0,0.101,0,77.0,0.155,0.061,0.058,0.898,-0.039,0.051,-0.056,-2.988,0.211,0.436,2.137,6.1,1,0.062
SHOP001141,0,32.0,115.0,0.145,0,53.7,0.273,0.052,0.013,0.872,0.096,0.161,-0.041,2.802,0.099,0.227,2.267,4.2,0,0.043
SHOP001142,0,23.0,174.0,0.15,1,128.4,0.384,0.057,0.0,0.926,0.128,0.252,-0.006,1.156,0.135,0.293,2.414,0.8,1,0.04
SHOP001143,0,27.0,226.0,0.257,0,80.9,0.329,0.076,0.035,0.912,-0.069,0.211,-0.101,0.725,0.123,0.424,2.99,2.4,0,0.033
SHOP001144,0,16.0,190.0,0.339,2,104.8,0.337,0.075,0.037,0.857,0.141,0.177,0.097,-0.326,0.109,0.596,2.712,4.2,1,0.034
SHOP001145,1,15.0,121.0,0.395,4,41.2,0.112,0.13,0.03,0.917,-0.095,0.156,-0.143,0.374,0.118,0.487,1.746,5.3,0,0.047
SHOP001146,0,14.0,235.0,0.316,3,96.8,0.229,0.037,0.047,0.932,-0.277,0.14,0.02,0.845,0.187,0.384,1.044,4.1,1,0.077
SHOP001147,1,8.0,151.0,0.325,0,33.3,0.35,0.07,0.019,0.878,-0.028,0.23,0.147,1.071,0.045,0.485,2.792,5.9,1,0.034
SHOP001148,1,22.0,84.0,0.55,0,54.5,0.226,0.126,0.046,0.831,-0.187,0.212,-0.1,0.067,0.218,0.484,1.808,4.5,2,0.044
SHOP001149,0,22.0,1.0,0.485,0,35.4,0.278,0.089,0.048,0.706,-0.304,0.287,0.001,-2.497,0.166,0.493,2.53,8.8,2,0.055
SHOP001150,0,23.0,75.0,0.454,0,73.0,0.135,0.059,0.036,0.763,0.455,0.144,0.07,1.067,0.081,0.548,2.254,4.2,0,0.041
SHOP001151,0,19.0,21.0,0.367,1,43.1,0.335,0.133,0.035,0.772,0.156,0.174,-0.175,0.408,0.086,0.466,2.379,5.2,0,0.035
SHOP001152,0,27.0,62.0,0.332,1,69.4,0.177,0.087,0.051,0.941,0.117,0.3,-0.181,0.358,0.168,0.529,2.517,7.3,0,0.022
SHOP001153,0,24.0,374.0,0.392,1,55.2,0.227,0.091,0.04,0.863,0.208,0.091,0.142,-0.392,0.107,0.454,2.169,4.4,0,0.033
SHOP001154,1,27.0,239.0,0.473,3,81.4,0.297,0.0,0.038,0.955,-0.089,0.192,0.286,-0.614,0.174,0.425,2.217,5.2,1,0.085
SHOP001155,0,31.0,234.0,0.272,0,121.3,0.519,0.104,0.035,0.898,0.333,0.238,0.24,0.643,0.178,0.486,2.02,3.7,0,0.068
SHOP001156,0,14.0,213.0,0.446,0,73.8,0.256,0.058,0.01,0.83,0.198,0.28,-0.013,-0.016,0.156,0.274,1.946,4.1,0,0.013
SHOP001157,1,1.0,123.0,0.606,0,63.1,0.272,0.131,0.029,0.837,-0.113,0.23,-0.185,-2.027,0.236,0.668,2.342,9.8,1,0.06
SHOP001158,0,15.0,237.0,0.378,0,121.3,0.427,0.028,0.007,0.975,-0.121,0.182,0.213,1.438,0.1,0.261,2.775,4.0,1,0.033
SHOP001159,1,22.0,335.0,0.47,0,119.3,0.426,0.046,0.0,0.925,0.093,0.058,0.081,-0.602,0.131,0.507,1.746,3.6,1,0.004
SHOP001160,0,17.0,312.0,0.339,1,90.9,0.455,0.065,0.02,0.937,0.173,0.256,0.152,1.6,0.083,0.595,1.792,4.4,0,0.0
SHOP001161,0,20.0,116.0,0.455,1,83.4,0.255,0.039,0.01,0.897,-0.219,0.204,-0.063,-0.045,0.065,0.5,2.371,5.3,0,0.0
SHOP001162,0,13.0,218.0,0.093,0,63.1,0.291,0.04,0.0,0.917,-0.2,0.27,0.097,1.255,0.096,0.512,1.886,4.5,0,0.025
SHOP001163,0,20.0,60.0,0.185,1,74.5,0.35,0.025,0.026,0.929,-0.162,0.193,0.046,0.09,0.064,0.293,2.299,5.5,1,0.012
SHOP001164,0,31.0,283.0,0.211,0,82.1,0.275,0.11,0.014,0.901,0.144,0.089,0.08,1.029,0.016,0.422,3.29,4.5,1,0.016
SHOP001165,0,19.0,139.0,0.184,0,93.1,0.399,0.079,0.031,0.957,0.103,0.158,0.065,0.624,0.108,0.462,2.357,4.1,1,0.048
SHOP001166,0,26.0,88.0,0.757,2,105.0,0.349,0.119,0.032,0.826,0.204,0.273,-0.236,-1.505,0.16,0.401,1.372,9.3,2,0.03
SHOP001167,1,20.0,166.0,0.752,2,54.2,0.352,0.125,0.046,0.854,-0.294,0.346,-0.016,-3.228,0.133,0.573,1.545,5.8,1,0.068
SHOP001168,0,15.0,40.0,0.439,0,56.2,0.305,0.08,0.012,0.897,0.442,0.165,0.151,-0.762,0.189,0.293,1.697,3.8,1,0.0
SHOP001169,0,13.0,280.0,0.344,1,60.8,0.327,0.067,0.01,0.974,0.503,0.219,-0.091,1.895,0.189,0.645,2.344,4.7,1,0.041
SHOP001170,0,23.0,126.0,0.432,1,101.6,0.451,0.071,0.024,0.93,0.039,0.216,0.118,-0.105,0.203,0.491,2.81,5.4,1,0.018
SHOP001171,0,25.0,298.0,0.31,0,111.8,0.339,0.008,0.0,0.885,0.251,0.239,0.09,0.917,0.093,0.118,2.848,3.7,1,0.019
SHOP001172,0,22.0,218.0,0.267,0,16.4,0.283,0.077,0.027,0.857,0.352,0.155,0.039,0.773,0.163,0.568,2.322,2.4,2,0.057
SHOP001173,0,2.0,318.0,0.232,1,123.1,0.347,0.023,0.012,0.872,0.042,0.0,0.122,0.426,0.07,0.373,2.332,5.5,1,0.0
SHOP001174,0,20.0,124.0,0.383,2,100.6,0.359,0.12,0.036,0.869,0.012,0.147,0.046,0.251,0.21,0.654,2.329,4.1,1,0.017
SHOP001175,0,27.0,60.0,0.256,1,55.6,0.364,0.05,0.023,0.898,-0.084,0.085,0.068,1.724,0.086,0.369,2.826,6.4,0,0.019
SHOP001176,0,23.0,263.0,0.355,0,112.8,0.363,0.076,0.035,0.962,-0.022,0.135,0.084,0.346,0.136,0.419,1.599,3.8,0,0.007
SHOP001177,0,18.0,167.0,0.464,1,88.6,0.308,0.059,0.068,0.881,-0.168,0.242,0.226,-0.62,0.174,0.617,1.896,5.6,0,0.051
SHOP001178,1,21.0,110.0,0.41,2,38.2,0.186,0.078,0.003,0.776,-0.043,0.285,-0.158,0.505,0.122,0.477,2.549,6.3,1,0.007
SHOP001179,0,9.0,87.0,0.298,3,95.1,0.199,0.044,0.008,0.872,0.027,0.216,0.094,-0.992,0.184,0.576,1.708,5.3,1,0.071
SHOP001180,0,17.0,390.0,0.271,1,130.2,0.127,0.014,0.02,0.922,0.104,0.149,-0.04,0.333,0.091,0.429,2.682,2.3,0,0.032
SHOP001181,0,24.0,160.0,0.444,0,65.5,0.346,0.051,0.064,0.874,-0.055,0.218,0.005,0.849,0.177,0.486,2.635,10.0,2,0.04
SHOP001182,0,17.0,179.0,0.367,2,87.3,0.222,0.022,0.02,0.932,0.19,0.169,-0.06,2.477,0.044,0.369,2.579,0.5,1,0.045
SHOP001183,1,19.0,40.0,0.309,2,30.9,0.225,0.132,0.049,0.899,-0.293,0.254,0.078,0.36,0.166,0.362,2.41,6.0,0,0.026
SHOP001184,0,30.0,161.0,0.319,1,75.7,0.28,0.067,0.017,0.907,0.265,0.091,0.036,-0.283,0.275,0.308,1.909,7.1,0,0.0
SHOP001185,0,15.0,160.0,0.136,1,163.3,0.398,0.047,0.012,0.999,0.151,0.178,0.125,-0.124,0.141,0.316,2.561,3.3,0,0.039
SHOP001186,0,13.0,70.0,0.295,1,139.6,0.324,0.059,0.014,0.737,-0.134,0.168,0.089,-0.104,0.196,0.567,1.95,3.8,1,0.017
SHOP001187,1,21.0,123.0,0.64,3,39.9,0.131,0.137,0.039,0.872,-0.211,0.114,-0.138,0.989,0.129,0.507,2.33,3.1,0,0.028
SHOP001188,0,26.0,1.0,0.707,4,79.3,0.275,0.075,0.042,0.914,0.006,0.282,0.009,-0.301,0.217,0.472,2.14,4.9,1,0.002
SHOP001189,1,3.0,88.0,0.455,0,10.0,0.171,0.094,0.044,0.889,-0.206,0.184,0.081,0.073,0.242,0.457,1.475,4.6,1,0.003
SHOP001190,0,24.0,88.0,0.487,1,108.7,0.215,0.076,0.0,0.806,-0.152,0.235,-0.219,0.299,0.234,0.545,1.864,7.1,1,0.047
SHOP001191,0,10.0,70.0,0.38,1,74.5,0.107,0.047,0.028,0.964,0.076,0.205,-0.138,0.291,0.181,0.255,1.653,4.3,2,0.064
SHOP001192,0,22.0,91.0,0.214,1,107.9,0.285,0.038,0.037,0.916,0.114,0.208,-0.1,-0.221,0.182,0.478,2.78,3.1,0,0.028
SHOP001193,1,18.0,177.0,0.444,0,102.8,0.134,0.094,0.018,0.91,0.034,0.044,0.087,2.727,0.148,0.608,1.478,3.8,1,0.098
SHOP001194,1,1.0,236.0,0.33,4,57.2,0.216,0.072,0.04,0.939,0.066,0.117,0.121,-2.708,0.139,0.35,1.775,9.9,0,0.055
SHOP001195,1,19.0,65.0,0.844,3,65.5,0.224,0.18,0.035,0.915,-0.128,0.322,0.008,-0.611,0.223,0.74,2.327,10.8,0,0.056
SHOP001196,0,22.0,162.0,0.404,1,79.3,0.407,0.043,0.001,0.859,0.414,0.137,0.061,-0.051,0.038,0.47,1.916,3.9,1,0.03
SHOP001197,0,22.0,189.0,0.164,1,71.9,0.316,0.036,0.022,0.914,0.259,0.058,0.172,1.463,0.167,0.262,2.127,4.9,1,0.024
SHOP001198,0,13.0,41.0,0.329,2,79.7,0.057,0.127,0.061,0.883,0.156,0.282,0.101,0.282,0.108,0.451,2.066,3.5,1,0.077
SHOP001199,1,16.0,355.0,0.427,2,89.0,0.158,0.06,0.016,0.915,0.105,0.238,0.195,1.916,0.057,0.495,2.689,4.5,0,0.039
SHOP001200,0,14.0,228.0,0.346,1,120.9,0.236,0.013,0.041,0.886,0.121,0.18,0.163,0.456,0.075,0.566,1.18,4.8,1,0.0
SHOP001201,0,21.0,123.0,0.473,2,57.7,0.362,0.055,0.042,0.929,-0.031,0.275,0.163,0.629,0.12,0.426,1.334,2.2,0,0.063
SHOP001202,1,20.0,17.0,0.252,1,61.4,0.251,0.055,0.017,0.878,0.234,0.203,0.131,0.717,0.269,0.566,1.629,5.5,0,0.055
SHOP001203,0,22.0,101.0,0.542,1,77.7,0.118,0.065,0.023,0.957,-0.07,0.035,0.043,3.474,0.182,0.35,1.881,4.3,2,0.066
SHOP001204,0,25.0,96.0,0.349,1,77.9,0.078,0.038,0.047,0.867,0.168,0.199,0.277,1.212,0.12,0.491,2.228,7.3,0,0.011
SHOP001205,0,16.0,1.0,0.345,1,71.6,0.163,0.096,0.025,0.878,0.119,0.1,0.081,0.936,0.105,0.508,2.442,2.2,0,0.0
SHOP001206,0,20.0,104.0,0.149,0,109.3,0.303,0.072,0.015,1.0,0.278,0.097,0.093,1.016,0.169,0.358,1.711,3.6,0,0.036
SHOP001207,0,34.0,146.0,0.246,1,87.9,0.154,0.029,0.028,0.901,-0.219,0.177,0.191,0.591,0.137,0.311,2.275,1.6,0,0.01
SHOP001208,1,1.0,67.0,0.283,1,31.0,0.181,0.109,0.043,0.823,-0.317,0.373,-0.147,-1.672,0.294,0.347,2.252,1.2,3,0.06
SHOP001209,0,18.0,218.0,0.556,2,71.8,0.14,0.073,0.033,0.705,0.073,0.271,-0.108,0.706,0.106,0.603,1.471,4.5,0,0.033
SHOP001210,0,26.0,60.0,0.439,0,24.6,0.061,0.104,0.023,0.83,-0.173,0.22,-0.099,-0.466,0.243,0.465,1.29,3.3,0,0.0
SHOP001211,0,25.0,288.0,0.317,1,120.1,0.353,0.065,0.057,0.979,0.263,0.043,0.009,-0.477,0.075,0.447,1.751,7.9,0,0.019
SHOP001212,0,11.0,113.0,0.465,3,73.2,0.299,0.055,0.008,0.883,0.115,0.135,-0.123,-0.13,0.096,0.376,2.639,3.8,0,0.032
SHOP001213,0,35.0,229.0,0.39,0,103.9,0.173,0.058,0.043,0.954,0.226,0.121,0.176,0.308,0.118,0.439,2.436,3.7,0,0.049
SHOP001214,0,20.0,181.0,0.226,1,144.4,0.312,0.021,0.013,0.987,-0.429,0.181,-0.048,2.656,0.075,0.203,2.04,2.7,0,0.03
SHOP001215,0,26.0,131.0,0.432,2,79.8,0.396,0.073,0.029,0.879,0.151,0.264,0.068,-0.016,0.08,0.402,2.462,5.1,0,0.016
SHOP001216,0,17.0,475.0,0.292,1,122.1,0.43,0.02,0.028,0.989,0.291,0.206,0.134,2.071,0.127,0.665,2.703,5.0,0,0.0
SHOP001217,1,24.0,39.0,0.254,0,41.6,0.256,0.034,0.0,0.933,0.341,0.045,-0.084,0.727,0.02,0.084,3.039,4.3,0,0.015
SHOP001218,0,26.0,138.0,0.323,0,132.3,0.305,0.063,0.023,0.936,0.359,0.158,0.122,2.144,0.164,0.29,2.256,4.4,1,0.021
SHOP001219,1,42.0,178.0,0.463,0,78.8,0.346,0.104,0.006,0.791,-0.062,0.331,-0.113,-0.009,0.271,0.52,1.422,4.3,0,0.066
SHOP001220,0,21.0,193.0,0.456,0,85.4,0.313,0.046,0.03,0.989,0.147,0.181,0.08,1.731,0.233,0.436,1.789,4.8,2,0.021
SHOP001221,1,27.0,161.0,0.496,4,71.9,0.323,0.044,0.01,0.804,-0.069,0.127,-0.2,-0.081,0.045,0.586,1.923,9.1,0,0.066
SHOP001222,0,13.0,266.0,0.441,1,61.3,0.206,0.091,0.041,0.852,-0.116,0.193,0.126,0.125,0.193,0.512,2.395,5.5,1,0.065
SHOP001223,1,31.0,104.0,0.434,1,66.1,0.389,0.117,0.04,0.745,-0.1,0.237,-0.016,-0.006,0.196,0.749,2.339,2.6,2,0.042
SHOP001224,0,26.0,222.0,0.335,0,80.0,0.316,0.043,0.0,0.944,0.169,0.269,0.215,-0.474,0.096,0.415,2.455,4.4,0,0.037
SHOP001225,0,22.0,206.0,0.829,1,37.5,0.283,0.059,0.026,0.798,-0.143,0.029,0.075,-1.051,0.142,0.266,2.508,6.0,0,0.041
SHOP001226,0,27.0,98.0,0.45,3,188.7,0.243,0.081,0.027,0.821,0.162,0.25,0.066,0.178,0.338,0.318,2.334,7.5,1,0.063
SHOP001227,0,30.0,150.0,0.174,1,49.4,0.219,0.044,0.029,0.9,0.214,0.137,0.01,-0.96,0.079,0.401,2.285,3.1,1,0.031
SHOP001228,1,29.0,52.0,0.368,0,73.8,0.269,0.078,0.042,0.808,0.228,0.235,-0.053,2.673,0.272,0.387,1.581,4.9,1,0.038
SHOP001229,0,17.0,102.0,0.306,2,80.7,0.192,0.063,0.037,0.922,0.232,0.253,-0.067,-0.666,0.099,0.582,2.316,5.9,1,0.042
SHOP001230,0,21.0,317.0,0.355,2,34.5,0.272,0.069,0.027,0.927,-0.188,0.088,0.103,0.01,0.15,0.333,1.817,3.7,0,0.014
SHOP001231,1,21.0,273.0,0.367,0,81.0,0.304,0.009,0.012,0.91,0.067,0.126,0.129,-0.831,0.089,0.35,2.715,4.5,0,0.049
SHOP001232,0,16.0,124.0,0.286,1,24.4,0.526,0.05,0.017,0.873,0.116,0.248,0.103,0.321,0.022,0.278,2.592,4.1,0,0.017
SHOP001233,0,20.0,147.0,0.339,3,65.9,0.253,0.101,0.023,0.891,0.125,0.235,-0.025,0.311,0.095,0.537,1.97,4.9,1,0.049
SHOP001234,0,16.0,129.0,0.261,3,100.6,0.254,0.13,0.038,0.874,-0.009,0.136,0.206,1.244,0.149,0.63,1.749,8.2,0,0.079
SHOP001235,0,20.0,108.0,0.187,0,84.7,0.408,0.01,0.024,0.933,-0.026,0.144,-0.02,0.806,0.113,0.397,2.145,4.2,0,0.02
SHOP001236,0,22.0,185.0,0.543,1,115.5,0.324,0.078,0.004,0.928,0.293,0.168,-0.317,-0.673,0.095,0.523,1.925,3.7,0,0.049
SHOP001237,1,12.0,107.0,0.406,1,92.1,0.188,0.085,0.028,0.825,0.221,0.234,-0.131,-0.933,0.238,0.621,1.194,7.9,0,0.002
SHOP001238,0,16.0,75.0,0.228,4,107.1,0.141,0.086,0.062,0.834,0.139,0.213,0.013,-1.155,0.05,0.464,1.738,7.8,2,0.104
SHOP001239,1,15.0,186.0,0.561,1,39.6,0.283,0.072,0.063,0.851,-0.108,0.251,-0.118,-1.687,0.242,0.406,1.983,6.5,0,0.017
SHOP001240,0,14.0,227.0,0.556,4,106.8,0.176,0.123,0.062,1.0,-0.679,0.164,-0.067,-0.264,0.038,0.484,2.585,7.3,0,0.05
SHOP001241,0,38.0,150.0,0.328,1,138.1,0.336,0.057,0.029,0.897,0.084,0.139,-0.041,0.344,0.067,0.367,2.53,4.8,0,0.016
SHOP001242,0,20.0,165.0,0.169,4,77.7,0.158,0.114,0.03,0.928,-0.102,0.221,0.13,0.652,0.25,0.618,1.915,6.6,0,0.032
SHOP001243,0,21.0,177.0,0.269,1,64.9,0.304,0.053,0.04,0.888,0.054,0.138,0.011,0.469,0.158,0.355,2.313,2.7,1,0.049
SHOP001244,1,10.0,97.0,0.706,1,44.4,0.245,0.126,0.043,0.876,-0.149,0.217,-0.016,0.428,0.233,0.671,1.681,2.8,0,0.023
SHOP001245,1,10.0,38.0,0.267,2,31.5,0.314,0.131,0.035,0.938,-0.007,0.288,0.086,-0.535,0.145,0.424,1.287,2.9,0,0.0
SHOP001246,0,39.0,257.0,0.396,1,153.1,0.132,0.086,0.016,0.93,0.009,0.224,0.035,0.654,0.102,0.359,2.372,3.4,2,0.023
SHOP001247,0,25.0,207.0,0.408,0,167.3,0.31,0.05,0.0,0.887,0.262,0.181,-0.028,-0.665,0.057,0.328,2.117,3.6,0,0.005
SHOP001248,0,21.0,265.0,0.341,0,26.4,0.24,0.087,0.015,0.854,0.233,0.186,0.061,-0.196,0.144,0.423,2.273,8.3,0,0.034
SHOP001249,0,23.0,237.0,0.261,2,37.4,0.387,0.036,0.027,0.962,0.222,0.119,0.155,-0.319,0.101,0.54,2.012,6.3,1,0.005
SHOP001250,0,19.0,177.0,0.555,1,75.7,0.206,0.087,0.024,0.9,-0.17,0.26,-0.018,-0.739,0.173,0.506,2.179,6.2,1,0.075
SHOP001251,1,3.0,134.0,0.599,0,103.3,0.22,0.026,0.02,0.795,0.055,0.396,0.009,2.21,0.208,0.658,2.423,5.7,0,0.089
SHOP001252,0,15.0,115.0,0.265,1,31.2,0.35,0.073,0.038,0.929,-0.166,0.047,0.019,-0.336,0.238,0.34,2.054,4.0,0,0.002
SHOP001253,0,17.0,116.0,0.418,1,78.2,0.303,0.106,0.02,1.0,0.228,0.065,-0.149,0.437,0.098,0.51,2.107,1.8,0,0.1
SHOP001254,0,18.0,152.0,0.333,1,63.8,0.312,0.083,0.016,0.894,0.189,0.187,0.209,0.218,0.125,0.597,2.4,5.9,0,0.03
SHOP001255,0,29.0,205.0,0.333,2,25.2,0.262,0.045,0.023,0.939,0.233,0.089,0.062,2.957,0.212,0.447,2.882,2.7,1,0.0
SHOP001256,1,12.0,95.0,0.264,2,78.3,0.252,0.03,0.048,0.879,0.087,0.235,-0.142,1.08,0.148,0.47,1.834,5.3,3,0.053
SHOP001257,1,18.0,81.0,0.344,1,156.3,0.289,0.061,0.048,0.954,0.065,0.194,0.049,0.825,0.148,0.401,1.953,5.5,0,0.044
SHOP001258,0,21.0,141.0,0.699,4,90.9,0.096,0.101,0.029,0.744,-0.004,0.27,-0.46,1.741,0.203,0.387,0.874,5.7,2,0.051
SHOP001259,0,24.0,170.0,0.112,2,142.1,0.312,0.077,0.011,0.98,0.152,0.232,0.029,-1.187,0.094,0.267,2.566,4.6,0,0.023
SHOP001260,1,13.0,146.0,0.448,0,61.8,0.137,0.054,0.06,0.865,0.131,0.342,-0.099,-1.238,0.226,0.518,1.581,9.9,1,0.07
SHOP001261,0,21.0,278.0,0.404,0,94.3,0.18,0.084,0.052,0.837,0.121,0.282,-0.011,0.17,0.131,0.416,2.211,5.4,0,0.014
SHOP001262,0,8.0,127.0,0.315,1,103.8,0.366,0.07,0.059,0.873,0.067,0.224,-0.023,0.421,0.155,0.523,1.769,2.0,1,0.021
SHOP001263,0,28.0,181.0,0.319,1,60.6,0.143,0.03,0.032,0.948,0.069,0.236,-0.08,-0.826,0.117,0.439,1.114,5.1,1,0.022
SHOP001264,0,22.0,208.0,0.52,0,64.8,0.276,0.074,0.045,0.837,0.073,0.24,0.191,-0.835,0.131,0.522,2.385,2.3,1,0.025
SHOP001265,0,16.0,53.0,0.576,1,101.9,0.317,0.044,0.023,0.892,0.003,0.259,-0.05,0.596,0.109,0.29,2.229,4.7,2,0.05
SHOP001266,0,12.0,246.0,0.457,0,120.6,0.323,0.022,0.034,0.93,0.111,0.199,0.068,0.244,0.074,0.517,2.345,3.6,0,0.023
SHOP001267,0,18.0,118.0,0.451,2,106.5,0.24,0.037,0.023,0.857,-0.104,0.315,0.064,-1.629,0.185,0.435,1.467,6.9,0,0.05
SHOP001268,1,12.0,1.0,0.361,0,107.5,0.353,0.07,0.02,0.91,0.077,0.208,-0.135,0.305,0.154,0.49,2.473,6.4,1,0.039
SHOP001269,0,11.0,11.0,0.496,2,68.2,0.108,0.087,0.034,0.959,-0.293,0.237,0.026,-0.682,0.115,0.521,1.941,4.4,0,0.032
SHOP001270,1,17.0,134.0,0.668,2,106.6,0.227,0.114,0.033,0.915,-0.1,0.081,0.014,1.903,0.138,0.4,0.974,7.4,3,0.069
SHOP001271,1,8.0,91.0,0.444,2,83.0,0.0,0.057,0.055,0.855,-0.28,0.304,-0.211,-0.078,0.185,0.472,1.355,5.1,2,0.032
SHOP001272,0,14.0,260.0,0.348,0,42.0,0.224,0.085,0.033,0.912,-0.135,0.11,-0.03,0.76,0.134,0.427,2.75,5.2,1,0.03
SHOP001273,0,21.0,106.0,0.721,3,84.5,0.066,0.055,0.061,0.784,0.033,0.17,0.086,-3.146,0.11,0.379,1.727,5.9,1,0.054
SHOP001274,1,20.0,90.0,0.334,1,75.2,0.35,0.084,0.016,0.894,0.407,0.221,0.009,2.5,0.113,0.405,2.732,5.7,1,0.012
SHOP001275,0,9.0,204.0,0.474,1,90.6,0.204,0.072,0.017,0.998,-0.079,0.291,0.049,-0.936,0.159,0.612,2.726,8.5,1,0.071
SHOP001276,0,22.0,169.0,0.435,1,88.0,0.371,0.055,0.023,0.942,0.016,0.238,-0.021,-0.778,0.15,0.744,1.408,6.8,0,0.023
SHOP001277,1,15.0,187.0,0.828,2,47.4,0.216,0.104,0.032,0.807,-0.046,0.229,0.005,2.154,0.184,0.635,2.564,8.1,1,0.071
SHOP001278,1,27.0,140.0,0.564,1,94.6,0.261,0.147,0.016,0.833,-0.182,0.227,-0.054,-1.186,0.139,0.556,1.648,5.9,1,0.047
SHOP001279,0,37.0,88.0,0.472,1,109.8,0.393,0.062,0.025,0.889,0.115,0.242,0.084,1.308,0.082,0.588,1.64,5.3,0,0.051
SHOP001280,1,7.0,170.0,0.46,2,78.3,0.043,0.143,0.025,0.776,-0.262,0.365,-0.073,-0.461,0.262,0.443,1.502,4.4,1,0.057
SHOP001281,0,19.0,152.0,0.248,1,65.8,0.277,0.048,0.017,0.949,0.254,0.105,0.025,1.05,0.171,0.423,2.113,6.1,0,0.009
SHOP001282,0,23.0,200.0,0.239,0,69.4,0.444,0.041,0.032,0.884,0.405,0.107,0.094,1.876,0.079,0.449,2.554,5.5,1,0.009
SHOP001283,1,4.0,1.0,0.245,3,38.7,0.342,0.031,0.065,0.875,0.029,0.182,0.051,2.433,0.106,0.729,1.876,6.3,0,0.038
SHOP001284,0,23.0,132.0,0.082,1,101.6,0.424,0.066,0.012,0.795,-0.095,0.239,-0.117,0.298,0.173,0.443,2.383,7.4,1,0.017
SHOP001285,1,19.0,220.0,0.481,0,60.4,0.248,0.041,0.025,0.867,0.109,0.177,0.137,-0.255,0.171,0.343,1.89,6.1,0,0.021
SHOP001286,0,24.0,298.0,0.283,0,20.7,0.36,0.018,0.0,0.99,-0.056,0.095,0.127,0.303,0.12,0.38,3.055,2.2,1,0.0
SHOP001287,0,16.0,75.0,0.365,1,93.5,0.278,0.053,0.033,0.826,0.247,0.086,-0.109,1.97,0.185,0.694,2.328,4.8,0,0.036
SHOP001288,1,19.0,56.0,0.886,2,102.8,0.233,0.136,0.076,0.92,0.076,0.28,0.323,-0.177,0.113,0.501,2.893,6.3,2,0.046
SHOP001289,0,5.0,118.0,0.261,0,15.4,0.088,0.113,0.065,0.865,-0.017,0.086,-0.139,0.242,0.268,0.627,1.876,9.3,2,0.048
SHOP001290,0,20.0,44.0,0.311,0,45.0,0.189,0.098,0.045,0.955,-0.047,0.13,-0.119,0.301,0.188,0.542,1.884,4.9,1,0.0
SHOP001291,0,15.0,100.0,0.258,1,49.3,0.278,0.05,0.008,0.963,-0.06,0.164,-0.113,0.373,0.067,0.576,2.542,4.3,1,0.043
SHOP001292,1,22.0,167.0,0.552,2,127.4,0.318,0.043,0.009,0.926,-0.089,0.189,0.157,-0.128,0.023,0.468,1.669,4.1,0,0.029
SHOP001293,0,29.0,137.0,0.251,0,177.8,0.167,0.059,0.015,0.923,0.24,0.115,-0.095,2.263,0.078,0.265,3.095,7.5,0,0.002
SHOP001294,0,20.0,177.0,0.411,0,112.4,0.233,0.113,0.056,0.964,-0.027,0.37,-0.06,0.178,0.162,0.531,2.27,7.1,0,0.035
SHOP001295,0,15.0,68.0,0.729,2,78.3,0.358,0.181,0.059,0.974,0.071,0.214,0.132,0.194,0.18,0.658,2.189,4.4,0,0.0
SHOP001296,0,23.0,169.0,0.238,0,50.8,0.298,0.022,0.016,0.908,0.285,0.176,0.102,-0.548,0.138,0.415,2.478,3.2,0,0.019
SHOP001297,0,19.0,100.0,0.148,0,10.0,0.369,0.018,0.034,0.994,0.251,0.208,0.023,1.681,0.223,0.437,1.598,2.5,1,0.026
SHOP001298,0,6.0,69.0,0.313,1,86.9,0.339,0.032,0.026,0.914,-0.234,0.143,0.132,0.702,0.158,0.404,1.785,5.1,1,0.034
SHOP001299,0,27.0,346.0,0.318,2,105.5,0.253,0.064,0.031,0.897,-0.123,0.266,0.022,1.84,0.148,0.424,2.254,4.5,0,0.035
SHOP001300,0,4.0,137.0,0.405,1,53.6,0.3,0.08,0.033,1.0,0.008,0.199,0.159,-1.183,0.158,0.606,1.453,6.3,3,0.002
SHOP001301,0,29.0,89.0,0.169,0,89.6,0.409,0.054,0.033,0.95,0.272,0.204,0.021,2.088,0.069,0.531,2.765,5.9,0,0.014
SHOP001302,0,24.0,369.0,0.527,2,17.1,0.106,0.013,0.006,0.842,0.307,0.32,0.086,-1.876,0.18,0.562,2.268,8.5,3,0.086
SHOP001303,0,22.0,110.0,0.408,2,57.7,0.176,0.088,0.038,0.869,0.023,0.228,-0.12,-1.045,0.127,0.406,1.928,7.3,0,0.027
SHOP001304,0,21.0,172.0,0.507,3,170.2,0.255,0.092,0.051,0.954,0.051,0.057,-0.12,1.401,0.18,0.401,2.61,4.5,1,0.061
SHOP001305,0,21.0,240.0,0.284,0,138.6,0.352,0.074,0.027,0.936,0.055,0.086,0.201,1.321,0.159,0.335,2.645,1.9,1,0.028
SHOP001306,0,27.0,127.0,0.235,1,98.8,0.228,0.044,0.011,0.897,0.288,0.044,0.16,1.881,0.07,0.364,1.967,2.8,1,0.039
SHOP001307,0,10.0,75.0,0.467,2,68.7,0.35,0.063,0.062,0.749,-0.18,0.293,-0.148,-2.812,0.21,0.571,1.753,1.8,3,0.028
SHOP001308,0,37.0,266.0,0.172,0,126.3,0.29,0.051,0.011,0.897,0.347,0.069,-0.105,0.091,0.106,0.487,2.256,2.0,0,0.023
SHOP001309,0,17.0,246.0,0.523,2,100.7,0.129,0.066,0.032,0.96,0.129,0.154,0.043,1.835,0.138,0.521,2.511,5.1,1,0.013
SHOP001310,0,41.0,264.0,0.158,0,69.6,0.328,0.027,0.036,0.934,0.106,0.217,0.151,0.343,0.202,0.199,2.838,5.4,0,0.022
SHOP001311,0,14.0,331.0,0.535,2,44.2,0.402,0.069,0.023,0.866,0.019,0.137,-0.065,-0.643,0.205,0.587,1.891,2.2,0,0.047
SHOP001312,0,24.0,218.0,0.189,2,107.0,0.364,0.078,0.023,0.95,0.013,0.147,0.03,0.722,0.177,0.36,2.601,2.7,1,0.048
SHOP001313,1,8.0,107.0,0.443,2,142.3,0.263,0.01,0.021,0.868,-0.006,0.227,0.117,0.433,0.173,0.566,1.487,2.9,0,0.059
SHOP001314,1,15.0,105.0,0.347,2,135.9,0.388,0.016,0.035,0.881,-0.114,0.165,0.392,-0.031,0.126,0.575,1.711,4.7,0,0.041
SHOP001315,1,13.0,106.0,0.637,1,74.3,0.091,0.082,0.061,0.847,-0.358,0.396,-0.208,-0.163,0.196,0.441,2.362,6.8,2,0.046
SHOP001316,0,16.0,353.0,0.514,1,114.3,0.261,0.076,0.017,0.871,0.03,0.305,0.167,-0.73,0.218,0.276,1.663,5.2,1,0.002
SHOP001317,0,15.0,97.0,0.216,2,60.7,0.279,0.149,0.041,0.792,0.133,0.265,0.336,-1.755,0.156,0.521,1.976,1.3,2,0.024
SHOP001318,0,15.0,131.0,0.244,2,120.3,0.301,0.071,0.022,0.895,0.061,0.141,0.059,2.321,0.146,0.072,2.663,8.3,1,0.022
SHOP001319,1,15.0,82.0,0.337,5,46.7,0.407,0.087,0.038,0.822,-0.465,0.217,0.051,-1.383,0.147,0.42,1.5,4.6,0,0.052
SHOP001320,0,22.0,185.0,0.321,1,94.6,0.505,0.0,0.023,0.872,0.267,0.254,0.1,0.568,0.18,0.306,2.767,5.2,2,0.025
SHOP001321,0,25.0,219.0,0.317,1,117.2,0.447,0.062,0.039,0.974,0.233,0.169,-0.021,-1.197,0.185,0.472,2.227,3.7,0,0.03
SHOP001322,0,17.0,198.0,0.18,1,147.2,0.524,0.118,0.016,0.801,0.006,0.175,0.034,1.563,0.179,0.407,2.695,5.3,1,0.049
SHOP001323,0,14.0,120.0,0.288,0,108.4,0.507,0.022,0.012,0.999,0.298,0.115,0.036,1.082,0.157,0.402,2.221,4.0,1,0.028
SHOP001324,0,19.0,159.0,0.258,2,134.5,0.272,0.09,0.036,0.956,-0.122,0.146,-0.048,-1.104,0.118,0.482,2.576,5.3,0,0.033
SHOP001325,0,24.0,160.0,0.566,1,110.0,0.426,0.098,0.074,0.799,0.262,0.047,-0.016,-3.979,0.187,0.583,1.66,10.5,1,0.032
SHOP001326,1,23.0,248.0,0.42,1,69.6,0.248,0.098,0.042,0.861,0.18,0.287,0.018,-0.018,0.203,0.52,1.543,5.6,0,0.043
SHOP001327,0,16.0,512.0,0.339,2,142.8,0.311,0.048,0.006,0.989,0.15,0.139,0.069,0.751,0.11,0.291,2.759,4.3,1,0.01
SHOP001328,0,29.0,344.0,0.303,1,71.1,0.154,0.041,0.03,0.896,-0.105,0.248,-0.06,0.042,0.138,0.457,2.273,4.0,0,0.054
SHOP001329,1,21.0,69.0,0.244,2,97.7,0.16,0.046,0.003,0.865,-0.329,0.282,0.216,1.72,0.147,0.693,2.032,2.1,1,0.026
SHOP001330,0,39.0,275.0,0.372,2,232.1,0.371,0.056,0.009,0.9,0.064,0.041,0.159,-0.008,0.148,0.391,2.353,5.1,0,0.03
SHOP001331,0,16.0,165.0,0.487,1,73.4,0.165,0.022,0.018,0.88,0.112,0.133,0.058,2.542,0.107,0.413,2.902,7.1,1,0.0
SHOP001332,0,5.0,163.0,0.488,3,52.4,0.34,0.055,0.038,0.866,-0.201,0.29,0.335,-0.653,0.183,0.599,1.652,5.1,0,0.054
SHOP001333,0,22.0,59.0,0.588,2,80.0,0.257,0.061,0.037,0.978,-0.105,0.193,0.031,-1.083,0.216,0.335,1.647,2.5,1,0.062
SHOP001334,0,19.0,18.0,0.543,4,78.3,0.143,0.043,0.027,0.933,-0.009,0.308,0.107,-0.631,0.095,0.35,1.917,6.1,0,0.032
SHOP001335,0,7.0,114.0,0.637,3,54.6,0.161,0.039,0.064,0.803,-0.514,0.194,0.037,-1.71,0.127,0.633,1.877,4.6,1,0.011
SHOP001336,0,20.0,285.0,0.704,2,128.9,0.329,0.106,0.001,0.942,-0.199,0.22,-0.103,-0.618,0.188,0.389,1.899,7.6,0,0.06
SHOP001337,1,12.0,110.0,0.503,0,40.8,0.271,0.059,0.066,0.939,-0.026,0.282,0.005,1.148,0.153,0.34,1.277,8.3,0,0.054
SHOP001338,1,12.0,170.0,0.408,3,100.7,0.109,0.179,0.031,0.857,-0.17,0.219,0.261,-3.498,0.079,0.761,2.387,12.1,0,0.083
SHOP001339,0,26.0,122.0,0.404,2,111.5,0.375,0.11,0.036,0.898,-0.042,0.33,0.087,0.599,0.158,0.484,2.341,5.7,0,0.044
SHOP001340,0,31.0,80.0,0.395,1,73.2,0.238,0.107,0.039,0.945,-0.006,0.138,0.131,-0.219,0.104,0.538,1.93,4.0,0,0.058
SHOP001341,1,23.0,72.0,0.211,1,50.3,0.199,0.092,0.016,0.868,-0.362,0.21,-0.138,0.027,0.21,0.483,1.376,3.0,3,0.045
SHOP001342,0,19.0,195.0,0.457,3,25.1,0.367,0.093,0.047,1.0,0.04,0.142,0.006,-0.538,0.139,0.552,1.973,6.6,2,0.032
SHOP001343,0,20.0,126.0,0.281,1,75.7,0.332,0.049,0.02,0.867,0.037,0.128,0.186,1.619,0.139,0.465,2.053,3.2,1,0.013
SHOP001344,0,13.0,101.0,0.2,2,98.4,0.326,0.031,0.016,0.886,0.084,0.175,-0.062,1.278,0.234,0.495,2.071,2.4,0,0.001
SHOP001345,1,34.0,133.0,0.529,1,42.4,0.187,0.169,0.053,0.909,0.157,0.23,-0.11,-1.65,0.316,0.165,1.779,4.9,2,0.02
SHOP001346,0,19.0,178.0,0.3,1,44.3,0.308,0.1,0.012,0.91,0.001,0.245,-0.003,0.995,0.177,0.433,1.895,4.7,1,0.032
SHOP001347,0,19.0,76.0,0.16,0,86.4,0.374,0.042,0.017,0.967,0.273,0.118,0.098,-0.25,0.181,0.392,2.543,2.9,0,0.012
SHOP001348,0,28.0,100.0,0.628,1,47.6,0.283,0.147,0.027,0.862,-0.073,0.206,0.053,-1.221,0.202,0.45,1.02,6.2,0,0.069
SHOP001349,0,3.0,125.0,0.67,3,77.8,0.36,0.037,0.027,0.806,0.148,0.261,-0.032,1.127,0.209,0.396,2.566,3.0,0,0.057
SHOP001350,0,12.0,137.0,0.384,0,100.8,0.25,0.04,0.035,0.951,0.169,0.056,0.073,-1.039,0.048,0.267,1.727,5.3,0,0.025
SHOP001351,0,29.0,66.0,0.417,1,117.9,0.236,0.133,0.039,0.799,0.076,0.158,-0.083,0.662,0.329,0.467,1.935,5.1,2,0.069
SHOP001352,0,13.0,184.0,0.325,2,41.3,0.394,0.059,0.007,0.896,0.027,0.153,-0.086,1.174,0.088,0.233,2.132,7.7,0,0.028
SHOP001353,0,7.0,217.0,0.333,1,94.8,0.107,0.117,0.023,0.763,-0.39,0.284,0.011,0.748,0.265,0.444,2.39,5.5,0,0.035
SHOP001354,1,8.0,90.0,0.393,3,100.2,0.12,0.132,0.058,0.778,-0.128,0.238,-0.132,-0.47,0.243,0.372,1.997,8.3,0,0.093
SHOP001355,0,18.0,108.0,0.516,2,93.3,0.425,0.06,0.013,0.845,-0.227,0.279,-0.06,-1.046,0.208,0.562,1.78,1.8,1,0.069
SHOP001356,0,16.0,82.0,0.354,1,98.2,0.282,0.005,0.035,0.898,0.079,0.215,-0.004,-0.502,0.104,0.492,1.169,6.7,0,0.049
SHOP001357,0,27.0,109.0,0.441,2,103.1,0.513,0.057,0.019,0.874,0.326,0.349,0.026,0.649,0.141,0.238,2.256,3.7,1,0.039
SHOP001358,0,22.0,261.0,0.192,2,61.0,0.285,0.03,0.021,0.958,-0.18,0.109,0.048,-0.782,0.172,0.436,1.47,5.0,1,0.044
SHOP001359,0,32.0,48.0,0.606,0,104.4,0.343,0.033,0.039,0.988,0.067,0.247,0.02,-1.464,0.109,0.384,2.748,6.0,0,0.063
SHOP001360,1,18.0,149.0,0.251,1,86.9,0.305,0.05,0.009,0.897,0.225,0.194,-0.009,-1.053,0.156,0.496,2.295,4.1,1,0.055
SHOP001361,1,21.0,206.0,0.427,3,114.7,0.22,0.072,0.032,0.93,0.063,0.173,0.007,-0.739,0.138,0.629,1.712,2.0,1,0.099
SHOP001362,0,26.0,84.0,0.291,0,79.6,0.427,0.049,0.004,0.947,-0.021,0.186,0.035,0.093,0.135,0.363,2.779,2.7,0,0.0
SHOP001363,0,13.0,147.0,0.538,3,68.2,0.106,0.09,0.026,0.772,-0.169,0.118,-0.093,1.182,0.099,0.479,1.944,4.5,0,0.088
SHOP001364,0,20.0,166.0,0.545,2,43.5,0.42,0.105,0.06,0.958,0.349,0.204,-0.08,-0.982,0.091,0.442,2.117,6.0,0,0.026
SHOP001365,1,23.0,69.0,0.561,1,39.1,0.069,0.087,0.006,0.88,-0.134,0.237,-0.005,0.23,0.216,0.331,1.11,3.5,1,0.037
SHOP001366,0,25.0,69.0,0.182,1,100.7,0.457,0.003,0.012,0.954,0.286,0.088,-0.101,0.975,0.063,0.311,2.091,3.8,0,0.002
SHOP001367,1,19.0,65.0,0.543,2,173.7,0.225,0.07,0.048,0.812,0.089,0.375,0.162,0.426,0.213,0.456,1.783,4.8,2,0.014
SHOP001368,1,11.0,95.0,0.538,2,76.0,0.057,0.057,0.02,0.783,0.333,0.099,-0.011,-0.279,0.195,0.488,2.173,6.4,1,0.042
SHOP001369,0,2.0,172.0,0.551,2,52.7,0.237,0.148,0.024,0.819,0.347,0.239,0.02,-3.437,0.176,0.18,2.277,6.3,0,0.032
SHOP001370,0,25.0,154.0,0.315,1,116.4,0.358,0.063,0.021,0.93,-0.084,0.241,0.234,1.874,0.12,0.367,2.931,3.0,0,0.025
SHOP001371,1,14.0,142.0,0.601,2,48.7,0.22,0.026,0.076,0.774,0.043,0.222,-0.133,-0.044,0.17,0.417,1.455,5.9,2,0.064
SHOP001372,1,35.0,133.0,0.517,1,73.0,0.314,0.136,0.042,0.875,-0.309,0.281,-0.221,-2.025,0.189,0.631,2.248,6.2,0,0.029
SHOP001373,0,16.0,204.0,0.539,0,30.7,0.28,0.051,0.021,0.946,-0.172,0.199,0.019,0.206,0.099,0.394,2.512,2.3,1,0.025
SHOP001374,0,22.0,62.0,0.363,0,93.7,0.197,0.141,0.046,0.807,0.118,0.369,-0.118,2.338,0.107,0.637,2.158,3.8,0,0.003
SHOP001375,0,19.0,90.0,0.236,1,119.6,0.204,0.058,0.011,0.803,0.127,0.276,-0.136,1.52,0.168,0.5,1.865,3.8,2,0.053
SHOP001376,0,11.0,112.0,0.32,2,43.2,0.321,0.085,0.028,0.941,0.076,0.283,0.187,-0.242,0.109,0.339,2.141,4.8,0,0.084
SHOP001377,0,21.0,132.0,0.513,2,61.8,0.192,0.051,0.005,0.934,0.092,0.286,-0.065,-0.96,0.078,0.634,1.99,5.2,1,0.023
SHOP001378,0,21.0,161.0,0.261,0,76.5,0.242,0.045,0.041,0.935,-0.02,0.191,0.01,0.616,0.0,0.604,3.052,7.8,0,0.033
SHOP001379,0,10.0,190.0,0.369,0,27.2,0.176,0.035,0.049,0.904,0.023,0.193,-0.043,-1.104,0.158,0.629,1.635,2.0,0,0.04
SHOP001380,0,11.0,140.0,0.424,2,49.3,0.187,0.024,0.031,0.939,-0.196,0.14,0.028,-1.556,0.18,0.338,2.385,7.6,2,0.028
SHOP001381,0,25.0,261.0,0.257,1,80.6,0.303,0.047,0.021,0.945,-0.13,0.162,0.152,0.688,0.074,0.54,2.368,3.4,0,0.033
SHOP001382,0,18.0,79.0,0.16,2,73.8,0.217,0.053,0.013,0.826,-0.028,0.23,0.083,0.882,0.262,0.249,2.05,1.6,1,0.011
SHOP001383,0,24.0,60.0,0.309,2,109.0,0.22,0.055,0.03,0.81,0.017,0.253,0.008,0.36,0.162,0.432,2.765,8.8,1,0.032
SHOP001384,0,17.0,26.0,0.164,2,109.6,0.348,0.09,0.017,0.952,0.134,0.107,0.267,1.159,0.096,0.211,2.72,2.5,1,0.022
SHOP001385,0,23.0,185.0,0.422,0,64.4,0.22,0.059,0.028,0.908,0.022,0.267,0.173,0.934,0.036,0.478,1.549,3.6,0,0.044
SHOP001386,0,11.0,143.0,0.724,1,100.4,0.329,0.091,0.053,0.754,-0.181,0.256,-0.03,-3.428,0.195,0.463,2.233,6.7,0,0.079
SHOP001387,0,11.0,161.0,0.31,2,124.6,0.481,0.035,0.019,1.0,-0.07,0.044,0.009,0.263,0.079,0.338,2.83,4.2,1,0.026
SHOP001388,1,20.0,111.0,0.237,0,121.4,0.269,0.083,0.033,0.918,-0.291,0.409,-0.259,0.982,0.01,0.369,2.371,2.0,0,0.056
SHOP001389,0,20.0,130.0,0.443,1,83.9,0.264,0.063,0.036,0.936,-0.134,0.156,-0.09,0.404,0.157,0.335,2.233,3.5,1,0.057
SHOP001390,0,11.0,199.0,0.377,0,108.8,0.442,0.047,0.016,0.935,0.03,0.105,-0.008,-0.025,0.162,0.26,2.404,2.9,0,0.043
SHOP001391,1,16.0,150.0,0.689,0,72.9,0.153,0.105,0.049,0.732,-0.352,0.165,0.004,-0.059,0.222,0.682,1.247,6.2,1,0.106
SHOP001392,1,6.0,182.0,0.493,2,167.2,0.499,0.067,0.041,0.851,0.068,0.165,0.055,2.018,0.181,0.308,2.541,5.8,0,0.04
SHOP001393,0,22.0,187.0,0.403,1,57.8,0.317,0.095,0.037,0.806,-0.18,0.138,-0.097,0.748,0.043,0.453,2.452,6.8,1,0.005
SHOP001394,0,35.0,229.0,0.186,1,74.4,0.454,0.055,0.004,0.927,0.164,0.14,-0.066,-0.304,0.137,0.288,2.821,4.7,0,0.008
SHOP001395,1,28.0,55.0,0.26,2,52.5,0.22,0.104,0.086,0.853,0.172,0.102,0.117,-0.366,0.296,0.73,1.896,7.6,1,0.084
SHOP001396,0,26.0,123.0,0.506,3,89.1,0.053,0.166,0.04,0.814,0.209,0.132,0.234,2.697,0.113,0.274,1.556,2.3,2,0.054
SHOP001397,1,13.0,115.0,0.505,2,107.5,0.296,0.092,0.035,0.891,0.001,0.206,0.178,-0.817,0.165,0.448,2.431,3.3,1,0.043
SHOP001398,0,28.0,47.0,0.372,0,59.4,0.173,0.078,0.02,0.943,-0.436,0.236,0.072,0.06,0.215,0.147,2.017,9.6,0,0.01
SHOP001399,0,16.0,346.0,0.295,1,78.9,0.446,0.0,0.012,0.882,-0.144,0.217,0.196,0.398,0.135,0.364,1.98,5.6,1,0.0
SHOP001400,1,9.0,164.0,0.664,1,102.7,0.174,0.077,0.009,0.793,-0.578,0.202,0.05,1.357,0.281,0.324,1.892,3.4,1,0.009
SHOP001401,0,20.0,177.0,0.165,2,43.4,0.24,0.064,0.005,0.957,-0.154,0.17,0.002,0.399,0.22,0.442,2.717,3.1,0,0.037
SHOP001402,0,23.0,338.0,0.253,1,115.8,0.299,0.079,0.033,0.897,0.205,0.228,0.064,1.317,0.083,0.512,1.732,6.6,1,0.014
SHOP001403,0,39.0,253.0,0.423,0,79.6,0.301,0.065,0.016,0.895,0.145,0.106,0.091,1.876,0.108,0.3,1.252,3.4,0,0.029
SHOP001404,0,22.0,128.0,0.312,1,64.2,0.164,0.068,0.015,0.932,0.297,0.214,0.151,1.062,0.141,0.361,2.507,4.7,0,0.018
SHOP001405,0,34.0,343.0,0.278,4,50.7,0.303,0.086,0.031,0.869,-0.166,0.312,0.176,-1.762,0.133,0.525,1.77,2.2,1,0.014
SHOP001406,0,26.0,319.0,0.434,1,45.6,0.142,0.155,0.026,0.868,0.038,0.113,0.058,1.392,0.142,0.412,2.077,4.1,2,0.051
SHOP001407,1,9.0,55.0,0.487,1,10.0,0.25,0.117,0.0,0.873,0.003,0.171,0.138,0.987,0.156,0.533,1.526,5.0,1,0.055
SHOP001408,1,18.0,178.0,0.611,0,107.5,0.291,0.036,0.026,0.836,0.054,0.206,0.114,1.115,0.183,0.348,2.559,3.4,1,0.028
SHOP001409,0,8.0,352.0,0.49,1,121.8,0.2,0.123,0.014,0.763,-0.155,0.169,0.046,-0.053,0.116,0.539,1.645,3.4,1,0.057
SHOP001410,0,20.0,79.0,0.269,2,37.8,0.228,0.09,0.015,0.819,0.104,0.089,-0.018,-0.033,0.234,0.264,2.165,4.0,0,0.006
SHOP001411,1,2.0,33.0,0.621,5,26.1,0.284,0.074,0.021,0.698,0.096,0.402,-0.219,0.86,0.085,0.291,2.312,3.1,1,0.06
SHOP001412,0,13.0,214.0,0.329,0,114.6,0.184,0.063,0.015,0.914,0.319,0.113,0.003,2.081,0.113,0.534,2.628,7.2,0,0.007
SHOP001413,0,14.0,126.0,0.455,0,92.1,0.136,0.002,0.062,0.851,0.111,0.0,0.085,-1.836,0.121,0.542,1.661,8.1,1,0.066
SHOP001414,1,26.0,144.0,0.741,1,148.6,0.311,0.126,0.045,0.869,-0.212,0.226,0.1,1.8,0.266,0.362,2.192,9.1,0,0.059
SHOP001415,0,12.0,302.0,0.397,0,93.2,0.219,0.035,0.028,1.0,-0.09,0.129,-0.065,1.218,0.129,0.498,1.956,5.6,1,0.02
SHOP001416,1,9.0,26.0,0.255,0,42.1,0.216,0.071,0.038,0.716,0.21,0.286,0.127,-0.745,0.294,0.565,0.696,3.2,2,0.099
SHOP001417,0,9.0,1.0,0.395,1,44.4,0.201,0.097,0.065,0.869,-0.232,0.315,-0.085,-0.074,0.161,0.642,1.616,6.5,2,0.0
SHOP001418,0,20.0,130.0,0.416,1,70.3,0.184,0.0,0.039,0.846,0.18,0.219,-0.017,-1.537,0.243,0.301,2.181,7.0,0,0.039
SHOP001419,0,16.0,182.0,0.394,2,80.6,0.189,0.0,0.013,0.932,0.176,0.163,0.092,0.254,0.088,0.497,1.812,3.5,0,0.054
SHOP001420,0,24.0,125.0,0.476,1,67.8,0.331,0.095,0.03,0.902,-0.016,0.277,0.027,-0.722,0.11,0.34,1.769,3.9,1,0.06
SHOP001421,1,13.0,105.0,0.325,1,114.0,0.336,0.076,0.031,0.97,0.161,0.294,0.175,-0.865,0.168,0.775,2.253,0.1,2,0.048
SHOP001422,0,23.0,20.0,0.365,3,58.4,0.142,0.08,0.008,0.813,-0.378,0.301,0.257,-0.233,0.128,0.531,1.838,4.1,0,0.019
SHOP001423,1,2.0,154.0,0.301,3,93.1,0.222,0.113,0.03,0.943,-0.356,0.182,-0.121,1.589,0.075,0.713,1.606,3.9,2,0.108
SHOP001424,0,1.0,231.0,0.567,1,32.6,0.516,0.137,0.039,0.935,-0.066,0.195,-0.044,-0.218,0.136,0.387,1.687,5.1,1,0.034
SHOP001425,0,13.0,126.0,0.32,1,99.2,0.333,0.011,0.014,0.94,-0.045,0.014,0.189,1.973,0.076,0.326,2.669,3.3,0,0.018
SHOP001426,0,8.0,106.0,0.654,2,39.8,0.091,0.009,0.035,0.815,-0.115,0.23,-0.003,-1.818,0.27,0.315,0.895,8.2,1,0.066
SHOP001427,1,9.0,227.0,0.56,1,34.2,0.136,0.106,0.009,0.857,0.085,0.235,0.059,0.458,0.196,0.592,2.245,4.8,1,0.037
SHOP001428,1,6.0,58.0,0.448,1,61.4,0.349,0.043,0.011,0.844,-0.086,0.328,-0.055,1.517,0.166,0.505,0.779,3.5,0,0.093
SHOP001429,0,10.0,168.0,0.302,1,87.2,0.255,0.102,0.015,0.856,0.043,0.335,-0.205,-0.116,0.262,0.584,1.561,4.7,0,0.044
SHOP001430,0,18.0,249.0,0.6,1,63.9,0.406,0.065,0.023,0.901,0.07,0.183,0.096,1.135,0.083,0.494,2.83,3.7,3,0.049
SHOP001431,0,27.0,227.0,0.343,1,25.2,0.109,0.065,0.009,0.882,0.392,0.14,0.083,-0.24,0.14,0.295,1.857,6.8,0,0.029
SHOP001432,0,24.0,73.0,0.405,2,133.7,0.351,0.085,0.027,0.9,0.128,0.115,-0.036,-0.458,0.172,0.383,1.975,9.0,1,0.001
SHOP001433,0,11.0,259.0,0.33,1,108.9,0.324,0.074,0.02,0.937,0.341,0.041,0.135,1.613,0.184,0.425,2.404,5.4,1,0.003
SHOP001434,0,14.0,244.0,0.468,2,76.4,0.347,0.039,0.04,0.873,-0.224,0.214,0.182,-1.619,0.169,0.396,1.503,4.9,1,0.047
SHOP001435,0,26.0,188.0,0.414,1,29.0,0.361,0.06,0.022,0.885,-0.106,0.213,-0.072,2.033,0.176,0.495,2.865,3.8,3,0.047
SHOP001436,0,12.0,399.0,0.257,0,78.6,0.224,0.023,0.022,0.911,0.334,0.107,-0.083,-0.582,0.125,0.492,1.77,5.6,2,0.004
SHOP001437,0,25.0,118.0,0.32,2,113.7,0.545,0.035,0.003,1.0,0.146,0.197,0.008,2.23,0.13,0.46,2.28,6.6,0,0.0
SHOP001438,0,23.0,128.0,0.419,1,48.9,0.375,0.025,0.033,0.885,0.009,0.112,0.161,1.582,0.085,0.512,2.162,5.6,0,0.019
SHOP001439,1,17.0,174.0,0.475,2,81.1,0.241,0.101,0.003,0.853,0.276,0.213,0.096,0.131,0.228,0.334,1.326,5.1,3,0.043
SHOP001440,0,38.0,180.0,0.259,2,138.9,0.312,0.044,0.032,0.926,0.148,0.075,0.093,0.937,0.145,0.261,2.584,5.6,1,0.012
SHOP001441,1,10.0,366.0,0.257,1,77.5,0.283,0.107,0.054,0.864,0.296,0.209,0.089,0.586,0.141,0.515,2.432,1.9,0,0.035
SHOP001442,0,23.0,133.0,0.302,0,119.7,0.288,0.056,0.021,0.986,0.005,0.277,0.086,0.842,0.134,0.266,1.963,6.3,0,0.016
SHOP001443,1,19.0,99.0,0.437,4,76.9,0.147,0.063,0.05,0.887,0.135,0.206,-0.045,-0.933,0.191,0.663,1.39,5.0,2,0.009
SHOP001444,0,13.0,252.0,0.511,2,89.0,0.14,0.043,0.025,0.968,0.086,0.111,0.072,2.608,0.178,0.388,1.586,3.8,0,0.068
SHOP001445,0,15.0,162.0,0.232,0,51.2,0.18,0.048,0.002,0.929,-0.007,0.177,0.026,-2.735,0.219,0.658,2.178,6.6,1,0.042
SHOP001446,1,34.0,74.0,0.42,4,87.9,0.32,0.096,0.059,0.898,0.484,0.446,-0.298,-0.516,0.29,0.691,2.432,6.3,1,0.05
SHOP001447,0,10.0,175.0,0.572,1,67.6,0.318,0.041,0.063,0.927,-0.349,0.254,0.242,-2.01,0.154,0.733,1.733,8.6,2,0.065
SHOP001448,0,19.0,232.0,0.259,3,130.1,0.324,0.091,0.024,0.895,0.129,0.152,0.078,2.15,0.168,0.48,2.483,6.0,1,0.048
SHOP001449,0,13.0,288.0,0.377,0,156.5,0.177,0.053,0.026,0.934,0.238,0.181,-0.018,1.162,0.069,0.389,1.692,2.7,1,0.04
SHOP001450,0,13.0,93.0,0.259,2,29.8,0.317,0.034,0.038,0.917,0.072,0.214,-0.212,1.05,0.077,0.667,2.261,6.3,2,0.045
SHOP001451,1,23.0,306.0,0.397,1,70.9,0.084,0.067,0.034,0.871,-0.008,0.055,-0.189,-0.633,0.185,0.516,1.573,5.5,1,0.041
SHOP001452,1,15.0,236.0,0.404,1,39.0,0.384,0.129,0.023,0.85,0.102,0.179,-0.046,-0.017,0.198,0.454,1.813,8.4,0,0.045
SHOP001453,0,5.0,151.0,0.315,2,138.1,0.263,0.071,0.02,0.836,0.199,0.081,-0.054,1.059,0.03,0.549,2.622,1.1,0,0.016
SHOP001454,1,29.0,122.0,0.642,3,48.7,0.215,0.103,0.02,0.862,0.091,0.294,-0.032,-1.687,0.142,0.761,2.025,5.1,0,0.034
SHOP001455,0,20.0,186.0,0.478,0,59.2,0.265,0.038,0.015,0.889,0.223,0.183,-0.054,0.169,0.203,0.179,2.179,6.2,0,0.053
SHOP001456,1,18.0,79.0,0.494,0,60.8,0.138,0.093,0.016,0.77,-0.218,0.197,-0.085,-3.1,0.124,0.382,2.063,3.9,3,0.068
SHOP001457,0,18.0,70.0,0.66,1,72.6,0.352,0.061,0.035,0.912,0.043,0.23,0.021,0.596,0.06,0.459,2.587,4.2,2,0.04
SHOP001458,1,4.0,204.0,0.766,1,221.0,0.199,0.071,0.058,0.854,-0.09,0.167,-0.034,-2.288,0.337,0.499,1.378,8.9,0,0.078
SHOP001459,1,26.0,197.0,0.378,1,10.0,0.097,0.092,0.031,0.883,-0.065,0.058,0.013,-0.01,0.157,0.423,2.429,3.6,1,0.027
SHOP001460,0,19.0,138.0,0.501,1,19.0,0.357,0.018,0.05,0.819,-0.028,0.213,0.151,-0.265,0.234,0.422,2.181,5.9,1,0.044
SHOP001461,0,18.0,240.0,0.267,0,73.8,0.332,0.067,0.016,0.942,0.262,0.21,0.197,1.498,0.196,0.429,2.457,2.9,0,0.043
SHOP001462,0,15.0,210.0,0.278,1,51.1,0.291,0.034,0.017,0.957,0.114,0.163,0.223,-0.233,0.135,0.454,3.059,4.6,0,0.015
SHOP001463,0,19.0,182.0,0.6,2,90.0,0.377,0.098,0.04,0.932,0.138,0.15,0.175,-1.187,0.14,0.576,2.513,8.5,1,0.08
SHOP001464,0,16.0,105.0,0.993,2,12.8,0.317,0.054,0.044,0.872,-0.057,0.254,-0.062,-3.155,0.127,0.606,2.579,6.1,2,0.079
SHOP001465,0,16.0,208.0,0.343,1,99.4,0.391,0.059,0.031,0.926,0.05,0.202,0.046,0.776,0.142,0.556,1.663,9.3,1,0.034
SHOP001466,0,14.0,115.0,0.333,2,62.0,0.357,0.056,0.01,0.889,-0.162,0.182,0.05,1.151,0.102,0.623,3.045,5.1,0,0.024
SHOP001467,0,16.0,32.0,0.187,1,83.7,0.255,0.072,0.019,0.972,0.059,0.158,0.159,1.368,0.14,0.476,1.867,4.7,0,0.047
SHOP001468,0,16.0,332.0,0.289,0,79.9,0.36,0.073,0.043,0.932,-0.014,0.109,0.018,1.879,0.145,0.34,2.362,5.5,1,0.011
SHOP001469,0,30.0,263.0,0.288,0,88.6,0.455,0.012,0.018,0.909,0.248,0.078,0.168,-0.376,0.128,0.24,2.892,3.8,0,0.046
SHOP001470,0,7.0,150.0,0.644,0,87.8,0.342,0.079,0.022,0.856,0.02,0.226,0.001,0.326,0.053,0.545,2.048,8.0,1,0.055
SHOP001471,1,16.0,292.0,0.486,1,115.1,0.0,0.047,0.038,0.845,0.143,0.099,-0.14,-0.581,0.213,0.721,1.581,5.6,0,0.087
SHOP001472,0,6.0,126.0,0.354,2,76.8,0.323,0.039,0.049,0.831,-0.034,0.207,0.132,-1.319,0.189,0.431,2.817,4.4,1,0.016
SHOP001473,0,26.0,84.0,0.404,0,75.4,0.215,0.037,0.023,0.997,0.315,0.12,0.133,-0.858,0.1,0.419,2.604,3.6,0,0.035
SHOP001474,0,14.0,77.0,0.264,0,29.9,0.288,0.054,0.032,0.889,0.056,0.146,-0.022,0.951,0.081,0.235,2.24,2.9,0,0.015
SHOP001475,1,10.0,176.0,0.459,3,90.0,0.278,0.105,0.01,0.902,0.294,0.169,-0.171,1.681,0.202,0.434,1.876,1.5,1,0.052
SHOP001476,1,14.0,46.0,0.248,1,76.2,0.226,0.072,0.022,0.931,-0.211,0.287,0.16,-2.297,0.15,0.484,2.045,8.9,4,0.029
SHOP001477,0,14.0,393.0,0.316,4,72.5,0.428,0.0,0.013,0.901,0.149,0.093,-0.06,0.874,0.016,0.408,2.049,2.8,0,0.006
SHOP001478,0,12.0,167.0,0.47,2,61.6,0.366,0.045,0.036,0.954,0.166,0.136,0.242,-0.34,0.219,0.471,2.618,5.8,0,0.02
SHOP001479,1,17.0,160.0,0.658,3,33.4,0.296,0.152,0.051,0.874,0.099,0.196,0.035,-1.834,0.241,0.666,2.379,6.7,1,0.01
SHOP001480,0,13.0,228.0,0.409,0,65.3,0.233,0.066,0.045,0.899,0.204,0.109,0.086,-0.12,0.072,0.203,2.745,5.0,1,0.051
SHOP001481,0,23.0,33.0,0.646,2,97.4,0.287,0.0,0.015,0.872,0.292,0.189,-0.2,-1.31,0.141,0.553,2.401,8.3,0,0.034
SHOP001482,0,24.0,264.0,0.392,1,107.3,0.256,0.074,0.045,0.909,-0.123,0.301,0.146,-0.087,0.11,0.343,1.709,6.3,2,0.045
SHOP001483,0,15.0,218.0,0.463,1,150.3,0.39,0.045,0.037,0.888,0.047,0.219,0.196,-0.67,0.174,0.57,1.967,5.9,1,0.068
SHOP001484,1,11.0,26.0,0.173,2,57.3,0.299,0.107,0.022,0.895,0.163,0.371,-0.078,-0.43,0.088,0.409,2.0,8.9,0,0.003
SHOP001485,0,25.0,217.0,0.256,1,84.9,0.37,0.019,0.022,0.942,0.009,0.118,0.167,1.342,0.183,0.365,2.505,3.1,0,0.006
SHOP001486,1,12.0,140.0,0.574,1,57.9,0.329,0.144,0.024,0.9,-0.306,0.256,-0.032,0.052,0.125,0.34,1.322,2.5,0,0.003
SHOP001487,0,8.0,148.0,0.208,1,130.3,0.409,0.024,0.009,0.963,0.049,0.183,0.095,2.532,0.086,0.474,2.667,3.0,0,0.0
SHOP001488,0,6.0,73.0,0.247,1,78.8,0.344,0.064,0.0,0.853,0.043,0.239,-0.156,-1.11,0.09,0.405,1.575,4.9,1,0.009
SHOP001489,1,15.0,13.0,0.426,1,57.9,0.409,0.1,0.032,0.823,0.254,0.328,0.035,0.445,0.182,0.423,2.002,3.6,1,0.038
SHOP001490,0,24.0,198.0,0.291,1,117.4,0.313,0.016,0.038,0.901,0.05,0.089,0.086,0.366,0.154,0.625,2.851,6.2,0,0.014
SHOP001491,0,18.0,17.0,0.2,0,93.6,0.235,0.064,0.0,0.84,0.114,0.201,0.043,0.404,0.14,0.418,2.692,3.2,0,0.045
SHOP001492,0,23.0,187.0,0.402,2,96.9,0.366,0.017,0.02,0.932,-0.005,0.183,0.099,0.826,0.221,0.683,3.618,6.4,1,0.024
SHOP001493,0,13.0,100.0,0.247,2,112.4,0.312,0.065,0.013,1.0,0.106,0.223,0.065,3.489,0.125,0.395,2.869,4.8,0,0.035
SHOP001494,0,25.0,147.0,0.427,1,71.2,0.304,0.063,0.009,0.933,-0.13,0.147,0.034,-0.64,0.195,0.556,2.265,7.1,0,0.048
SHOP001495,0,28.0,197.0,0.103,0,76.6,0.313,0.032,0.035,0.907,0.096,0.327,0.025,-1.864,0.092,0.404,2.246,4.7,1,0.028
SHOP001496,0,18.0,197.0,0.499,3,26.0,0.224,0.084,0.065,0.888,0.251,0.193,0.033,-0.292,0.034,0.504,1.922,6.3,1,0.076
SHOP001497,0,17.0,169.0,0.45,2,233.8,0.222,0.037,0.02,0.851,0.21,0.191,-0.176,-0.932,0.121,0.482,1.772,5.2,0,0.018
SHOP001498,0,13.0,57.0,0.424,2,63.6,0.186,0.027,0.04,0.785,0.072,0.183,-0.003,-2.572,0.104,0.533,1.679,7.2,1,0.061
SHOP001499,0,18.0,116.0,0.363,2,56.2,0.444,0.078,0.015,0.877,0.161,0.255,-0.019,1.914,0.146,0.374,2.548,3.3,2,0.014
SHOP001500,0,29.0,117.0,0.488,0,91.2,0.494,0.027,0.016,0.924,-0.183,0.253,-0.028,0.384,0.11,0.442,2.471,3.3,1,0.04
SHOP001501,0,32.0,224.0,0.408,0,38.9,0.376,0.05,0.022,0.876,0.188,0.101,0.207,1.943,0.204,0.665,2.441,4.5,1,0.003
SHOP001502,1,11.0,169.0,0.293,2,88.9,0.101,0.024,0.032,0.842,-0.068,0.442,0.038,-1.578,0.197,0.298,1.244,7.4,0,0.071
SHOP001503,1,25.0,292.0,0.531,0,78.8,0.267,0.045,0.033,0.847,0.254,0.15,0.158,0.858,0.125,0.425,2.446,6.7,1,0.044
SHOP001504,0,26.0,184.0,0.272,0,24.0,0.382,0.021,0.032,0.925,0.098,0.205,0.121,-1.122,0.116,0.428,3.239,6.8,1,0.048
SHOP001505,1,21.0,242.0,0.428,4,104.3,0.375,0.079,0.016,0.95,0.003,0.244,-0.035,3.994,0.262,0.677,2.418,6.4,0,0.088
SHOP001506,0,16.0,118.0,0.081,1,184.2,0.333,0.037,0.0,0.892,0.119,0.125,0.096,-0.71,0.053,0.69,2.537,7.1,0,0.002
SHOP001507,0,1.0,214.0,0.678,1,62.1,0.386,0.035,0.04,0.944,0.032,0.085,-0.018,-0.084,0.128,0.368,2.33,4.8,1,0.043
SHOP001508,1,12.0,29.0,0.46,2,66.9,0.154,0.11,0.054,0.748,-0.077,0.25,0.083,0.722,0.108,0.687,1.929,5.5,0,0.074
SHOP001509,0,18.0,73.0,0.475,0,139.3,0.356,0.112,0.023,0.783,0.026,0.312,-0.021,0.819,0.215,0.335,1.926,5.3,2,0.036
SHOP001510,0,14.0,197.0,0.341,0,123.7,0.204,0.072,0.028,0.928,0.362,0.154,0.09,0.022,0.056,0.361,1.878,5.2,0,0.044
SHOP001511,1,22.0,42.0,0.537,2,74.7,0.197,0.095,0.014,0.858,0.072,0.081,0.059,-1.233,0.179,0.402,2.008,5.3,0,0.075
SHOP001512,1,25.0,145.0,0.256,1,115.5,0.283,0.096,0.042,0.918,0.265,0.265,-0.173,-1.751,0.262,0.448,1.863,4.1,0,0.023
SHOP001513,0,23.0,166.0,0.268,0,85.9,0.251,0.063,0.022,0.964,0.183,0.19,0.027,0.732,0.032,0.458,2.583,6.0,1,0.007
SHOP001514,0,24.0,176.0,0.278,0,227.8,0.38,0.027,0.032,0.984,0.074,0.123,0.098,-0.27,0.135,0.33,2.796,5.7,0,0.0
SHOP001515,0,15.0,166.0,0.531,1,52.9,0.42,0.135,0.028,0.947,-0.09,0.134,0.095,0.551,0.104,0.282,2.274,8.4,1,0.0
SHOP001516,0,28.0,177.0,0.356,0,131.2,0.146,0.008,0.025,0.893,-0.234,0.136,0.1,0.067,0.207,0.255,1.979,4.0,0,0.03
SHOP001517,0,26.0,79.0,0.346,1,65.3,0.265,0.046,0.024,0.845,0.087,0.262,-0.14,-0.784,0.139,0.492,1.117,4.1,0,0.048
SHOP001518,1,21.0,220.0,0.495,1,91.8,0.276,0.114,0.018,0.895,0.029,0.129,0.057,-0.314,0.197,0.318,1.482,3.5,1,0.0
SHOP001519,0,33.0,200.0,0.492,0,75.8,0.326,0.013,0.013,1.0,0.434,0.086,0.036,0.328,0.103,0.465,3.146,4.0,0,0.023
SHOP001520,0,31.0,268.0,0.501,1,139.5,0.314,0.021,0.037,0.883,-0.128,0.17,-0.008,0.193,0.067,0.44,2.335,3.2,0,0.013
SHOP001521,0,24.0,170.0,0.399,1,114.3,0.332,0.036,0.017,0.91,0.277,0.13,-0.065,1.374,0.084,0.092,2.247,2.2,0,0.023
SHOP001522,0,19.0,59.0,0.495,1,102.3,0.289,0.037,0.048,0.939,0.182,0.091,-0.072,0.429,0.184,0.316,1.746,4.9,0,0.043
SHOP001523,0,9.0,145.0,0.482,0,171.4,0.282,0.104,0.031,0.947,0.009,0.197,0.151,-0.297,0.014,0.325,2.481,4.8,0,0.007
SHOP001524,1,30.0,87.0,0.317,1,38.4,0.349,0.07,0.023,1.0,0.141,0.135,0.228,-0.323,0.145,0.545,2.23,4.1,1,0.039
SHOP001525,0,12.0,86.0,0.396,2,86.0,0.245,0.06,0.036,0.819,-0.098,0.319,-0.227,-0.127,0.225,0.424,2.182,5.3,0,0.037
SHOP001526,1,8.0,44.0,0.577,1,96.2,0.25,0.072,0.047,0.78,-0.05,0.312,-0.189,-0.665,0.13,0.475,1.252,7.7,2,0.031
SHOP001527,0,18.0,87.0,0.456,1,99.0,0.237,0.063,0.01,0.899,-0.294,0.299,0.156,-0.161,0.151,0.462,1.725,6.6,0,0.023
SHOP001528,0,32.0,133.0,0.244,1,107.5,0.013,0.031,0.01,0.937,0.155,0.22,0.179,2.371,0.058,0.26,2.802,4.3,0,0.033
SHOP001529,0,20.0,183.0,0.542,3,254.1,0.248,0.082,0.015,0.901,-0.208,0.121,0.089,0.729,0.249,0.521,2.037,7.3,1,0.01
SHOP001530,1,21.0,79.0,0.296,1,33.0,0.172,0.094,0.029,0.898,0.002,0.202,0.244,0.548,0.11,0.383,2.135,7.8,2,0.042
SHOP001531,1,19.0,258.0,0.564,0,119.6,0.233,0.075,0.011,0.967,-0.163,0.105,-0.212,-0.309,0.201,0.402,1.341,5.5,1,0.013
SHOP001532,1,27.0,139.0,0.587,0,72.6,0.199,0.07,0.044,0.831,0.148,0.213,0.092,-0.309,0.116,0.409,1.055,6.5,1,0.052
SHOP001533,0,25.0,124.0,0.108,0,58.4,0.494,0.055,0.012,0.91,0.102,0.1,0.182,-0.661,0.069,0.464,1.858,3.5,1,0.006
SHOP001534,1,30.0,66.0,0.183,1,77.3,0.039,0.126,0.076,0.886,0.215,0.281,-0.288,-1.291,0.148,0.738,1.511,13.2,3,0.067
SHOP001535,0,19.0,6.0,0.412,1,160.3,0.332,0.023,0.014,0.886,0.19,0.103,0.045,0.514,0.1,0.238,1.313,6.6,1,0.009
SHOP001536,0,30.0,67.0,0.288,1,116.8,0.219,0.081,0.006,0.89,-0.19,0.119,0.079,3.216,0.24,0.526,2.632,9.5,3,0.011
SHOP001537,0,29.0,119.0,0.268,0,292.6,0.267,0.0,0.016,0.97,0.169,0.094,0.116,3.318,0.085,0.446,2.112,4.4,0,0.027
SHOP001538,1,18.0,168.0,0.384,0,94.6,0.308,0.041,0.024,0.965,0.034,0.117,0.047,3.192,0.078,0.294,2.605,6.3,0,0.063
SHOP001539,0,19.0,21.0,0.701,1,64.5,0.093,0.137,0.036,0.641,-0.065,0.376,0.037,-1.014,0.224,0.4,2.224,7.3,3,0.074
SHOP001540,0,19.0,182.0,0.19,2,18.6,0.232,0.065,0.043,0.895,0.169,0.191,-0.162,-0.3,0.086,0.53,1.808,4.5,0,0.029
SHOP001541,1,11.0,179.0,0.442,2,19.5,0.286,0.094,0.044,0.979,0.104,0.276,-0.068,-1.992,0.119,0.653,1.465,4.6,2,0.005
SHOP001542,0,21.0,186.0,0.43,1,35.9,0.185,0.108,0.04,0.794,0.209,0.195,0.045,-0.858,0.186,0.479,1.825,3.3,0,0.029
SHOP001543,0,21.0,94.0,0.662,1,97.0,0.321,0.078,0.03,0.903,-0.088,0.117,0.134,0.381,0.09,0.558,3.005,4.9,1,0.03
SHOP001544,1,20.0,103.0,0.587,2,108.1,0.424,0.066,0.02,0.933,0.161,0.26,-0.107,-0.805,0.275,0.411,2.068,3.1,2,0.096
SHOP001545,0,19.0,83.0,0.342,1,130.6,0.292,0.07,0.025,0.846,0.104,0.209,-0.008,-0.336,0.129,0.58,2.859,4.1,0,0.012
SHOP001546,0,36.0,273.0,0.423,0,134.6,0.218,0.029,0.017,0.887,0.098,0.072,-0.016,0.966,0.114,0.379,2.262,2.6,0,0.026
SHOP001547,0,20.0,418.0,0.366,1,128.3,0.163,0.049,0.005,0.983,0.281,0.147,-0.1,1.152,0.101,0.276,2.466,5.3,1,0.019
SHOP001548,0,7.0,136.0,0.38,2,73.4,0.27,0.055,0.016,0.869,-0.09,0.257,-0.03,-1.585,0.309,0.527,1.934,6.6,2,0.054
SHOP001549,0,22.0,75.0,0.438,2,68.2,0.253,0.043,0.046,0.907,0.138,0.316,-0.066,0.109,0.205,0.369,1.928,5.9,3,0.012
SHOP001550,0,2.0,540.0,0.207,2,47.2,0.188,0.024,0.025,0.927,0.558,0.166,0.066,2.316,0.165,0.337,1.65,1.2,0,0.023
SHOP001551,0,17.0,194.0,0.222,0,89.7,0.311,0.059,0.027,0.88,0.236,0.125,0.079,1.874,0.17,0.372,2.062,5.1,0,0.04
SHOP001552,0,25.0,106.0,0.378,0,53.4,0.351,0.086,0.012,0.928,0.125,0.235,-0.083,0.635,0.135,0.446,2.789,3.8,0,0.034
SHOP001553,0,23.0,206.0,0.438,0,169.9,0.183,0.056,0.027,0.883,0.143,0.279,0.161,-0.399,0.132,0.496,2.012,6.9,1,0.034
SHOP001554,0,24.0,164.0,0.227,0,183.3,0.368,0.043,0.025,0.876,0.14,0.088,-0.048,1.791,0.179,0.468,1.669,3.0,1,0.012
SHOP001555,0,1.0,178.0,0.469,1,41.0,0.126,0.059,0.042,0.905,0.043,0.167,0.069,1.888,0.122,0.276,1.963,7.9,0,0.038
SHOP001556,0,22.0,1.0,0.364,0,86.7,0.343,0.05,0.011,0.927,-0.14,0.169,0.088,0.979,0.138,0.249,3.09,4.7,0,0.0
SHOP001557,0,31.0,104.0,0.384,2,88.8,0.434,0.0,0.059,0.951,0.032,0.28,-0.024,0.728,0.219,0.32,1.92,7.0,0,0.08
SHOP001558,0,15.0,218.0,0.774,0,52.9,0.083,0.04,0.029,0.888,-0.162,0.187,-0.105,-0.646,0.137,0.448,1.622,7.9,0,0.069
SHOP001559,0,33.0,202.0,0.256,0,127.9,0.253,0.062,0.006,0.864,0.23,0.186,0.035,0.319,0.133,0.526,1.537,3.0,2,0.045
SHOP001560,0,24.0,266.0,0.285,3,83.2,0.351,0.019,0.03,0.908,-0.173,0.311,-0.065,1.056,0.159,0.622,2.386,4.6,1,0.045
SHOP001561,0,16.0,116.0,0.477,1,95.1,0.424,0.073,0.047,0.803,0.147,0.178,0.004,1.099,0.3,0.463,2.491,2.9,0,0.07
SHOP001562,0,16.0,287.0,0.376,2,91.5,0.621,0.028,0.021,0.907,-0.01,0.191,0.09,1.049,0.153,0.535,2.194,7.1,1,0.04
SHOP001563,0,20.0,209.0,0.29,0,99.0,0.347,0.086,0.0,0.915,0.036,0.097,-0.036,-0.065,0.107,0.299,1.672,6.4,1,0.033
SHOP001564,0,14.0,178.0,0.168,0,51.6,0.292,0.037,0.035,0.919,0.084,0.069,0.058,2.196,0.112,0.327,2.674,5.4,1,0.018
SHOP001565,0,11.0,85.0,0.31,0,42.6,0.338,0.046,0.006,0.874,0.014,0.182,0.06,1.709,0.096,0.474,1.988,7.4,0,0.018
SHOP001566,0,14.0,152.0,0.339,1,84.0,0.447,0.019,0.012,0.925,0.238,0.197,0.301,3.322,0.136,0.369,2.412,4.1,1,0.025
SHOP001567,0,13.0,120.0,0.435,3,48.3,0.295,0.093,0.037,0.874,-0.242,0.23,0.138,0.596,0.129,0.588,2.518,6.3,1,0.066
SHOP001568,0,17.0,193.0,0.399,1,20.9,0.189,0.114,0.035,0.819,-0.107,0.194,-0.079,-0.994,0.291,0.285,2.183,3.2,0,0.116
SHOP001569,0,22.0,166.0,0.353,0,67.3,0.27,0.016,0.04,0.954,0.3,0.082,-0.033,1.451,0.18,0.405,2.014,5.5,1,0.036
SHOP001570,0,28.0,207.0,0.223,0,72.3,0.268,0.068,0.041,0.979,0.237,0.122,0.228,-0.016,0.039,0.363,2.289,7.3,2,0.045
SHOP001571,0,8.0,62.0,0.462,0,69.5,0.283,0.044,0.04,0.884,-0.078,0.067,0.065,-0.032,0.131,0.399,2.093,3.0,1,0.007
SHOP001572,0,22.0,172.0,0.522,0,93.0,0.335,0.068,0.015,0.903,0.04,0.12,0.043,1.748,0.127,0.381,1.921,5.4,2,0.0
SHOP001573,0,14.0,164.0,0.285,0,42.1,0.291,0.092,0.036,0.927,0.223,0.307,-0.077,1.405,0.228,0.412,2.159,7.6,1,0.016
SHOP001574,1,19.0,411.0,0.23,1,204.8,0.393,0.084,0.004,0.933,-0.159,0.287,-0.042,-0.443,0.007,0.259,2.121,3.4,0,0.054
SHOP001575,0,22.0,114.0,0.264,1,29.5,0.412,0.031,0.015,0.965,-0.095,0.27,0.127,0.696,0.052,0.193,2.654,3.3,0,0.007
SHOP001576,0,22.0,276.0,0.519,2,95.4,0.206,0.061,0.032,0.939,0.003,0.005,0.183,1.293,0.3,0.543,1.609,7.0,1,0.045
SHOP001577,0,26.0,76.0,0.425,2,48.1,0.371,0.133,0.038,0.812,0.12,0.175,0.06,-0.008,0.222,0.389,1.661,2.5,1,0.006
SHOP001578,0,7.0,143.0,0.339,0,89.0,0.415,0.07,0.011,0.987,-0.067,0.065,0.037,0.911,0.048,0.472,3.181,3.3,0,0.002
SHOP001579,1,19.0,231.0,0.637,0,67.8,0.352,0.029,0.042,0.87,0.1,0.242,-0.09,-0.632,0.0,0.461,2.697,7.0,2,0.059
SHOP001580,0,16.0,68.0,0.697,1,46.2,0.234,0.103,0.033,0.798,-0.179,0.282,-0.109,-0.022,0.075,0.491,1.977,6.3,1,0.015
SHOP001581,0,22.0,1.0,0.489,3,53.4,0.355,0.063,0.012,0.923,0.372,0.184,-0.002,-2.095,0.153,0.372,1.968,4.2,1,0.043
SHOP001582,0,15.0,258.0,0.203,4,62.5,0.202,0.085,0.05,0.851,-0.187,0.307,-0.077,-0.379,0.134,0.566,2.761,5.8,1,0.067
SHOP001583,0,13.0,117.0,0.214,1,191.3,0.307,0.103,0.017,0.963,-0.057,0.23,0.091,0.297,0.083,0.382,2.625,5.2,1,0.033
SHOP001584,1,20.0,1.0,0.593,1,91.2,0.208,0.127,0.031,0.794,-0.163,0.242,0.033,0.978,0.205,0.429,2.525,4.1,1,0.02
SHOP001585,0,23.0,200.0,0.434,2,73.3,0.363,0.02,0.028,1.0,-0.097,0.088,-0.007,2.349,0.138,0.157,2.726,1.6,1,0.007
SHOP001586,0,23.0,213.0,0.427,1,137.3,0.274,0.0,0.013,0.945,0.416,0.067,0.23,0.38,0.052,0.421,2.605,3.9,0,0.003
SHOP001587,1,1.0,80.0,0.477,3,65.4,0.342,0.1,0.052,0.901,-0.174,0.331,0.055,-1.251,0.242,0.373,1.416,6.8,1,0.009
SHOP001588,0,28.0,128.0,0.243,1,91.6,0.236,0.029,0.018,0.914,0.167,0.221,-0.166,1.339,0.003,0.449,1.903,4.1,0,0.043
SHOP001589,0,10.0,139.0,0.382,1,67.3,0.4,0.076,0.034,0.898,0.224,0.201,-0.007,0.945,0.225,0.219,2.408,2.5,1,0.014
SHOP001590,0,27.0,159.0,0.41,0,29.4,0.291,0.067,0.009,0.943,-0.182,0.188,0.141,1.028,0.013,0.277,1.85,6.5,0,0.033
SHOP001591,0,21.0,292.0,0.389,1,129.1,0.465,0.03,0.02,1.0,0.256,0.022,-0.032,1.624,0.095,0.421,2.075,2.9,1,0.017
SHOP001592,0,8.0,399.0,0.251,0,101.5,0.305,0.059,0.048,0.878,-0.2,0.219,-0.098,2.238,0.131,0.471,1.856,5.1,2,0.043
SHOP001593,0,32.0,394.0,0.275,2,51.6,0.341,0.044,0.012,0.924,0.098,0.07,0.053,-0.301,0.127,0.51,1.714,3.2,1,0.037
SHOP001594,0,21.0,131.0,0.366,1,77.4,0.158,0.075,0.023,0.862,-0.181,0.248,0.049,0.785,0.124,0.408,1.183,3.6,0,0.071
SHOP001595,1,22.0,37.0,0.34,0,76.4,0.381,0.073,0.034,1.0,0.152,0.36,0.044,-0.416,0.168,0.208,2.065,5.2,3,0.085
SHOP001596,0,16.0,78.0,0.663,0,72.9,0.227,0.069,0.03,0.831,0.024,0.176,-0.032,0.953,0.142,0.471,1.373,7.3,3,0.08
SHOP001597,1,16.0,161.0,0.537,2,81.6,0.363,0.169,0.031,0.97,-0.107,0.237,0.226,0.869,0.176,0.352,2.192,4.0,0,0.012
SHOP001598,1,12.0,52.0,0.253,2,76.7,0.194,0.128,0.02,0.825,-0.06,0.143,-0.22,0.014,0.308,0.406,2.07,8.6,3,0.019
SHOP001599,0,29.0,365.0,0.427,1,71.1,0.446,0.079,0.033,0.983,-0.037,0.17,-0.013,2.061,0.122,0.395,2.498,4.0,0,0.048
SHOP001600,0,24.0,124.0,0.411,0,42.6,0.333,0.031,0.038,0.836,0.053,0.136,-0.071,1.249,0.179,0.495,2.326,4.6,0,0.044
SHOP001601,0,12.0,132.0,0.72,2,62.3,0.081,0.058,0.036,0.848,0.106,0.304,0.05,0.611,0.066,0.415,2.394,7.3,2,0.044
SHOP001602,1,23.0,118.0,0.611,0,75.3,0.23,0.167,0.011,0.926,0.16,0.287,0.005,0.882,0.28,0.326,1.154,6.1,0,0.067
SHOP001603,0,22.0,146.0,0.276,1,113.8,0.415,0.066,0.03,0.976,0.114,0.154,-0.007,0.456,0.073,0.368,1.844,3.2,1,0.024
SHOP001604,0,18.0,271.0,0.444,2,150.2,0.178,0.035,0.006,0.915,0.296,0.347,0.287,1.609,0.217,0.405,2.405,5.8,2,0.016
SHOP001605,1,19.0,1.0,0.357,1,109.7,0.285,0.182,0.018,0.839,-0.251,0.258,-0.092,0.293,0.15,0.489,2.003,6.7,0,0.037
SHOP001606,0,17.0,282.0,0.28,2,106.5,0.263,0.105,0.046,0.915,-0.37,0.235,0.038,-1.814,0.256,0.529,1.184,2.1,1,0.022
SHOP001607,0,30.0,233.0,0.494,2,93.7,0.285,0.115,0.034,0.809,0.44,0.313,0.101,-0.599,0.159,0.418,1.457,4.0,1,0.042
SHOP001608,1,34.0,24.0,0.524,2,93.3,0.272,0.03,0.013,0.984,-0.096,0.219,0.018,-0.223,0.125,0.331,2.964,4.6,1,0.016
SHOP001609,1,18.0,150.0,0.463,0,119.8,0.251,0.042,0.024,0.957,0.108,0.034,0.127,0.035,0.171,0.468,1.917,5.1,0,0.035
SHOP001610,0,10.0,102.0,0.266,1,77.2,0.294,0.105,0.044,0.848,0.028,0.18,-0.003,0.857,0.104,0.5,2.332,9.9,1,0.024
SHOP001611,0,21.0,1.0,0.242,2,89.6,0.147,0.094,0.021,0.874,0.04,0.233,0.117,1.306,0.079,0.423,2.105,6.0,1,0.03
SHOP001612,0,17.0,148.0,0.25,0,101.6,0.417,0.075,0.032,0.981,0.185,0.205,0.173,1.55,0.123,0.104,1.936,8.9,0,0.031
SHOP001613,1,14.0,234.0,0.556,3,117.4,0.272,0.013,0.019,0.849,0.184,0.166,-0.264,-0.342,0.199,0.342,2.239,7.5,1,0.048
SHOP001614,0,11.0,142.0,0.298,1,42.1,0.253,0.073,0.018,0.951,-0.128,0.238,0.049,0.53,0.128,0.345,2.088,4.1,1,0.004
SHOP001615,0,21.0,100.0,0.581,1,87.8,0.264,0.073,0.015,0.823,0.078,0.268,-0.081,-2.217,0.138,0.394,1.581,6.5,2,0.068
SHOP001616,1,14.0,320.0,0.44,2,52.1,0.151,0.219,0.046,0.82,-0.479,0.174,0.204,0.544,0.15,0.495,1.782,4.8,1,0.057
SHOP001617,0,32.0,229.0,0.259,0,180.0,0.32,0.048,0.011,0.978,0.135,0.085,0.255,-0.231,0.106,0.477,3.018,3.2,0,0.029
SHOP001618,0,25.0,208.0,0.357,2,110.2,0.184,0.068,0.068,0.7,-0.066,0.285,0.178,0.187,0.266,0.339,3.565,7.2,1,0.014
SHOP001619,0,19.0,152.0,0.417,0,58.6,0.359,0.059,0.029,0.859,-0.034,0.301,0.049,1.753,0.127,0.344,1.769,2.1,1,0.027
SHOP001620,0,12.0,164.0,0.56,3,65.9,0.133,0.057,0.003,0.874,0.071,0.223,-0.311,-1.431,0.127,0.567,1.831,3.3,0,0.026
SHOP001621,0,15.0,67.0,0.378,1,53.9,0.305,0.047,0.039,0.968,-0.102,0.217,-0.136,0.787,0.205,0.424,2.352,5.2,0,0.052
SHOP001622,1,11.0,77.0,0.265,3,55.1,0.307,0.082,0.03,0.839,0.231,0.271,0.107,0.119,0.125,0.562,2.206,5.7,0,0.055
SHOP001623,1,30.0,98.0,0.096,1,79.2,0.207,0.079,0.003,0.838,-0.493,0.333,-0.018,-2.887,0.224,0.471,1.417,5.7,0,0.028
SHOP001624,0,24.0,157.0,0.568,2,70.6,0.201,0.104,0.042,0.904,-0.038,0.16,-0.156,-0.73,0.207,0.553,1.765,3.1,2,0.05
SHOP001625,0,18.0,274.0,0.561,3,145.6,0.231,0.147,0.052,0.67,-0.109,0.176,-0.062,0.32,0.158,0.34,1.643,6.1,0,0.079
SHOP001626,0,38.0,234.0,0.376,2,113.2,0.585,0.067,0.015,0.977,0.047,0.104,0.08,-1.262,0.122,0.255,2.226,3.6,1,0.0
SHOP001627,1,9.0,83.0,0.525,2,34.3,0.311,0.111,0.036,0.848,-0.392,0.366,0.186,-0.163,0.194,0.703,2.278,9.4,0,0.058
SHOP001628,1,21.0,57.0,0.572,1,63.8,0.346,0.173,0.039,0.901,0.322,0.278,-0.022,-0.776,0.061,0.444,2.139,3.9,1,0.055
SHOP001629,1,21.0,101.0,0.321,3,42.0,0.249,0.05,0.04,0.895,0.202,0.136,-0.122,-1.939,0.124,0.763,2.001,2.2,0,0.039
SHOP001630,0,10.0,88.0,0.209,1,105.2,0.321,0.055,0.022,0.936,-0.013,0.242,0.151,1.374,0.0,0.528,3.181,2.5,1,0.025
SHOP001631,0,19.0,149.0,0.457,0,102.0,0.236,0.051,0.035,0.932,0.004,0.192,-0.127,-0.252,0.144,0.517,1.869,2.7,0,0.029
SHOP001632,0,15.0,395.0,0.313,2,62.7,0.311,0.084,0.034,0.867,-0.178,0.202,-0.162,0.566,0.128,0.396,1.922,6.5,3,0.039
SHOP001633,0,21.0,88.0,0.265,1,84.8,0.19,0.134,0.028,0.925,-0.006,0.204,-0.006,-0.397,0.123,0.511,1.79,5.0,0,0.03
SHOP001634,0,14.0,209.0,0.69,2,47.6,0.211,0.106,0.027,0.913,-0.077,0.25,0.094,-0.166,0.163,0.224,0.884,7.0,0,0.04
SHOP001635,0,20.0,102.0,0.655,2,90.0,0.431,0.077,0.0,0.882,0.024,0.425,-0.071,0.755,0.346,0.395,1.817,5.1,0,0.104
SHOP001636,0,16.0,102.0,0.431,0,74.3,0.159,0.066,0.007,1.0,0.231,0.078,0.061,1.56,0.09,0.337,1.376,1.6,1,0.025
SHOP001637,0,16.0,50.0,0.402,3,58.0,0.396,0.033,0.014,0.867,0.005,0.255,-0.107,-1.307,0.003,0.566,1.963,4.2,1,0.009
SHOP001638,0,17.0,253.0,0.495,3,142.2,0.405,0.106,0.035,0.77,0.029,0.257,0.101,0.145,0.111,0.261,2.179,4.0,2,0.0
SHOP001639,0,26.0,158.0,0.353,0,50.8,0.223,0.084,0.026,0.842,-0.14,0.154,-0.067,1.677,0.225,0.407,1.827,3.5,0,0.055
SHOP001640,0,30.0,116.0,0.294,0,137.4,0.249,0.021,0.024,0.922,0.085,0.0,0.099,0.701,0.151,0.491,2.991,4.4,0,0.0
SHOP001641,0,31.0,134.0,0.612,1,172.2,0.504,0.094,0.027,0.857,0.199,0.153,0.08,-0.797,0.157,0.355,1.848,6.5,1,0.027
SHOP001642,0,5.0,416.0,0.438,0,101.4,0.299,0.081,0.027,0.948,0.233,0.151,0.058,2.436,0.152,0.405,2.033,2.2,0,0.015
SHOP001643,0,14.0,124.0,0.499,3,150.9,0.317,0.081,0.004,0.841,-0.212,0.267,-0.019,-0.078,0.156,0.421,2.073,2.6,0,0.043
SHOP001644,0,9.0,238.0,0.303,0,143.7,0.324,0.039,0.023,0.923,0.271,0.165,0.298,1.159,0.114,0.421,2.833,3.9,0,0.008
SHOP001645,0,15.0,93.0,0.522,1,77.9,0.167,0.069,0.044,0.858,0.056,0.26,-0.062,-0.673,0.19,0.275,2.641,8.3,2,0.041
SHOP001646,0,12.0,55.0,0.398,2,102.2,0.274,0.021,0.019,0.875,-0.048,0.258,-0.05,2.883,0.1,0.457,2.462,4.9,1,0.018
SHOP001647,1,13.0,125.0,0.483,3,66.2,0.283,0.068,0.014,0.91,-0.024,0.306,-0.073,1.491,0.154,0.464,1.709,1.1,1,0.062
SHOP001648,0,21.0,210.0,0.513,1,54.0,0.215,0.035,0.019,0.958,0.031,0.197,0.129,-0.452,0.154,0.411,2.238,8.8,1,0.022
SHOP001649,0,23.0,175.0,0.25,2,110.7,0.27,0.073,0.03,0.885,0.443,0.211,0.087,1.337,0.129,0.414,2.818,6.3,1,0.052
SHOP001650,0,24.0,19.0,0.641,2,107.5,0.386,0.088,0.033,0.859,0.18,0.123,-0.026,0.55,0.166,0.624,2.726,5.4,1,0.0
SHOP001651,1,13.0,257.0,0.279,1,78.6,0.217,0.145,0.059,0.754,0.118,0.223,0.059,-1.323,0.156,0.485,1.649,4.6,2,0.028
SHOP001652,0,26.0,40.0,0.394,5,91.7,0.207,0.083,0.039,0.788,0.127,0.106,-0.061,-0.537,0.2,0.222,1.987,4.5,2,0.01
SHOP001653,0,33.0,134.0,0.328,1,173.6,0.349,0.078,0.022,0.924,0.095,0.197,-0.035,-0.474,0.228,0.545,1.926,3.4,2,0.014
SHOP001654,0,16.0,250.0,0.267,0,78.2,0.112,0.057,0.016,0.85,-0.227,0.104,-0.118,-0.242,0.126,0.459,2.306,4.5,1,0.0
SHOP001655,0,13.0,296.0,0.385,0,98.4,0.35,0.033,0.008,0.931,-0.076,0.204,-0.028,1.381,0.054,0.368,2.697,4.6,0,0.039
SHOP001656,0,18.0,136.0,0.381,0,92.6,0.269,0.122,0.049,0.785,-0.01,0.222,0.016,-0.067,0.168,0.395,2.403,4.5,1,0.053
SHOP001657,0,13.0,78.0,0.139,0,110.6,0.462,0.057,0.0,0.959,0.143,0.289,-0.023,1.353,0.055,0.301,2.333,3.2,0,0.019
SHOP001658,0,12.0,153.0,0.227,4,36.9,0.172,0.111,0.028,0.723,0.296,0.248,0.041,-0.875,0.263,0.651,1.881,4.1,0,0.034
SHOP001659,0,16.0,162.0,0.337,1,178.7,0.155,0.052,0.029,0.781,-0.269,0.18,0.11,0.552,0.143,0.43,2.112,8.7,0,0.001
SHOP001660,0,8.0,47.0,0.247,2,133.5,0.035,0.102,0.034,0.777,-0.109,0.127,0.02,-0.775,0.274,0.399,1.217,8.6,0,0.024
SHOP001661,0,30.0,217.0,0.289,0,67.6,0.354,0.03,0.02,0.974,0.481,0.032,0.067,2.589,0.111,0.349,1.824,1.6,0,0.047
SHOP001662,0,10.0,117.0,0.447,1,83.0,0.238,0.111,0.036,0.841,-0.09,0.22,-0.032,1.075,0.175,0.35,2.279,3.4,0,0.035
SHOP001663,0,20.0,199.0,0.705,2,125.9,0.156,0.085,0.034,0.897,0.304,0.184,-0.115,0.442,0.106,0.288,2.703,3.8,0,0.044
SHOP001664,0,20.0,71.0,0.718,1,150.2,0.065,0.094,0.068,0.82,-0.143,0.189,-0.068,0.54,0.127,0.744,1.591,6.3,0,0.033
SHOP001665,0,29.0,307.0,0.452,1,86.0,0.348,0.039,0.005,0.958,0.359,0.155,0.175,0.809,0.09,0.424,1.734,5.9,1,0.033
SHOP001666,0,14.0,162.0,0.44,3,179.6,0.148,0.099,0.014,0.924,0.136,0.076,-0.029,-0.903,0.143,0.442,1.963,7.4,1,0.025
SHOP001667,0,12.0,103.0,0.408,4,10.0,0.25,0.07,0.042,0.9,-0.164,0.154,0.097,-0.203,0.118,0.721,1.693,4.6,0,0.02
SHOP001668,0,18.0,143.0,0.522,0,52.8,0.295,0.087,0.033,0.865,-0.205,0.1,0.154,-0.579,0.2,0.352,1.935,9.6,1,0.017
SHOP001669,0,17.0,298.0,0.504,0,46.1,0.446,0.046,0.021,0.933,0.05,0.15,0.079,-1.588,0.145,0.449,1.85,2.5,2,0.03
SHOP001670,0,25.0,182.0,0.427,0,92.5,0.333,0.045,0.01,0.881,-0.012,0.205,-0.019,-0.009,0.162,0.413,2.229,4.9,0,0.08
SHOP001671,0,37.0,1.0,0.369,0,51.5,0.296,0.055,0.018,0.994,-0.046,0.181,-0.033,1.314,0.087,0.513,2.374,4.7,1,0.02
SHOP001672,0,20.0,221.0,0.445,2,149.1,0.203,0.097,0.038,0.896,-0.069,0.104,0.03,0.959,0.089,0.419,2.124,5.3,2,0.034
SHOP001673,0,13.0,87.0,0.259,1,23.9,0.402,0.03,0.04,0.858,-0.021,0.241,0.027,-1.337,0.218,0.197,2.26,3.0,1,0.029
SHOP001674,0,27.0,112.0,0.318,2,51.8,0.111,0.055,0.016,0.951,-0.18,0.113,0.282,1.232,0.209,0.646,2.939,6.0,1,0.018
SHOP001675,0,26.0,73.0,0.283,2,111.0,0.362,0.067,0.025,0.866,0.184,0.165,-0.007,1.586,0.128,0.378,2.58,1.3,0,0.003
SHOP001676,1,15.0,129.0,0.23,4,93.4,0.312,0.044,0.014,0.755,-0.02,0.182,0.027,-0.138,0.134,0.454,2.302,3.6,0,0.043
SHOP001677,1,23.0,113.0,0.231,1,52.5,0.291,0.084,0.039,0.918,-0.0,0.168,-0.364,0.284,0.063,0.202,1.353,3.6,1,0.044
SHOP001678,0,26.0,244.0,0.342,1,48.9,0.273,0.062,0.036,0.915,-0.166,0.141,-0.122,-1.495,0.157,0.283,1.876,6.4,1,0.029
SHOP001679,0,23.0,219.0,0.342,2,82.7,0.319,0.024,0.009,0.823,-0.048,0.172,-0.049,0.107,0.181,0.567,2.305,4.0,1,0.019
SHOP001680,0,42.0,282.0,0.333,0,104.3,0.417,0.013,0.021,0.988,0.113,0.091,0.165,1.704,0.179,0.405,1.799,3.6,0,0.018
SHOP001681,0,22.0,279.0,0.331,2,103.2,0.298,0.088,0.015,0.868,0.033,0.223,0.049,-0.514,0.146,0.324,2.341,5.6,1,0.018
SHOP001682,0,19.0,142.0,0.457,0,69.0,0.217,0.024,0.022,0.905,0.141,0.362,-0.214,0.33,0.113,0.475,2.346,5.5,1,0.024
SHOP001683,0,1.0,200.0,0.68,0,77.5,0.356,0.067,0.034,0.837,-0.259,0.273,0.262,-0.44,0.198,0.624,1.683,1.6,0,0.061
SHOP001684,0,23.0,168.0,0.403,0,45.1,0.257,0.025,0.0,0.899,-0.063,0.123,0.07,1.387,0.093,0.338,2.096,1.0,1,0.036
SHOP001685,0,13.0,45.0,0.487,3,85.1,0.21,0.111,0.048,0.89,-0.084,0.27,0.007,-0.842,0.163,0.274,2.131,4.5,0,0.088
SHOP001686,1,9.0,59.0,0.245,1,106.6,0.31,0.047,0.02,0.875,0.061,0.286,0.201,-0.605,0.139,0.442,2.16,8.5,0,0.0
SHOP001687,0,22.0,132.0,0.422,3,50.2,0.245,0.117,0.054,0.802,0.05,0.274,0.014,1.457,0.196,0.543,2.876,5.2,1,0.028
SHOP001688,1,15.0,161.0,0.53,2,109.3,0.206,0.081,0.046,0.916,-0.224,0.173,-0.071,-2.249,0.2,0.359,1.617,4.3,2,0.022
SHOP001689,0,12.0,96.0,0.345,2,58.6,0.235,0.079,0.065,0.777,-0.145,0.373,-0.109,-1.491,0.21,0.486,1.312,3.7,1,0.008
SHOP001690,0,21.0,215.0,0.604,1,106.8,0.249,0.037,0.035,0.913,-0.077,0.156,0.114,-0.69,0.106,0.458,1.778,2.3,0,0.044
SHOP001691,0,37.0,198.0,0.374,1,62.1,0.23,0.022,0.024,0.909,0.158,0.19,0.058,2.182,0.155,0.585,2.289,3.6,0,0.027
SHOP001692,0,23.0,83.0,0.126,0,79.1,0.366,0.0,0.0,0.937,0.277,0.17,-0.096,-0.683,0.114,0.521,2.292,0.9,0,0.024
SHOP001693,0,21.0,271.0,0.394,1,81.1,0.17,0.071,0.021,0.901,0.119,0.167,0.13,-0.189,0.116,0.433,1.667,4.1,0,0.043
SHOP001694,0,23.0,338.0,0.222,0,124.0,0.399,0.029,0.023,0.922,0.159,0.145,0.154,1.359,0.079,0.068,2.292,1.8,1,0.013
SHOP001695,0,27.0,269.0,0.726,2,76.4,0.416,0.137,0.031,0.846,-0.013,0.332,0.085,1.403,0.197,0.496,1.599,3.0,0,0.05
SHOP001696,0,16.0,194.0,0.169,1,152.2,0.316,0.11,0.022,0.911,0.199,0.163,0.052,-0.255,0.093,0.39,2.509,6.2,0,0.046
SHOP001697,1,25.0,66.0,0.507,0,54.1,0.141,0.189,0.013,0.911,-0.19,0.455,0.039,-0.321,0.208,0.486,1.392,6.8,1,0.047
SHOP001698,0,18.0,104.0,0.202,0,149.9,0.44,0.029,0.008,0.922,0.293,0.192,0.016,0.557,0.172,0.182,2.629,6.4,1,0.0
SHOP001699,0,11.0,121.0,0.302,2,126.3,0.225,0.085,0.031,0.936,-0.052,0.233,0.039,0.33,0.099,0.319,1.949,6.0,1,0.036
SHOP001700,0,18.0,87.0,0.326,3,73.0,0.276,0.048,0.016,0.916,0.26,0.138,0.089,3.919,0.102,0.437,2.008,1.8,0,0.017
SHOP001701,0,23.0,119.0,0.245,1,66.0,0.265,0.063,0.035,0.863,-0.105,0.11,-0.213,0.691,0.205,0.497,2.474,4.4,2,0.033
SHOP001702,0,21.0,113.0,0.441,0,56.3,0.255,0.055,0.024,0.829,0.132,0.196,0.311,-2.865,0.204,0.381,1.555,4.9,0,0.032
SHOP001703,0,14.0,162.0,0.364,1,31.9,0.341,0.003,0.03,0.914,0.234,0.19,0.221,0.217,0.108,0.405,1.994,3.1,1,0.026
SHOP001704,0,16.0,43.0,0.514,2,34.5,0.333,0.069,0.028,0.807,0.128,0.209,-0.031,-1.677,0.091,0.47,1.452,4.8,0,0.041
SHOP001705,1,30.0,117.0,0.636,2,67.0,0.29,0.015,0.029,0.806,-0.306,0.232,0.141,-1.587,0.134,0.244,1.339,4.0,1,0.084
SHOP001706,0,23.0,31.0,0.272,1,68.6,0.07,0.029,0.019,0.948,0.171,0.12,0.167,0.904,0.183,0.595,2.625,4.3,0,0.024
SHOP001707,0,24.0,151.0,0.342,2,87.8,0.263,0.067,0.017,0.939,-0.257,0.299,-0.017,-0.671,0.164,0.467,2.75,3.0,0,0.029
SHOP001708,1,18.0,418.0,0.503,0,61.9,0.281,0.073,0.005,0.936,-0.013,0.207,-0.018,-2.072,0.117,0.593,2.666,9.8,2,0.094
SHOP001709,0,33.0,36.0,0.594,0,106.8,0.341,0.095,0.046,0.897,0.185,0.205,0.091,0.742,0.129,0.555,0.902,4.8,1,0.004
SHOP001710,1,16.0,68.0,0.139,0,71.8,0.285,0.09,0.012,0.966,-0.039,0.182,0.078,0.035,0.163,0.386,1.993,3.1,1,0.02
SHOP001711,0,23.0,166.0,0.402,0,146.1,0.498,0.006,0.022,0.867,0.058,0.175,0.157,-0.406,0.032,0.311,2.833,6.8,0,0.004
SHOP001712,0,15.0,158.0,0.384,0,48.0,0.327,0.061,0.03,0.897,0.161,0.127,0.112,-0.344,0.303,0.52,2.004,7.9,2,0.068
SHOP001713,1,28.0,163.0,0.405,1,174.9,0.191,0.11,0.035,0.849,-0.143,0.131,0.033,1.505,0.203,0.485,1.712,10.9,1,0.055
SHOP001714,0,11.0,167.0,0.377,2,53.2,0.204,0.025,0.009,0.858,0.065,0.084,-0.041,0.503,0.041,0.307,2.232,5.2,0,0.045
SHOP001715,0,14.0,247.0,0.592,1,83.2,0.298,0.088,0.034,0.947,0.064,0.2,-0.048,-0.567,0.093,0.611,1.6,3.9,0,0.06
SHOP001716,0,22.0,208.0,0.033,0,111.2,0.272,0.068,0.035,0.802,0.053,0.254,0.078,0.975,0.173,0.296,2.852,6.1,1,0.041
SHOP001717,0,26.0,289.0,0.437,1,112.1,0.412,0.03,0.005,0.839,0.207,0.154,0.156,2.552,0.083,0.368,2.539,9.3,0,0.022
SHOP001718,1,12.0,125.0,0.386,2,22.4,0.315,0.047,0.021,0.964,-0.07,0.234,-0.051,-1.609,0.091,0.362,1.514,5.9,1,0.038
SHOP001719,0,35.0,335.0,0.212,1,191.9,0.36,0.07,0.037,0.804,0.3,0.083,-0.174,1.557,0.169,0.652,2.235,4.6,1,0.019
SHOP001720,0,10.0,27.0,0.583,1,50.5,0.099,0.105,0.047,0.873,-0.081,0.355,-0.131,0.029,0.102,0.477,2.159,4.5,2,0.037
SHOP001721,0,9.0,178.0,0.384,1,59.5,0.179,0.055,0.007,0.889,0.243,0.126,0.016,2.515,0.108,0.155,2.58,2.3,1,0.027
SHOP001722,1,5.0,201.0,0.355,1,139.7,0.419,0.045,0.001,0.917,0.005,0.201,0.029,0.855,0.104,0.384,2.43,4.5,2,0.0
SHOP001723,1,18.0,89.0,0.485,1,103.2,0.105,0.106,0.013,0.757,-0.084,0.391,0.079,0.458,0.141,0.529,1.828,4.2,1,0.029
SHOP001724,0,12.0,90.0,0.719,3,84.7,0.0,0.004,0.04,0.846,-0.368,0.391,-0.097,-1.107,0.187,0.705,1.205,6.9,0,0.097
SHOP001725,0,22.0,130.0,0.347,1,98.7,0.214,0.081,0.0,0.917,0.081,0.097,0.132,1.668,0.188,0.354,2.673,4.6,1,0.025
SHOP001726,0,22.0,326.0,0.489,2,80.5,0.228,0.057,0.009,0.962,0.305,0.287,0.021,1.607,0.118,0.383,2.046,6.6,0,0.016
SHOP001727,0,21.0,68.0,0.407,2,160.0,0.253,0.02,0.015,0.898,0.119,0.292,0.031,0.09,0.172,0.26,1.897,7.9,0,0.028
SHOP001728,0,12.0,165.0,0.33,1,111.8,0.124,0.091,0.021,0.873,-0.031,0.15,0.0,1.845,0.147,0.401,2.074,9.0,0,0.052
SHOP001729,0,16.0,112.0,0.444,2,41.1,0.191,0.071,0.04,0.86,0.015,0.298,-0.028,1.162,0.132,0.449,2.016,3.0,0,0.079
SHOP001730,0,20.0,221.0,0.304,0,128.1,0.109,0.066,0.018,0.892,-0.318,0.181,-0.146,0.376,0.1,0.502,2.209,7.2,1,0.024
SHOP001731,0,15.0,208.0,0.279,1,78.7,0.361,0.071,0.017,0.868,-0.167,0.129,0.042,0.438,0.096,0.571,2.534,5.3,0,0.016
SHOP001732,0,17.0,175.0,0.43,2,123.2,0.213,0.068,0.03,0.71,-0.064,0.161,0.093,-0.276,0.164,0.51,2.42,6.5,2,0.027
SHOP001733,0,31.0,20.0,0.24,0,95.0,0.298,0.021,0.021,0.969,0.065,0.164,0.124,-0.32,0.144,0.426,2.722,2.9,0,0.01
SHOP001734,0,28.0,50.0,0.179,1,124.0,0.344,0.064,0.029,0.917,-0.159,0.226,0.171,1.597,0.197,0.278,2.406,7.5,2,0.026
SHOP001735,0,3.0,67.0,0.651,2,68.8,0.311,0.065,0.05,0.883,0.205,0.183,-0.001,2.049,0.141,0.834,0.935,9.9,1,0.056
SHOP001736,0,22.0,219.0,0.374,1,48.7,0.364,0.059,0.01,0.928,0.019,0.078,0.131,1.014,0.191,0.451,2.496,3.3,0,0.006
SHOP001737,0,26.0,196.0,0.356,0,74.8,0.389,0.039,0.034,0.957,0.241,0.253,-0.008,-0.239,0.125,0.443,2.696,6.1,0,0.038
SHOP001738,0,17.0,160.0,0.315,0,51.6,0.289,0.082,0.013,0.922,0.186,0.085,0.239,1.681,0.056,0.479,2.204,4.7,1,0.018
SHOP001739,0,6.0,93.0,0.627,3,81.2,0.306,0.028,0.013,0.95,0.045,0.186,-0.098,-0.792,0.186,0.624,2.31,1.9,1,0.035
SHOP001740,0,37.0,156.0,0.487,3,172.5,0.306,0.037,0.032,0.878,-0.046,0.079,-0.204,-0.153,0.147,0.358,2.523,3.5,2,0.032
SHOP001741,1,21.0,51.0,0.287,2,64.5,0.259,0.056,0.031,1.0,0.072,0.258,0.106,0.425,0.222,0.637,1.713,3.1,0,0.048
SHOP001742,1,22.0,168.0,0.546,2,38.5,0.222,0.062,0.012,0.818,-0.047,0.156,0.046,0.471,0.209,0.637,2.006,2.0,1,0.045
SHOP001743,0,31.0,188.0,0.319,0,94.0,0.365,0.052,0.01,0.957,0.429,0.118,-0.023,0.911,0.214,0.395,2.233,2.2,0,0.033
SHOP001744,0,10.0,72.0,0.36,0,37.4,0.235,0.132,0.017,0.861,-0.247,0.278,-0.101,0.542,0.265,0.491,1.878,9.1,1,0.048
SHOP001745,0,21.0,107.0,0.15,0,151.0,0.394,0.04,0.022,0.901,-0.082,0.137,0.065,0.25,0.069,0.378,2.26,5.1,0,0.003
SHOP001746,0,30.0,138.0,0.078,1,48.6,0.304,0.076,0.022,0.978,0.031,0.103,0.192,0.6,0.143,0.434,2.929,4.6,0,0.049
SHOP001747,0,13.0,138.0,0.216,2,51.5,0.173,0.063,0.029,0.808,-0.111,0.276,-0.205,0.14,0.246,0.623,2.198,6.6,2,0.022
SHOP001748,0,17.0,147.0,0.365,1,73.8,0.345,0.07,0.004,0.873,-0.03,0.181,0.118,-0.891,0.189,0.4,2.267,6.0,1,0.019
SHOP001749,1,14.0,79.0,0.287,0,126.5,0.205,0.122,0.018,0.825,-0.018,0.217,0.292,-1.071,0.25,0.236,1.969,4.5,1,0.057
SHOP001750,0,21.0,379.0,0.477,2,107.1,0.389,0.098,0.024,0.93,0.109,0.162,-0.024,-0.566,0.036,0.311,2.258,6.7,1,0.033
SHOP001751,0,16.0,178.0,0.487,0,169.6,0.16,0.078,0.022,0.973,0.29,0.195,-0.023,-1.435,0.127,0.501,2.378,5.2,0,0.049
SHOP001752,0,24.0,199.0,0.387,1,92.8,0.34,0.056,0.027,0.968,-0.0,0.168,0.06,2.309,0.098,0.499,2.425,3.8,1,0.028
SHOP001753,0,31.0,154.0,0.373,1,107.9,0.385,0.108,0.031,0.983,0.346,0.228,0.014,1.833,0.238,0.389,1.662,7.1,1,0.053
SHOP001754,0,9.0,187.0,0.459,0,98.1,0.165,0.114,0.035,0.924,-0.103,0.213,-0.145,-0.413,0.298,0.642,1.97,5.4,0,0.06
SHOP001755,0,18.0,81.0,0.213,1,233.8,0.281,0.051,0.069,0.94,0.182,0.238,0.15,-0.111,0.151,0.484,1.93,4.9,1,0.049
SHOP001756,1,11.0,79.0,0.19,0,50.1,0.104,0.078,0.044,0.915,0.05,0.227,-0.3,0.092,0.339,0.684,2.142,4.9,1,0.055
SHOP001757,1,18.0,106.0,0.328,3,91.9,0.222,0.029,0.029,0.832,-0.212,0.118,-0.004,-0.849,0.253,0.686,0.478,1.6,1,0.057
SHOP001758,0,21.0,97.0,0.234,2,56.3,0.228,0.065,0.032,0.892,-0.103,0.194,0.183,0.305,0.067,0.429,2.437,3.7,0,0.056
SHOP001759,0,25.0,288.0,0.466,4,132.1,0.201,0.003,0.023,0.847,0.152,0.206,-0.082,-0.189,0.176,0.638,2.263,1.9,1,0.04
SHOP001760,0,26.0,388.0,0.308,1,65.7,0.385,0.046,0.026,0.923,0.265,0.147,0.129,1.945,0.243,0.617,2.604,4.9,0,0.034
SHOP001761,0,12.0,169.0,0.131,1,84.9,0.192,0.061,0.027,0.953,0.288,0.099,0.289,1.11,0.147,0.579,2.268,3.3,0,0.031
SHOP001762,0,25.0,84.0,0.386,1,88.6,0.259,0.048,0.015,0.999,-0.013,0.169,0.115,0.13,0.016,0.416,3.036,5.4,1,0.022
SHOP001763,0,15.0,285.0,0.435,0,77.0,0.281,0.072,0.037,0.839,0.003,0.085,-0.08,0.906,0.158,0.353,1.794,3.8,0,0.012
SHOP001764,0,8.0,147.0,0.392,1,41.6,0.167,0.049,0.01,0.915,0.186,0.018,0.216,1.314,0.201,0.315,1.731,5.0,0,0.041
SHOP001765,0,27.0,206.0,0.17,0,123.1,0.376,0.095,0.038,0.875,-0.085,0.233,0.029,0.493,0.12,0.117,1.395,3.9,0,0.062
SHOP001766,0,35.0,3.0,0.444,1,151.2,0.331,0.076,0.011,0.873,0.045,0.238,0.009,2.009,0.067,0.228,2.585,2.6,0,0.023
SHOP001767,0,16.0,336.0,0.457,0,47.9,0.199,0.097,0.026,0.873,-0.097,0.467,-0.047,-0.862,0.093,0.44,2.484,6.6,0,0.025
SHOP001768,0,19.0,85.0,0.331,0,75.7,0.437,0.044,0.021,0.894,0.236,0.186,0.043,1.998,0.181,0.358,2.174,4.3,0,0.032
SHOP001769,1,16.0,93.0,0.531,4,106.2,0.261,0.126,0.041,0.752,-0.123,0.193,0.111,-1.311,0.371,0.657,1.136,7.1,2,0.034
SHOP001770,0,21.0,80.0,0.356,0,110.2,0.261,0.044,0.023,0.842,0.053,0.205,0.068,2.296,0.106,0.479,3.263,5.8,2,0.025
SHOP001771,0,24.0,36.0,0.395,1,91.3,0.386,0.068,0.007,0.882,-0.074,0.163,0.043,0.039,0.133,0.343,2.368,4.8,0,0.021
SHOP001772,0,11.0,12.0,0.184,2,92.8,0.41,0.03,0.017,0.909,0.123,0.028,0.057,1.412,0.059,0.418,3.147,3.1,1,0.009
SHOP001773,1,3.0,105.0,0.332,1,47.5,0.303,0.042,0.029,0.898,0.03,0.15,-0.111,-1.293,0.185,0.302,2.001,4.8,2,0.079
SHOP001774,0,12.0,154.0,0.622,4,68.9,0.089,0.132,0.016,1.0,-0.076,0.119,-0.271,-0.103,0.246,0.477,2.268,4.1,1,0.056
SHOP001775,0,17.0,226.0,0.426,2,57.9,0.405,0.048,0.045,0.803,-0.088,0.257,-0.028,0.457,0.153,0.073,2.32,2.4,2,0.017
SHOP001776,0,22.0,141.0,0.225,0,120.9,0.379,0.055,0.011,0.888,0.269,0.167,0.123,-0.222,0.047,0.415,1.811,3.5,0,0.032
SHOP001777,0,24.0,51.0,0.488,2,128.2,0.366,0.05,0.014,0.84,0.29,0.131,0.006,-1.389,0.134,0.367,1.879,4.9,0,0.052
SHOP001778,0,25.0,135.0,0.272,1,28.0,0.203,0.035,0.013,0.934,0.16,0.193,0.109,-0.511,0.085,0.437,2.088,4.4,0,0.006
SHOP001779,1,12.0,144.0,0.515,0,65.7,0.377,0.11,0.063,0.91,-0.182,0.226,-0.172,-0.393,0.217,0.348,1.664,6.3,1,0.015
SHOP001780,1,23.0,67.0,0.351,1,98.0,0.158,0.111,0.037,0.912,-0.414,0.169,-0.155,-2.573,0.173,0.687,1.967,3.6,1,0.062
SHOP001781,1,20.0,272.0,0.544,1,80.5,0.419,0.03,0.023,0.906,-0.18,0.289,0.024,1.401,0.14,0.552,2.117,4.3,0,0.011
SHOP001782,0,13.0,290.0,0.283,0,56.1,0.423,0.03,0.01,0.986,0.623,0.165,0.084,1.19,0.116,0.248,2.708,1.7,0,0.026
SHOP001783,0,23.0,328.0,0.205,0,79.8,0.093,0.053,0.03,0.985,0.351,0.201,0.126,1.169,0.178,0.386,2.074,4.3,0,0.047
SHOP001784,1,27.0,76.0,0.293,1,20.7,0.238,0.085,0.049,0.851,0.004,0.323,-0.128,-1.624,0.232,0.515,3.155,7.7,1,0.05
SHOP001785,1,26.0,85.0,0.67,1,127.2,0.305,0.067,0.035,0.653,-0.026,0.19,0.022,-1.498,0.133,0.423,2.356,7.5,1,0.025
SHOP001786,1,15.0,238.0,0.434,2,100.3,0.318,0.081,0.039,0.803,0.177,0.101,0.007,-1.486,0.197,0.626,1.26,5.3,1,0.017
SHOP001787,0,13.0,122.0,0.199,1,80.7,0.491,0.017,0.024,0.889,0.328,0.133,-0.016,1.157,0.206,0.573,2.839,4.2,0,0.029
SHOP001788,0,27.0,92.0,0.585,1,169.7,0.254,0.096,0.032,0.885,-0.123,0.251,0.122,-1.346,0.16,0.522,1.881,4.0,0,0.067
SHOP001789,0,24.0,107.0,0.34,0,105.9,0.237,0.119,0.013,0.882,-0.271,0.206,0.049,-0.651,0.132,0.455,1.195,10.4,0,0.029
SHOP001790,0,24.0,313.0,0.286,1,126.8,0.37,0.067,0.008,0.844,0.173,0.086,0.153,1.411,0.071,0.294,2.417,3.2,0,0.032
SHOP001791,0,11.0,122.0,0.185,0,133.3,0.308,0.045,0.028,0.87,0.105,0.152,-0.006,1.186,0.145,0.301,2.284,4.9,1,0.021
SHOP001792,1,15.0,246.0,0.399,1,55.0,0.186,0.133,0.04,0.995,0.088,0.191,-0.178,-1.844,0.235,0.405,2.015,7.1,1,0.049
SHOP001793,0,25.0,114.0,0.378,1,47.3,0.408,0.043,0.022,0.911,-0.003,0.209,0.075,0.538,0.166,0.56,1.87,3.8,0,0.042
SHOP001794,0,33.0,122.0,0.462,1,63.8,0.455,0.048,0.032,0.962,0.259,0.161,0.126,3.133,0.056,0.354,3.056,4.7,0,0.01
SHOP001795,0,6.0,195.0,0.46,3,65.1,0.286,0.028,0.051,0.897,0.027,0.245,-0.078,-0.675,0.168,0.453,2.186,2.8,1,0.038
SHOP001796,0,16.0,137.0,0.304,1,115.2,0.301,0.059,0.009,0.83,0.242,0.083,-0.247,0.556,0.133,0.179,2.082,2.9,0,0.024
SHOP001797,0,20.0,325.0,0.522,0,107.8,0.329,0.069,0.03,0.859,0.204,0.073,-0.046,-0.06,0.143,0.5,1.955,4.9,0,0.012
SHOP001798,0,28.0,191.0,0.481,1,102.3,0.279,0.076,0.025,0.878,0.115,0.288,0.089,0.301,0.124,0.44,2.217,5.1,1,0.0
SHOP001799,0,28.0,71.0,0.279,1,73.4,0.245,0.097,0.02,0.87,0.145,0.09,-0.091,-1.169,0.19,0.358,2.401,3.4,0,0.019
SHOP001800,0,23.0,227.0,0.503,3,148.5,0.278,0.002,0.047,0.809,-0.275,0.235,0.128,0.678,0.168,0.386,2.651,4.2,0,0.027
SHOP001801,0,10.0,238.0,0.643,2,158.4,0.377,0.093,0.026,0.951,-0.268,0.249,-0.131,-1.59,0.081,0.372,1.284,5.3,0,0.064
SHOP001802,0,13.0,100.0,0.436,2,129.9,0.323,0.046,0.039,0.911,-0.387,0.086,0.072,-1.195,0.201,0.374,2.719,5.0,1,0.018
SHOP001803,0,4.0,192.0,0.468,2,93.1,0.243,0.065,0.034,0.936,-0.047,0.241,0.068,2.18,0.129,0.362,1.526,0.0,1,0.03
SHOP001804,0,5.0,47.0,0.258,0,19.8,0.307,0.082,0.025,0.97,0.092,0.24,-0.092,-0.594,0.236,0.615,2.222,4.5,2,0.063
SHOP001805,0,24.0,229.0,0.365,1,110.1,0.421,0.065,0.0,1.0,0.166,0.09,-0.044,-0.092,0.113,0.337,2.033,3.9,0,0.005
SHOP001806,0,31.0,73.0,0.217,0,106.3,0.269,0.102,0.017,0.921,-0.172,0.221,0.216,-0.117,0.221,0.541,1.547,8.3,0,0.0
SHOP001807,0,13.0,220.0,0.469,2,72.4,0.325,0.042,0.0,0.825,-0.241,0.164,0.169,2.112,0.182,0.626,1.958,7.4,1,0.025
SHOP001808,0,18.0,159.0,0.367,3,76.1,0.248,0.067,0.035,0.951,-0.073,0.104,0.012,-0.527,0.112,0.776,2.786,5.4,0,0.051
SHOP001809,0,4.0,109.0,0.466,0,70.1,0.304,0.153,0.045,0.869,-0.119,0.286,-0.105,-0.653,0.173,0.13,2.139,6.7,0,0.03
SHOP001810,0,26.0,416.0,0.222,1,105.4,0.37,0.044,0.016,0.952,0.163,0.238,0.147,0.21,0.134,0.318,3.048,2.6,1,0.024
SHOP001811,0,34.0,289.0,0.369,0,57.8,0.252,0.046,0.021,0.922,0.027,0.166,-0.009,1.396,0.134,0.436,2.538,3.8,0,0.025
SHOP001812,0,13.0,229.0,0.38,1,173.9,0.175,0.071,0.076,0.919,0.054,0.11,-0.032,-0.512,0.11,0.635,2.458,8.5,3,0.049
SHOP001813,1,24.0,166.0,0.169,3,116.0,0.297,0.031,0.022,0.902,0.031,0.363,-0.028,0.599,0.065,0.573,2.456,7.0,0,0.027
SHOP001814,1,13.0,141.0,0.666,1,48.0,0.358,0.103,0.031,0.915,-0.261,0.113,0.055,-0.482,0.222,0.451,2.564,4.9,0,0.0
SHOP001815,0,24.0,108.0,0.256,0,90.4,0.175,0.047,0.022,0.884,0.183,0.139,-0.008,1.295,0.048,0.271,2.336,3.8,1,0.047
SHOP001816,1,18.0,97.0,0.59,0,115.2,0.387,0.091,0.012,0.83,0.005,0.399,-0.037,-0.336,0.253,0.599,1.57,5.4,2,0.022
SHOP001817,0,14.0,179.0,0.253,4,86.5,0.293,0.058,0.042,0.909,-0.013,0.244,0.14,-0.895,0.226,0.586,1.446,7.8,2,0.001
SHOP001818,1,21.0,160.0,0.401,0,77.7,0.274,0.044,0.025,0.859,0.176,0.121,0.313,0.054,0.156,0.498,2.571,3.9,1,0.056
SHOP001819,0,20.0,279.0,0.161,2,108.5,0.198,0.081,0.037,0.875,0.033,0.214,0.081,1.082,0.073,0.28,1.151,4.5,0,0.029
SHOP001820,0,12.0,121.0,0.147,0,33.0,0.419,0.047,0.0,0.929,0.133,0.164,0.211,-1.801,0.157,0.399,2.257,4.7,1,0.014
SHOP001821,0,24.0,139.0,0.7,2,84.5,0.0,0.121,0.045,0.845,-0.187,0.208,-0.044,-1.076,0.158,0.318,2.829,2.0,1,0.062
SHOP001822,1,15.0,198.0,0.342,4,102.1,0.134,0.076,0.022,0.943,-0.429,0.363,0.007,-3.326,0.186,0.498,2.214,5.9,2,0.018
SHOP001823,1,9.0,1.0,0.172,0,95.9,0.45,0.041,0.053,0.906,0.399,0.381,-0.183,0.401,0.185,0.728,2.284,7.1,1,0.01
SHOP001824,0,16.0,263.0,0.371,0,141.0,0.378,0.017,0.006,0.881,-0.265,0.164,0.29,0.028,0.11,0.563,2.069,3.3,1,0.028
SHOP001825,0,17.0,245.0,0.373,1,93.5,0.404,0.097,0.023,0.816,0.229,0.214,-0.113,-1.328,0.213,0.193,2.249,4.2,1,0.038
SHOP001826,0,31.0,310.0,0.352,0,24.1,0.205,0.105,0.053,0.944,0.023,0.251,-0.068,0.199,0.097,0.508,2.284,5.4,2,0.061
SHOP001827,0,1.0,203.0,0.379,1,94.1,0.278,0.093,0.054,0.814,-0.066,0.187,-0.09,-1.04,0.103,0.691,2.057,6.0,0,0.05
SHOP001828,0,27.0,192.0,0.239,0,78.6,0.183,0.031,0.016,0.929,0.514,0.155,0.091,-0.734,0.106,0.505,2.988,5.2,0,0.019
SHOP001829,0,25.0,280.0,0.419,1,70.3,0.279,0.077,0.025,0.895,0.013,0.163,0.16,1.372,0.075,0.41,2.828,3.8,2,0.048
SHOP001830,0,11.0,198.0,0.562,0,110.4,0.353,0.117,0.041,0.791,-0.292,0.339,-0.001,-0.835,0.219,0.479,1.924,10.9,2,0.064
SHOP001831,0,14.0,209.0,0.427,1,52.7,0.267,0.091,0.026,1.0,0.083,0.174,0.051,-0.049,0.137,0.333,1.922,8.4,0,0.034
SHOP001832,0,24.0,91.0,0.291,0,134.5,0.309,0.048,0.006,0.967,0.306,0.05,-0.042,2.373,0.181,0.127,2.337,2.7,0,0.066
SHOP001833,0,19.0,147.0,0.378,1,78.9,0.364,0.115,0.033,0.818,-0.092,0.282,-0.146,-1.453,0.218,0.262,2.232,5.9,0,0.028
SHOP001834,0,16.0,229.0,0.431,2,123.9,0.432,0.096,0.02,0.866,-0.033,0.284,-0.121,-1.714,0.149,0.7,2.076,5.5,2,0.023
SHOP001835,1,23.0,204.0,0.501,1,97.3,0.303,0.12,0.038,0.837,0.098,0.316,-0.174,-0.39,0.1,0.309,2.903,6.6,0,0.001
SHOP001836,0,29.0,89.0,0.412,1,87.9,0.3,0.049,0.0,0.818,-0.116,0.116,-0.102,-1.791,0.057,0.393,2.681,5.5,0,0.03
SHOP001837,0,20.0,139.0,0.308,1,72.4,0.276,0.075,0.013,0.855,-0.031,0.163,0.057,0.881,0.233,0.546,2.146,6.9,1,0.013
SHOP001838,1,21.0,13.0,0.441,3,44.8,0.314,0.128,0.034,0.938,-0.268,0.299,0.108,-0.889,0.134,0.61,2.319,7.3,1,0.02
SHOP001839,0,20.0,100.0,0.25,1,49.3,0.353,0.066,0.008,0.857,-0.02,0.24,0.178,-0.483,0.165,0.451,2.672,3.8,1,0.063
SHOP001840,0,28.0,166.0,0.425,1,19.6,0.135,0.061,0.022,0.837,0.143,0.247,0.049,0.645,0.139,0.505,2.432,4.8,1,0.04
SHOP001841,0,19.0,162.0,0.203,1,66.1,0.268,0.122,0.046,0.895,0.126,0.23,0.029,0.863,0.073,0.541,2.031,3.4,1,0.009
SHOP001842,1,27.0,143.0,0.349,2,78.6,0.208,0.145,0.026,0.804,0.019,0.209,-0.012,0.557,0.213,0.732,0.888,8.6,1,0.078
SHOP001843,0,20.0,54.0,0.307,2,100.9,0.323,0.061,0.002,0.946,0.191,0.167,-0.119,2.2,0.089,0.549,2.837,0.8,1,0.028
SHOP001844,0,31.0,333.0,0.367,0,51.0,0.358,0.046,0.022,0.956,0.08,0.156,0.044,2.858,0.201,0.324,2.553,8.4,0,0.025
SHOP001845,0,35.0,189.0,0.327,0,76.6,0.349,0.003,0.004,0.979,0.149,0.108,0.049,1.169,0.13,0.339,2.009,0.8,0,0.026
SHOP001846,0,16.0,176.0,0.613,1,48.4,0.274,0.1,0.052,0.858,-0.246,0.259,0.216,-0.086,0.133,0.498,1.5,6.0,1,0.036
SHOP001847,0,27.0,205.0,0.372,1,72.7,0.198,0.061,0.01,0.998,0.023,0.057,0.128,1.676,0.09,0.597,2.392,5.8,1,0.018
SHOP001848,0,21.0,178.0,0.24,2,58.6,0.274,0.111,0.028,0.919,0.131,0.115,0.088,-0.002,0.185,0.283,1.605,5.0,0,0.021
SHOP001849,0,11.0,156.0,0.229,1,117.0,0.259,0.053,0.061,0.842,-0.141,0.135,-0.017,-2.314,0.145,0.602,1.73,6.7,0,0.008
SHOP001850,0,18.0,66.0,0.264,0,76.6,0.313,0.046,0.021,0.936,-0.234,0.116,-0.068,0.261,0.131,0.297,2.48,3.7,1,0.023
SHOP001851,0,27.0,52.0,0.694,0,45.8,0.24,0.047,0.032,0.85,-0.04,0.188,0.139,-0.312,0.169,0.414,1.635,2.9,0,0.069
SHOP001852,1,19.0,124.0,0.431,2,67.3,0.334,0.032,0.018,0.928,0.249,0.103,0.073,-0.597,0.202,0.33,2.394,3.1,1,0.012
SHOP001853,0,16.0,141.0,0.503,1,116.4,0.315,0.044,0.001,0.93,-0.19,0.429,0.014,-1.536,0.167,0.846,2.183,10.1,0,0.03
SHOP001854,0,22.0,352.0,0.269,1,111.5,0.319,0.045,0.049,0.846,-0.388,0.462,-0.159,-0.421,0.238,0.517,1.971,3.6,0,0.073
SHOP001855,0,12.0,100.0,0.257,0,75.9,0.426,0.035,0.029,0.92,-0.072,0.21,0.147,0.498,0.184,0.367,2.156,2.5,0,0.036
SHOP001856,0,16.0,135.0,0.416,1,105.1,0.224,0.071,0.039,0.837,-0.123,0.35,-0.169,0.443,0.086,0.468,2.326,6.4,1,0.024
SHOP001857,1,6.0,40.0,0.208,2,101.1,0.298,0.17,0.048,0.732,-0.192,0.214,-0.074,-1.553,0.164,0.398,1.214,7.3,0,0.054
SHOP001858,0,12.0,140.0,0.421,1,70.1,0.228,0.058,0.013,0.852,-0.169,0.243,-0.115,0.376,0.17,0.097,2.203,5.4,1,0.057
SHOP001859,0,30.0,242.0,0.303,1,93.9,0.416,0.006,0.012,0.934,0.183,0.175,0.054,-1.316,0.0,0.269,2.348,3.2,1,0.007
SHOP001860,0,17.0,1.0,0.52,1,40.5,0.12,0.072,0.029,0.843,-0.052,0.174,-0.071,-1.309,0.208,0.409,2.26,7.5,1,0.001
SHOP001861,0,15.0,182.0,0.303,1,109.2,0.376,0.049,0.022,0.885,-0.018,0.128,0.111,1.862,0.09,0.423,1.781,6.0,0,0.036
SHOP001862,1,12.0,47.0,0.101,3,105.7,0.15,0.03,0.028,0.858,-0.156,0.319,0.201,-0.328,0.171,0.486,1.82,2.5,1,0.053
SHOP001863,1,6.0,130.0,0.353,3,108.2,0.298,0.114,0.041,0.819,0.112,0.264,-0.152,-2.726,0.158,0.436,1.856,7.1,2,0.053
SHOP001864,0,20.0,197.0,0.55,3,128.8,0.216,0.079,0.04,0.967,-0.172,0.275,0.078,1.378,0.113,0.388,2.001,6.1,2,0.032
SHOP001865,0,21.0,40.0,0.413,0,43.4,0.235,0.096,0.046,1.0,0.162,0.097,0.038,-0.592,0.191,0.343,2.233,6.2,0,0.051
SHOP001866,0,33.0,127.0,0.333,0,110.6,0.355,0.085,0.014,0.924,0.226,0.153,0.09,1.715,0.125,0.52,2.184,5.8,0,0.042
SHOP001867,0,16.0,23.0,0.345,2,136.4,0.163,0.121,0.044,0.807,-0.101,0.173,0.214,-0.986,0.121,0.613,1.837,6.1,0,0.081
SHOP001868,0,21.0,177.0,0.409,1,137.2,0.25,0.042,0.033,0.963,0.06,0.28,0.061,-0.297,0.189,0.405,1.778,8.0,1,0.053
SHOP001869,1,24.0,111.0,0.294,2,64.9,0.315,0.079,0.005,0.867,0.06,0.281,-0.14,-0.037,0.138,0.451,2.157,6.9,1,0.025
SHOP001870,0,29.0,80.0,0.717,3,104.7,0.307,0.004,0.027,0.885,0.01,0.143,-0.2,-1.081,0.011,0.395,2.1,9.1,2,0.015
SHOP001871,0,11.0,89.0,0.385,0,61.9,0.348,0.11,0.043,0.902,0.191,0.209,0.031,-1.404,0.149,0.425,2.282,2.1,1,0.006
SHOP001872,1,14.0,247.0,0.34,0,202.9,0.275,0.05,0.032,0.903,0.364,0.183,-0.074,-0.62,0.082,0.371,1.853,4.7,1,0.0
SHOP001873,0,27.0,181.0,0.148,2,75.0,0.305,0.068,0.0,0.947,0.331,0.089,-0.004,1.506,0.155,0.43,2.397,2.2,1,0.034
SHOP001874,0,22.0,131.0,0.404,1,16.9,0.517,0.049,0.013,0.858,0.373,0.285,-0.098,1.594,0.142,0.251,2.149,3.6,1,0.009
SHOP001875,0,12.0,350.0,0.206,0,76.6,0.277,0.039,0.02,0.879,0.389,0.077,0.207,0.657,0.075,0.52,2.835,4.5,1,0.025
SHOP001876,1,15.0,158.0,0.521,0,49.8,0.243,0.068,0.021,0.978,-0.034,0.251,0.024,-1.887,0.125,0.54,1.82,8.2,1,0.068
SHOP001877,1,8.0,122.0,0.651,0,82.4,0.319,0.105,0.039,0.765,0.212,0.214,-0.024,-2.669,0.229,0.523,1.176,4.3,1,0.089
SHOP001878,0,9.0,252.0,0.598,3,102.5,0.375,0.043,0.005,0.902,0.014,0.336,-0.049,-1.011,0.231,0.542,1.354,2.6,1,0.036
SHOP001879,0,22.0,131.0,0.398,1,31.5,0.302,0.014,0.023,0.924,-0.078,0.252,0.148,0.891,0.172,0.38,2.398,4.0,0,0.024
SHOP001880,1,13.0,100.0,0.184,2,66.5,0.237,0.106,0.056,0.866,0.031,0.075,-0.219,-0.333,0.127,0.37,1.878,4.5,0,0.059
SHOP001881,1,21.0,72.0,0.298,0,67.2,0.33,0.137,0.071,0.889,-0.069,0.247,-0.078,1.482,0.325,0.305,1.341,3.6,2,0.03
SHOP001882,1,21.0,125.0,0.397,2,95.3,0.304,0.086,0.03,0.843,0.153,0.16,0.032,1.647,0.17,0.158,1.814,4.1,1,0.04
SHOP001883,0,12.0,97.0,0.493,2,74.7,0.22,0.106,0.044,0.778,0.203,0.23,-0.047,-0.336,0.154,0.533,1.92,3.0,0,0.026
SHOP001884,0,18.0,195.0,0.096,0,194.5,0.342,0.018,0.005,0.953,0.095,0.136,0.023,1.732,0.159,0.367,2.244,4.1,0,0.046
SHOP001885,1,28.0,176.0,0.427,2,14.5,0.37,0.068,0.049,0.929,-0.106,0.163,0.13,-1.208,0.068,0.523,2.22,6.0,0,0.024
SHOP001886,0,27.0,196.0,0.238,1,26.8,0.403,0.076,0.0,0.987,0.343,0.203,0.025,-0.389,0.122,0.572,1.451,4.1,0,0.006
SHOP001887,0,1.0,107.0,0.441,0,57.0,0.295,0.056,0.036,0.892,-0.05,0.312,-0.074,0.841,0.052,0.354,1.648,4.1,1,0.029
SHOP001888,0,20.0,234.0,0.405,1,86.0,0.388,0.067,0.022,0.97,0.147,0.07,0.073,1.396,0.054,0.503,2.072,4.1,0,0.036
SHOP001889,0,11.0,152.0,0.23,2,60.1,0.204,0.056,0.036,0.818,0.0,0.273,-0.097,-1.255,0.235,0.349,2.07,6.4,0,0.017
SHOP001890,0,25.0,334.0,0.2,2,123.0,0.306,0.088,0.04,0.861,-0.174,0.2,0.164,-0.007,0.226,0.567,2.135,5.4,0,0.07
SHOP001891,0,24.0,98.0,0.237,1,109.8,0.264,0.055,0.02,0.88,-0.056,0.145,-0.007,0.026,0.15,0.419,2.341,5.3,1,0.015
SHOP001892,0,28.0,309.0,0.093,1,33.7,0.354,0.028,0.024,1.0,-0.134,0.178,0.063,-2.017,0.015,0.404,1.981,3.7,1,0.039
SHOP001893,0,40.0,192.0,0.3,1,55.4,0.459,0.031,0.027,0.922,-0.124,0.197,0.035,-0.745,0.069,0.306,2.127,2.3,0,0.01
SHOP001894,0,17.0,324.0,0.473,0,85.9,0.278,0.03,0.027,0.899,0.162,0.165,0.206,1.55,0.152,0.296,2.103,4.6,1,0.035
SHOP001895,0,37.0,146.0,0.27,1,93.8,0.466,0.089,0.022,0.89,0.174,0.156,-0.158,2.776,0.029,0.337,1.651,2.1,1,0.037
SHOP001896,0,5.0,88.0,0.309,1,55.4,0.186,0.067,0.019,0.99,0.081,0.162,0.063,0.139,0.11,0.365,2.817,3.2,0,0.0
SHOP001897,0,20.0,174.0,0.486,2,89.6,0.361,0.05,0.056,0.896,-0.269,0.255,-0.074,-0.402,0.128,0.401,2.281,4.6,1,0.071
SHOP001898,0,22.0,148.0,0.359,2,66.2,0.409,0.064,0.01,0.832,0.137,0.179,-0.105,1.777,0.178,0.245,2.924,3.6,0,0.058
SHOP001899,0,23.0,71.0,0.389,1,109.5,0.421,0.051,0.011,0.915,0.068,0.165,0.037,0.397,0.085,0.289,1.863,3.6,0,0.042
SHOP001900,0,25.0,1.0,0.416,1,84.2,0.465,0.065,0.018,0.829,0.114,0.222,-0.06,0.046,0.103,0.413,2.202,4.1,0,0.046
SHOP001901,0,12.0,51.0,0.681,0,66.1,0.123,0.056,0.045,0.856,-0.093,0.047,0.07,-1.701,0.255,0.622,2.157,1.9,1,0.073
SHOP001902,1,18.0,131.0,0.36,1,67.3,0.23,0.101,0.034,0.829,-0.29,0.237,-0.015,-1.137,0.151,0.502,1.539,5.1,1,0.044
SHOP001903,0,24.0,129.0,0.438,2,53.6,0.297,0.108,0.026,0.952,0.048,0.216,0.196,0.189,0.145,0.527,2.564,4.4,1,0.044
SHOP001904,0,22.0,255.0,0.466,3,90.2,0.241,0.046,0.055,0.882,-0.095,0.24,0.026,-0.138,0.106,0.478,2.017,7.5,1,0.081
SHOP001905,0,24.0,240.0,0.238,1,75.5,0.208,0.053,0.025,0.842,0.14,0.087,0.121,0.706,0.136,0.41,2.239,5.1,1,0.015
SHOP001906,0,25.0,99.0,0.469,1,29.2,0.229,0.097,0.041,0.952,0.027,0.076,-0.049,0.349,0.265,0.511,1.958,3.5,0,0.01
SHOP001907,1,12.0,150.0,0.28,1,76.2,0.193,0.082,0.026,0.869,-0.135,0.277,-0.011,0.782,0.142,0.425,1.845,4.7,0,0.05
SHOP001908,1,19.0,184.0,0.503,2,91.2,0.43,0.07,0.016,0.885,-0.037,0.076,0.109,0.086,0.238,0.641,2.002,4.1,0,0.032
SHOP001909,1,18.0,134.0,0.113,3,50.3,0.287,0.033,0.055,0.854,0.286,0.248,-0.124,0.407,0.218,0.382,1.943,8.0,0,0.061
SHOP001910,0,22.0,388.0,0.338,1,62.9,0.325,0.047,0.021,0.896,0.187,0.081,0.065,2.533,0.159,0.479,1.761,6.6,0,0.025
SHOP001911,0,12.0,31.0,0.417,2,88.0,0.321,0.011,0.055,0.853,-0.088,0.407,0.035,2.145,0.063,0.762,3.055,4.8,0,0.055
SHOP001912,0,23.0,34.0,0.42,0,125.0,0.258,0.079,0.006,0.838,-0.204,0.295,-0.063,-0.558,0.18,0.45,2.561,2.5,2,0.06
SHOP001913,0,6.0,218.0,0.058,0,52.3,0.468,0.049,0.006,0.918,0.445,0.223,0.188,1.778,0.119,0.343,2.937,5.1,1,0.008
SHOP001914,1,14.0,147.0,0.471,2,134.3,0.187,0.095,0.028,0.76,-0.259,0.122,-0.036,-1.911,0.284,0.514,1.434,2.2,0,0.096
SHOP001915,0,12.0,494.0,0.261,1,80.2,0.468,0.031,0.015,0.829,0.363,0.067,0.238,1.859,0.077,0.411,2.429,3.8,0,0.003
SHOP001916,0,19.0,275.0,0.395,0,50.4,0.344,0.097,0.024,0.884,-0.229,0.234,0.073,2.002,0.172,0.188,2.466,4.6,0,0.045
SHOP001917,1,17.0,150.0,0.213,2,70.4,0.197,0.054,0.056,0.853,0.083,0.313,0.053,0.285,0.275,0.309,1.895,5.8,2,0.012
SHOP001918,0,22.0,193.0,0.412,1,116.0,0.489,0.039,0.023,0.866,0.235,0.139,0.059,0.408,0.135,0.727,2.731,6.0,1,0.047
SHOP001919,0,24.0,132.0,0.356,0,137.1,0.329,0.042,0.015,0.93,0.158,0.161,-0.029,0.158,0.147,0.433,2.637,4.0,0,0.032
SHOP001920,0,10.0,54.0,0.438,1,128.7,0.418,0.016,0.033,0.92,0.378,0.224,0.132,0.707,0.142,0.457,2.869,5.2,0,0.006
SHOP001921,1,28.0,206.0,0.477,2,21.6,0.235,0.103,0.026,0.949,-0.068,0.434,0.073,-1.264,0.189,0.436,1.457,8.3,0,0.0
SHOP001922,0,23.0,82.0,0.335,1,91.3,0.333,0.021,0.027,0.908,0.054,0.064,0.356,1.873,0.133,0.232,2.962,6.2,0,0.0
SHOP001923,1,34.0,148.0,0.403,2,75.0,0.235,0.139,0.034,0.761,0.141,0.205,0.251,0.039,0.286,0.626,2.246,3.9,2,0.005
SHOP001924,0,29.0,288.0,0.612,3,83.4,0.358,0.054,0.028,0.854,-0.002,0.077,0.027,-1.279,0.129,0.326,1.907,4.8,1,0.023
SHOP001925,0,10.0,127.0,0.321,0,33.8,0.377,0.087,0.011,0.897,0.12,0.036,0.147,1.012,0.102,0.362,2.345,6.4,0,0.021
SHOP001926,0,17.0,180.0,0.31,2,62.3,0.424,0.021,0.02,0.925,-0.077,0.08,-0.034,0.607,0.149,0.371,2.26,8.0,0,0.034
SHOP001927,0,19.0,213.0,0.262,1,201.6,0.416,0.085,0.035,0.91,0.037,0.173,0.097,-0.894,0.117,0.473,1.603,1.9,2,0.029
SHOP001928,1,20.0,155.0,0.403,1,24.6,0.229,0.111,0.032,0.888,-0.342,0.252,-0.326,-1.457,0.194,0.345,1.952,3.4,2,0.041
SHOP001929,0,14.0,126.0,0.493,4,82.3,0.275,0.057,0.026,0.832,0.024,0.297,0.084,0.247,0.201,0.56,2.176,6.7,2,0.049
SHOP001930,0,22.0,418.0,0.261,2,154.3,0.407,0.037,0.012,0.908,0.335,0.184,-0.009,1.905,0.125,0.494,2.156,6.0,1,0.02
SHOP001931,0,31.0,171.0,0.351,0,66.7,0.197,0.069,0.018,0.855,0.17,0.155,0.026,-0.034,0.069,0.258,1.855,6.9,1,0.005
SHOP001932,0,17.0,254.0,0.249,0,88.0,0.353,0.039,0.04,0.846,0.469,0.081,-0.187,1.436,0.181,0.368,2.025,3.4,0,0.035
SHOP001933,1,18.0,256.0,0.589,2,29.5,0.243,0.094,0.044,0.804,-0.036,0.335,0.069,-0.578,0.102,0.489,1.718,8.5,1,0.024
SHOP001934,0,14.0,1.0,0.225,0,104.7,0.379,0.034,0.019,0.973,-0.139,0.192,0.091,0.611,0.047,0.367,2.734,5.2,1,0.029
SHOP001935,0,26.0,330.0,0.594,2,116.9,0.039,0.063,0.038,0.728,-0.173,0.176,-0.031,0.725,0.263,0.571,2.0,8.4,0,0.065
SHOP001936,0,21.0,233.0,0.539,0,82.1,0.253,0.063,0.022,0.912,-0.013,0.116,0.178,-0.953,0.237,0.551,2.172,1.6,1,0.043
SHOP001937,0,14.0,160.0,0.43,1,127.5,0.312,0.008,0.02,0.936,0.369,0.233,-0.0,2.09,0.129,0.678,2.505,3.6,0,0.002
SHOP001938,0,25.0,284.0,0.226,1,120.0,0.375,0.08,0.025,0.963,0.261,0.241,0.071,-1.672,0.072,0.37,1.563,4.8,1,0.01
SHOP001939,0,3.0,170.0,0.366,1,116.0,0.347,0.076,0.015,0.955,0.077,0.152,0.027,1.6,0.094,0.182,2.184,2.8,0,0.031
SHOP001940,0,30.0,133.0,0.325,4,130.8,0.109,0.06,0.007,0.924,0.366,0.051,0.143,-0.935,0.116,0.474,2.504,0.8,0,0.028
SHOP001941,0,10.0,165.0,0.446,2,46.6,0.224,0.155,0.037,0.847,-0.235,0.214,0.064,-1.082,0.095,0.271,1.953,4.7,0,0.035
SHOP001942,0,25.0,45.0,0.366,1,14.0,0.417,0.056,0.01,0.903,-0.057,0.049,-0.015,1.761,0.105,0.233,2.466,6.9,1,0.024
SHOP001943,0,21.0,353.0,0.254,0,59.7,0.391,0.011,0.0,1.0,0.125,0.135,0.148,0.489,0.0,0.529,2.161,3.1,0,0.004
SHOP001944,0,16.0,1.0,0.33,1,101.7,0.273,0.082,0.018,0.876,0.009,0.107,-0.032,1.455,0.163,0.209,1.732,4.9,2,0.037
SHOP001945,0,22.0,204.0,0.262,0,143.7,0.348,0.067,0.028,0.926,0.12,0.061,0.077,0.29,0.129,0.437,1.89,4.3,0,0.0
SHOP001946,0,17.0,166.0,0.41,2,100.1,0.415,0.058,0.0,0.961,-0.129,0.097,0.181,0.566,0.124,0.394,2.338,4.4,0,0.048
SHOP001947,0,22.0,124.0,0.256,0,72.3,0.334,0.056,0.01,0.941,0.043,0.123,0.091,0.202,0.074,0.492,1.897,5.2,1,0.042
SHOP001948,0,24.0,143.0,0.417,2,103.0,0.27,0.043,0.025,0.974,0.03,0.146,0.124,-0.298,0.082,0.406,2.679,8.3,1,0.015
SHOP001949,0,26.0,59.0,0.733,0,49.5,0.207,0.063,0.047,0.854,-0.031,0.173,-0.081,-1.127,0.259,0.738,1.629,4.2,0,0.001
SHOP001950,1,20.0,210.0,0.542,1,82.1,0.374,0.109,0.028,0.947,0.038,0.121,0.386,-0.591,0.028,0.39,2.022,5.3,1,0.017
SHOP001951,1,23.0,128.0,0.476,1,92.5,0.241,0.066,0.02,0.871,-0.086,0.206,-0.175,1.65,0.23,0.469,2.636,5.3,1,0.037
SHOP001952,0,24.0,91.0,0.417,0,79.1,0.198,0.034,0.007,0.991,0.102,0.083,-0.023,1.071,0.101,0.429,2.313,6.2,0,0.019
SHOP001953,0,31.0,175.0,0.251,0,51.9,0.437,0.066,0.015,0.918,0.393,0.106,0.172,0.074,0.143,0.432,1.89,0.7,1,0.019
SHOP001954,0,20.0,53.0,0.349,1,37.0,0.289,0.054,0.022,0.913,-0.074,0.285,-0.077,-0.489,0.235,0.399,2.133,1.9,0,0.028
SHOP001955,0,22.0,182.0,0.394,1,40.0,0.375,0.106,0.003,0.895,0.09,0.217,0.151,-0.739,0.161,0.401,2.616,4.2,1,0.025
SHOP001956,0,14.0,123.0,0.276,2,128.3,0.134,0.072,0.026,0.792,0.048,0.118,-0.121,-1.627,0.18,0.74,1.725,3.0,2,0.048
SHOP001957,0,17.0,141.0,0.153,0,52.6,0.257,0.03,0.013,0.91,0.418,0.155,0.085,0.549,0.12,0.298,2.264,1.8,1,0.029
SHOP001958,0,17.0,218.0,0.441,0,96.7,0.325,0.08,0.006,0.881,-0.169,0.145,0.249,2.264,0.128,0.315,2.351,5.6,0,0.024
SHOP001959,0,1.0,81.0,0.216,2,75.3,0.492,0.067,0.025,0.894,0.116,0.079,0.04,1.374,0.184,0.552,2.575,2.6,0,0.028
SHOP001960,1,15.0,165.0,0.413,1,67.6,0.327,0.092,0.044,0.799,0.036,0.171,0.334,-0.228,0.078,0.168,2.82,7.4,1,0.045
SHOP001961,0,31.0,64.0,0.428,2,52.0,0.294,0.084,0.031,1.0,0.076,0.204,-0.014,1.732,0.191,0.369,1.828,4.8,0,0.017
SHOP001962,0,17.0,150.0,0.3,1,115.0,0.071,0.076,0.008,1.0,-0.091,0.136,-0.069,1.019,0.03,0.344,2.039,5.7,1,0.045
SHOP001963,0,22.0,147.0,0.45,2,71.8,0.187,0.056,0.025,0.789,0.16,0.31,0.051,-0.479,0.145,0.47,1.971,3.8,1,0.064
SHOP001964,0,22.0,94.0,0.088,0,34.4,0.352,0.041,0.058,1.0,0.292,0.04,0.049,1.239,0.113,0.499,2.031,3.3,0,0.028
SHOP001965,1,22.0,117.0,0.345,2,162.6,0.242,0.184,0.001,0.815,0.068,0.196,0.135,-0.056,0.163,0.415,1.957,7.3,1,0.038
SHOP001966,0,30.0,170.0,0.525,3,40.7,0.343,0.128,0.005,0.941,-0.09,0.205,0.175,-0.531,0.201,0.481,2.186,7.6,1,0.073
SHOP001967,1,14.0,249.0,0.253,2,118.5,0.255,0.096,0.014,0.889,0.035,0.087,0.069,-0.515,0.166,0.504,2.199,6.8,1,0.065
SHOP001968,0,12.0,173.0,0.566,0,51.5,0.227,0.036,0.015,0.951,0.005,0.239,0.058,0.422,0.033,0.487,1.98,3.1,0,0.025
SHOP001969,0,17.0,136.0,0.476,1,10.0,0.31,0.048,0.027,1.0,0.117,0.208,0.043,-0.601,0.198,0.569,1.625,3.7,2,0.016
SHOP001970,0,15.0,146.0,0.583,2,167.8,0.207,0.114,0.037,0.933,0.04,0.184,0.079,1.959,0.17,0.414,3.057,7.1,1,0.083
SHOP001971,0,28.0,467.0,0.344,1,40.0,0.432,0.081,0.022,0.863,0.036,0.141,0.01,-0.876,0.168,0.46,1.975,4.0,1,0.043
SHOP001972,0,22.0,235.0,0.452,2,82.7,0.418,0.058,0.047,0.91,-0.298,0.183,-0.023,0.324,0.245,0.567,1.222,9.4,0,0.062
SHOP001973,1,28.0,59.0,0.464,0,10.0,0.13,0.124,0.067,0.853,-0.164,0.351,0.088,1.291,0.249,0.633,1.489,5.5,1,0.073
SHOP001974,1,31.0,407.0,0.173,2,104.1,0.39,0.057,0.003,0.979,0.013,0.243,-0.079,-0.032,0.001,0.37,2.565,3.5,0,0.017
SHOP001975,0,8.0,92.0,0.341,1,28.7,0.301,0.068,0.028,0.839,-0.157,0.29,-0.196,-2.183,0.081,0.49,1.851,6.5,1,0.073
SHOP001976,0,12.0,120.0,0.512,0,101.6,0.307,0.063,0.03,0.959,-0.043,0.187,0.21,2.16,0.068,0.313,1.892,5.9,0,0.001
SHOP001977,0,19.0,19.0,0.594,2,22.2,0.382,0.124,0.0,0.86,0.231,0.284,-0.015,0.232,0.026,0.286,1.966,4.7,2,0.037
SHOP001978,0,23.0,73.0,0.425,1,83.6,0.21,0.085,0.038,1.0,-0.466,0.318,0.034,-0.155,0.206,0.349,2.183,7.8,0,0.069
SHOP001979,0,12.0,52.0,0.503,1,88.0,0.288,0.072,0.015,1.0,-0.359,0.367,-0.061,-0.575,0.157,0.191,1.283,5.8,1,0.055
SHOP001980,0,22.0,263.0,0.261,3,56.2,0.263,0.034,0.029,0.787,0.038,0.133,0.267,0.768,0.073,0.658,2.042,4.8,2,0.051
SHOP001981,0,3.0,189.0,0.279,1,10.0,0.259,0.067,0.019,0.974,0.099,0.166,0.065,1.394,0.099,0.287,2.338,1.5,1,0.023
SHOP001982,0,22.0,128.0,0.511,3,53.2,0.489,0.056,0.015,0.785,-0.006,0.33,0.057,-0.993,0.174,0.367,2.279,0.7,0,0.013
SHOP001983,0,24.0,144.0,0.397,2,58.9,0.273,0.086,0.031,0.912,0.056,0.141,0.082,-0.277,0.185,0.483,2.325,2.5,0,0.0
SHOP001984,0,24.0,255.0,0.318,1,95.8,0.331,0.099,0.012,0.898,0.319,0.222,0.129,1.709,0.141,0.306,2.27,4.8,1,0.038
SHOP001985,0,25.0,148.0,0.001,1,96.7,0.112,0.119,0.032,0.944,0.084,0.221,0.225,-1.12,0.142,0.251,2.36,6.5,1,0.042
SHOP001986,0,15.0,26.0,0.348,2,75.1,0.046,0.063,0.055,0.859,0.021,0.131,0.15,1.454,0.068,0.51,1.958,7.7,2,0.035
SHOP001987,0,13.0,262.0,0.312,1,35.9,0.374,0.078,0.02,0.862,0.046,0.153,-0.085,-0.73,0.054,0.584,2.778,5.3,0,0.016
SHOP001988,0,13.0,12.0,0.439,2,103.7,0.376,0.0,0.029,0.913,0.146,0.204,-0.025,2.108,0.199,0.365,2.413,4.2,0,0.062
SHOP001989,0,32.0,265.0,0.323,1,70.7,0.369,0.06,0.019,0.891,0.18,0.257,-0.122,-1.065,0.171,0.183,2.053,2.1,0,0.033
SHOP001990,0,20.0,178.0,0.523,2,60.3,0.327,0.074,0.041,0.886,0.122,0.253,-0.11,0.502,0.181,0.536,2.944,5.7,0,0.015
SHOP001991,0,26.0,217.0,0.541,3,98.3,0.299,0.069,0.02,0.827,-0.262,0.268,0.077,-0.303,0.16,0.458,1.981,6.7,1,0.036
SHOP001992,0,17.0,64.0,0.325,1,120.4,0.371,0.087,0.041,0.904,0.007,0.239,-0.019,-0.308,0.199,0.693,2.143,1.4,1,0.025
SHOP001993,1,27.0,64.0,0.304,3,166.9,0.262,0.141,0.03,0.812,0.055,0.255,-0.072,-2.214,0.177,0.443,1.517,5.5,1,0.048
SHOP001994,0,16.0,98.0,0.249,2,77.2,0.34,0.067,0.01,0.815,0.211,0.187,-0.118,0.736,0.197,0.466,1.807,5.3,1,0.048
SHOP001995,0,15.0,268.0,0.291,2,67.7,0.127,0.037,0.047,0.935,0.159,0.275,-0.167,-1.031,0.028,0.442,2.187,4.4,1,0.011
SHOP001996,0,24.0,177.0,0.239,1,69.9,0.342,0.127,0.035,0.821,0.04,0.124,0.119,0.176,0.138,0.733,1.518,7.7,2,0.044
SHOP001997,0,17.0,350.0,0.315,1,90.9,0.304,0.055,0.026,0.929,0.03,0.076,-0.017,0.153,0.2,0.484,2.405,3.9,0,0.023
SHOP001998,0,23.0,229.0,0.49,0,68.1,0.256,0.102,0.024,0.961,0.109,0.202,-0.029,0.503,0.097,0.384,1.629,2.1,2,0.028
SHOP001999,1,9.0,130.0,0.512,2,78.6,0.174,0.145,0.039,0.859,-0.362,0.447,-0.134,0.594,0.203,0.285,2.619,3.6,1,0.072
SHOP002000,0,10.0,88.0,0.468,0,74.6,0.176,0.068,0.024,0.943,0.067,0.115,0.055,0.906,0.105,0.246,2.282,5.6,1,0.032
SHOP002001,0,25.0,162.0,0.321,2,106.2,0.222,0.092,0.01,0.885,-0.039,0.354,-0.035,0.043,0.126,0.306,2.891,3.9,1,0.054
SHOP002002,0,20.0,92.0,0.315,0,93.8,0.195,0.065,0.038,0.851,-0.067,0.19,-0.113,-2.295,0.128,0.568,2.713,6.5,1,0.085
SHOP002003,1,19.0,149.0,0.453,1,124.3,0.461,0.0,0.046,0.929,0.166,0.251,0.0,-0.241,0.132,0.53,2.09,5.6,1,0.025
SHOP002004,0,31.0,177.0,0.394,1,110.0,0.338,0.019,0.028,0.933,0.282,0.167,0.109,0.398,0.099,0.329,2.539,1.3,0,0.012
SHOP002005,0,10.0,147.0,0.512,3,83.3,0.195,0.117,0.043,0.841,-0.107,0.089,0.15,0.738,0.121,0.673,1.688,5.1,1,0.037
SHOP002006,0,24.0,229.0,0.389,0,111.1,0.265,0.101,0.002,0.89,-0.151,0.211,-0.152,-1.696,0.21,0.465,2.55,3.8,3,0.002
SHOP002007,0,21.0,207.0,0.243,1,56.3,0.395,0.047,0.034,0.912,0.249,0.172,0.292,0.682,0.199,0.391,2.355,3.0,1,0.018
SHOP002008,0,18.0,23.0,0.416,0,148.0,0.228,0.104,0.059,0.902,0.034,0.241,-0.151,-0.492,0.213,0.274,1.925,3.3,0,0.033
SHOP002009,0,22.0,242.0,0.569,3,63.2,0.168,0.055,0.029,0.938,-0.139,0.366,0.15,0.917,0.155,0.602,2.032,4.9,1,0.024
SHOP002010,0,33.0,174.0,0.51,0,111.1,0.516,0.017,0.0,0.999,0.041,0.117,0.094,4.473,0.173,0.375,2.46,4.0,1,0.0
SHOP002011,1,28.0,367.0,0.214,2,92.2,0.135,0.119,0.058,0.817,-0.183,0.247,0.103,-0.398,0.099,0.451,2.005,3.5,0,0.079
SHOP002012,0,10.0,146.0,0.564,3,78.1,0.354,0.071,0.046,0.78,-0.421,0.114,-0.142,-1.321,0.045,0.359,1.747,10.2,1,0.032
SHOP002013,1,33.0,221.0,0.332,1,54.3,0.26,0.07,0.026,0.946,0.048,0.247,0.034,-0.261,0.184,0.519,2.622,6.2,0,0.011
SHOP002014,1,10.0,23.0,0.449,3,103.3,0.0,0.0,0.004,0.88,0.169,0.133,-0.263,0.351,0.189,0.722,2.815,5.5,2,0.051
SHOP002015,0,16.0,146.0,0.695,2,64.9,0.242,0.007,0.017,0.856,0.133,0.222,0.267,1.312,0.162,0.514,1.378,7.4,0,0.046
SHOP002016,0,8.0,123.0,0.567,2,86.5,0.467,0.019,0.043,0.933,-0.277,0.095,0.13,-0.771,0.163,0.436,1.484,2.1,1,0.015
SHOP002017,1,15.0,204.0,0.208,2,43.2,0.344,0.093,0.004,0.85,0.072,0.006,-0.005,-0.799,0.119,0.154,2.723,5.8,0,0.015
SHOP002018,0,18.0,20.0,0.503,0,92.1,0.208,0.07,0.059,0.891,0.056,0.262,0.013,0.234,0.135,0.405,0.907,3.1,0,0.017
SHOP002019,0,11.0,166.0,0.525,2,72.0,0.249,0.136,0.066,0.92,-0.156,0.262,0.029,-2.543,0.223,0.446,1.887,5.1,3,0.05
SHOP002020,0,11.0,41.0,0.216,2,90.6,0.286,0.017,0.002,0.87,0.341,0.192,0.03,1.008,0.1,0.394,2.323,5.5,2,0.039
SHOP002021,0,28.0,147.0,0.078,0,79.7,0.496,0.068,0.023,0.933,0.139,0.099,0.117,0.829,0.122,0.298,2.236,3.4,1,0.031
SHOP002022,0,22.0,69.0,0.423,2,77.0,0.427,0.097,0.026,0.869,0.153,0.271,0.081,1.498,0.249,0.656,2.29,5.3,1,0.045
SHOP002023,1,34.0,239.0,0.409,0,59.8,0.278,0.035,0.034,0.862,-0.011,0.248,-0.018,1.806,0.27,0.468,2.081,5.7,2,0.0
SHOP002024,0,26.0,205.0,0.445,0,86.8,0.446,0.054,0.008,0.973,0.096,0.09,0.025,0.937,0.167,0.623,2.516,3.7,1,0.013
SHOP002025,0,23.0,159.0,0.33,0,101.2,0.247,0.048,0.026,0.99,0.176,0.067,-0.058,0.631,0.112,0.22,2.512,1.6,1,0.05
SHOP002026,0,17.0,246.0,0.417,0,61.4,0.261,0.101,0.038,0.779,0.046,0.331,0.199,0.321,0.226,0.417,2.297,7.9,1,0.077
SHOP002027,0,12.0,84.0,0.337,0,143.9,0.349,0.059,0.003,0.912,0.163,0.177,0.125,1.631,0.001,0.446,3.653,3.9,0,0.015
SHOP002028,1,17.0,177.0,0.29,1,59.3,0.264,0.109,0.005,0.917,0.084,0.202,0.008,-0.915,0.198,0.636,2.531,3.4,1,0.036
SHOP002029,0,18.0,304.0,0.529,0,96.4,0.361,0.038,0.021,0.895,-0.042,0.173,0.109,0.728,0.15,0.422,1.855,4.8,0,0.017
SHOP002030,1,16.0,111.0,0.47,0,71.4,0.303,0.142,0.03,0.87,-0.317,0.193,-0.128,-0.02,0.201,0.643,1.892,5.4,0,0.082
SHOP002031,0,19.0,390.0,0.415,1,75.0,0.265,0.053,0.002,0.966,0.094,0.173,0.01,1.882,0.186,0.474,2.119,5.5,1,0.039
SHOP002032,0,3.0,61.0,0.669,1,127.6,0.537,0.149,0.041,0.806,0.134,0.124,0.089,-0.157,0.113,0.657,1.416,4.3,0,0.026
SHOP002033,0,14.0,236.0,0.418,2,67.6,0.322,0.063,0.035,0.809,0.17,0.21,0.046,-0.405,0.178,0.303,3.085,4.5,1,0.024
SHOP002034,0,30.0,221.0,0.55,0,70.5,0.108,0.052,0.028,1.0,0.17,0.16,-0.036,0.313,0.165,0.368,2.16,3.6,0,0.021
SHOP002035,0,25.0,25.0,0.55,0,87.7,0.216,0.057,0.02,0.808,0.074,0.253,-0.114,-1.361,0.183,0.579,0.883,4.2,0,0.029
SHOP002036,0,33.0,116.0,0.534,1,70.7,0.194,0.077,0.017,0.97,0.254,0.271,0.164,0.949,0.096,0.482,2.757,6.3,0,0.037
SHOP002037,0,18.0,191.0,0.482,2,111.6,0.349,0.044,0.041,0.915,0.108,0.29,0.14,-0.708,0.244,0.557,2.728,6.5,0,0.042
SHOP002038,0,15.0,190.0,0.174,0,56.0,0.297,0.066,0.011,0.979,0.171,0.321,0.1,0.262,0.031,0.583,2.209,4.2,0,0.023
SHOP002039,0,14.0,34.0,0.217,3,76.4,0.301,0.067,0.02,0.913,-0.095,0.343,-0.064,-1.048,0.161,0.337,2.41,6.7,0,0.042
SHOP002040,1,9.0,221.0,0.38,1,119.8,0.367,0.051,0.016,0.809,-0.374,0.217,0.209,0.197,0.124,0.76,1.02,4.2,0,0.046
SHOP002041,1,19.0,144.0,0.391,2,123.7,0.143,0.105,0.056,0.864,0.393,0.199,-0.012,0.706,0.123,0.491,1.946,2.8,2,0.023
SHOP002042,0,7.0,155.0,0.79,2,146.6,0.187,0.079,0.05,0.88,-0.072,0.397,-0.199,-0.649,0.185,0.659,2.662,3.4,2,0.005
SHOP002043,0,25.0,238.0,0.368,0,110.9,0.191,0.079,0.006,0.886,0.17,0.106,0.015,1.331,0.073,0.513,2.387,5.0,1,0.007
SHOP002044,0,23.0,370.0,0.291,0,118.4,0.493,0.025,0.021,0.896,0.374,0.168,0.086,0.85,0.048,0.357,2.367,3.7,1,0.033
SHOP002045,0,26.0,240.0,0.319,1,62.5,0.33,0.056,0.013,0.824,-0.079,0.177,0.183,1.685,0.143,0.557,2.282,5.7,0,0.009
SHOP002046,1,31.0,100.0,0.652,3,61.8,0.289,0.032,0.011,0.897,-0.021,0.246,0.048,1.004,0.112,0.566,2.263,5.8,0,0.066
SHOP002047,0,13.0,142.0,0.347,1,98.0,0.266,0.044,0.023,0.87,-0.065,0.231,-0.19,-1.389,0.194,0.503,2.45,6.5,1,0.069
SHOP002048,0,31.0,309.0,0.216,1,103.2,0.385,0.065,0.017,0.908,0.267,0.148,-0.135,-1.584,0.136,0.45,2.008,3.8,2,0.043
SHOP002049,0,24.0,109.0,0.318,1,129.3,0.175,0.052,0.013,0.866,-0.064,0.035,-0.026,3.509,0.13,0.336,2.01,3.8,1,0.02
SHOP002050,0,9.0,202.0,0.506,1,59.4,0.0,0.141,0.038,0.882,0.048,0.072,0.278,-0.457,0.172,0.465,1.783,7.5,1,0.057
SHOP002051,0,17.0,126.0,0.508,2,91.0,0.403,0.041,0.031,0.885,0.119,0.176,0.153,1.419,0.139,0.185,2.284,2.7,0,0.035
SHOP002052,0,16.0,425.0,0.503,3,75.8,0.323,0.033,0.054,0.963,-0.171,0.366,-0.046,-1.964,0.266,0.423,1.641,4.3,3,0.042
SHOP002053,1,20.0,49.0,0.629,2,18.7,0.214,0.075,0.078,0.858,-0.011,0.136,0.037,-1.54,0.255,0.9,0.881,4.5,1,0.025
SHOP002054,0,19.0,100.0,0.316,2,162.7,0.121,0.116,0.029,0.852,-0.013,0.171,-0.027,0.744,0.27,0.375,1.516,7.2,0,0.024
SHOP002055,0,4.0,210.0,0.4,0,47.1,0.282,0.155,0.037,0.837,-0.331,0.109,-0.115,0.808,0.326,0.361,2.071,3.8,0,0.037
SHOP002056,0,30.0,154.0,0.289,0,161.2,0.353,0.102,0.014,0.924,0.046,0.229,0.043,0.553,0.126,0.352,2.599,5.2,1,0.023
SHOP002057,0,20.0,179.0,0.324,0,107.3,0.3,0.055,0.019,0.955,0.161,0.12,0.065,0.961,0.165,0.372,2.6,5.9,1,0.019
SHOP002058,1,24.0,104.0,0.389,0,78.6,0.23,0.063,0.036,0.953,0.157,0.25,-0.11,-0.886,0.166,0.28,2.627,4.4,1,0.028
SHOP002059,0,16.0,302.0,0.354,2,71.5,0.416,0.001,0.024,0.879,0.185,0.201,0.308,-1.966,0.168,0.21,1.444,3.4,0,0.022
SHOP002060,0,17.0,195.0,0.253,0,88.2,0.291,0.042,0.02,0.859,0.343,0.332,0.095,0.878,0.094,0.381,2.452,6.4,0,0.032
SHOP002061,1,7.0,153.0,0.59,4,105.7,0.151,0.131,0.017,0.965,-0.111,0.206,0.126,0.083,0.178,0.531,1.34,5.0,0,0.062
SHOP002062,0,24.0,184.0,0.37,2,46.8,0.095,0.062,0.048,0.854,-0.069,0.181,0.171,-0.268,0.254,0.309,2.372,6.5,0,0.043
SHOP002063,1,29.0,157.0,0.489,1,97.2,0.292,0.089,0.054,0.856,-0.194,0.076,-0.087,1.277,0.184,0.47,1.967,4.2,0,0.0
SHOP002064,0,26.0,164.0,0.266,0,51.5,0.344,0.033,0.012,0.783,0.128,0.201,-0.04,0.162,0.099,0.574,2.301,8.0,2,0.071
SHOP002065,0,10.0,173.0,0.592,2,18.7,0.313,0.062,0.026,0.867,0.059,0.211,0.172,0.179,0.117,0.23,2.026,5.0,0,0.033
SHOP002066,0,20.0,108.0,0.353,2,51.0,0.341,0.034,0.017,0.951,0.03,0.26,-0.174,-1.028,0.096,0.535,1.084,4.5,1,0.072
SHOP002067,0,21.0,235.0,0.539,1,24.7,0.291,0.082,0.019,0.851,-0.039,0.221,0.008,-1.367,0.104,0.329,1.815,2.2,1,0.056
SHOP002068,1,32.0,44.0,0.342,2,186.0,0.078,0.11,0.033,0.934,-0.004,0.257,-0.129,0.156,0.127,0.275,2.027,5.7,1,0.034
SHOP002069,0,21.0,362.0,0.509,0,74.3,0.209,0.119,0.042,0.876,-0.018,0.203,-0.163,-0.267,0.118,0.251,2.248,7.0,0,0.025
SHOP002070,0,21.0,187.0,0.382,1,145.2,0.175,0.061,0.027,0.926,0.263,0.269,-0.011,-0.142,0.204,0.393,1.747,4.7,0,0.04
SHOP002071,0,25.0,127.0,0.325,1,121.7,0.53,0.044,0.025,0.924,-0.145,0.172,-0.125,2.297,0.106,0.423,2.637,5.9,0,0.035
SHOP002072,0,24.0,229.0,0.143,0,110.1,0.289,0.036,0.021,0.933,0.047,0.0,-0.032,1.164,0.119,0.513,2.584,4.3,0,0.006
SHOP002073,0,28.0,247.0,0.344,2,54.0,0.31,0.048,0.038,0.942,0.201,0.163,0.083,-0.902,0.125,0.362,2.164,5.8,0,0.041
SHOP002074,1,35.0,64.0,0.52,0,92.8,0.406,0.054,0.025,0.836,-0.003,0.211,0.293,0.656,0.044,0.437,2.695,1.9,0,0.026
SHOP002075,0,21.0,334.0,0.597,1,146.5,0.327,0.055,0.013,1.0,0.312,0.116,0.212,2.855,0.128,0.247,3.021,2.2,0,0.026
SHOP002076,0,21.0,143.0,0.175,1,157.7,0.227,0.081,0.0,0.84,0.101,0.289,0.055,-0.157,0.17,0.444,1.659,5.2,2,0.043
SHOP002077,1,10.0,135.0,0.184,1,86.4,0.37,0.098,0.0,0.878,0.032,0.119,0.06,-0.028,0.175,0.385,2.638,3.9,1,0.031
SHOP002078,0,20.0,152.0,0.284,0,193.0,0.473,0.063,0.003,0.951,0.504,0.087,0.113,1.215,0.109,0.345,2.261,3.4,0,0.008
SHOP002079,0,19.0,222.0,0.555,3,43.7,0.397,0.034,0.043,0.987,0.299,0.176,0.142,0.769,0.072,0.283,2.235,2.3,1,0.006
SHOP002080,0,16.0,198.0,0.538,2,62.1,0.225,0.061,0.041,0.857,0.156,0.256,-0.079,-1.689,0.177,0.366,2.291,2.6,1,0.037
SHOP002081,0,12.0,139.0,0.45,0,59.0,0.125,0.089,0.037,0.906,-0.364,0.301,0.249,0.046,0.17,0.408,2.894,5.1,0,0.03
SHOP002082,0,29.0,150.0,0.321,1,90.5,0.335,0.029,0.019,0.976,-0.04,0.087,-0.007,1.728,0.153,0.461,2.302,7.7,0,0.037
SHOP002083,0,16.0,77.0,0.483,0,61.5,0.082,0.038,0.029,0.922,0.277,0.244,0.148,-0.201,0.229,0.523,1.51,5.1,2,0.038
SHOP002084,0,8.0,162.0,0.33,2,111.7,0.293,0.085,0.024,0.873,-0.26,0.212,0.083,0.176,0.176,0.308,1.819,4.5,2,0.01
SHOP002085,0,13.0,353.0,0.461,1,70.2,0.257,0.067,0.035,0.891,-0.187,0.275,-0.064,-0.631,0.155,0.603,1.598,6.6,1,0.032
SHOP002086,0,22.0,186.0,0.727,0,129.9,0.271,0.117,0.006,0.924,-0.014,0.251,0.33,-1.063,0.061,0.55,1.959,4.3,1,0.06
SHOP002087,0,30.0,226.0,0.265,1,34.3,0.302,0.088,0.027,0.876,-0.082,0.137,-0.027,-0.712,0.135,0.508,2.503,4.8,1,0.023
SHOP002088,0,27.0,94.0,0.351,1,85.6,0.323,0.03,0.025,0.916,0.17,0.123,0.115,0.238,0.144,0.298,1.949,5.5,1,0.015
SHOP002089,1,20.0,204.0,0.271,1,51.1,0.147,0.118,0.012,0.848,-0.073,0.271,-0.122,-2.107,0.29,0.523,1.932,5.2,2,0.025
SHOP002090,1,26.0,316.0,0.364,3,129.9,0.099,0.091,0.04,0.958,0.329,0.236,-0.1,-1.157,0.204,0.525,1.741,4.8,0,0.017
SHOP002091,0,21.0,127.0,0.252,1,106.7,0.253,0.119,0.059,0.83,0.012,0.26,-0.056,-0.143,0.244,0.492,1.917,9.6,1,0.077
SHOP002092,0,30.0,214.0,0.347,1,96.5,0.26,0.079,0.008,0.986,-0.095,0.197,-0.233,-1.499,0.188,0.619,2.051,5.3,2,0.065
SHOP002093,1,16.0,172.0,0.486,0,60.6,0.182,0.079,0.067,0.79,-0.055,0.224,-0.16,-0.975,0.26,0.582,2.229,3.6,1,0.04
SHOP002094,0,20.0,512.0,0.303,1,96.8,0.34,0.102,0.026,0.793,-0.037,0.234,-0.186,-2.28,0.111,0.465,2.396,4.7,1,0.06
SHOP002095,0,25.0,27.0,0.537,3,54.3,0.283,0.0,0.05,0.788,0.064,0.158,-0.127,0.982,0.115,0.302,1.724,8.7,1,0.064
SHOP002096,1,24.0,148.0,0.508,0,40.6,0.375,0.078,0.032,0.824,-0.012,0.315,0.15,0.242,0.209,0.476,1.451,7.3,1,0.065
SHOP002097,0,20.0,35.0,0.331,0,43.4,0.344,0.055,0.033,0.898,0.144,0.122,0.094,0.437,0.06,0.281,3.098,3.4,1,0.029
SHOP002098,0,42.0,117.0,0.446,0,53.4,0.322,0.0,0.021,0.899,0.184,0.0,0.212,0.435,0.16,0.355,2.101,2.2,0,0.008
SHOP002099,0,17.0,134.0,0.579,0,107.1,0.15,0.032,0.034,0.779,-0.325,0.429,-0.131,-2.334,0.177,0.412,1.812,4.2,3,0.046
SHOP002100,0,20.0,172.0,0.297,0,87.2,0.294,0.102,0.016,0.777,-0.035,0.207,0.119,-0.164,0.142,0.164,2.603,4.7,1,0.015
SHOP002101,0,26.0,287.0,0.277,1,178.0,0.297,0.04,0.029,0.923,0.149,0.078,-0.105,1.639,0.158,0.561,2.781,4.1,1,0.013
SHOP002102,0,25.0,308.0,0.207,3,63.7,0.547,0.053,0.016,0.883,0.005,0.258,-0.02,0.573,0.072,0.547,1.817,3.6,0,0.049
SHOP002103,0,19.0,241.0,0.162,3,80.1,0.23,0.111,0.027,0.858,-0.124,0.302,0.103,0.203,0.217,0.61,1.28,4.4,1,0.061
SHOP002104,0,18.0,92.0,0.363,0,52.1,0.321,0.003,0.018,0.904,0.028,0.204,0.146,0.783,0.15,0.475,1.981,5.7,1,0.029
SHOP002105,0,23.0,53.0,0.66,2,54.7,0.224,0.068,0.024,0.905,-0.122,0.165,0.098,0.681,0.099,0.425,2.709,1.9,1,0.026
SHOP002106,1,16.0,288.0,0.623,0,55.4,0.313,0.084,0.015,0.808,-0.231,0.295,-0.063,0.244,0.33,0.595,1.87,9.7,1,0.018
SHOP002107,0,6.0,52.0,0.338,0,11.1,0.322,0.03,0.017,0.958,0.112,0.125,0.073,-0.86,0.142,0.27,2.444,4.7,2,0.036
SHOP002108,0,14.0,250.0,0.257,0,92.4,0.329,0.015,0.022,0.852,-0.093,0.158,0.184,0.758,0.185,0.335,2.729,6.4,0,0.014
SHOP002109,0,11.0,157.0,0.282,2,103.6,0.353,0.071,0.031,0.846,-0.157,0.174,0.155,0.398,0.185,0.77,2.152,6.1,0,0.026
SHOP002110,0,17.0,153.0,0.38,2,49.8,0.278,0.049,0.055,0.853,-0.18,0.169,-0.107,-0.138,0.127,0.684,2.002,4.5,1,0.057
SHOP002111,0,20.0,36.0,0.47,1,91.3,0.292,0.031,0.05,0.912,-0.039,0.056,-0.038,0.014,0.306,0.486,2.004,5.0,2,0.02
SHOP002112,1,8.0,132.0,0.594,1,37.5,0.314,0.083,0.029,0.948,0.023,0.118,0.314,-1.631,0.249,0.38,1.856,6.2,0,0.069
SHOP002113,0,13.0,158.0,0.45,3,81.3,0.323,0.132,0.024,0.916,0.202,0.106,-0.028,0.776,0.16,0.387,2.776,4.3,1,0.033
SHOP002114,1,26.0,194.0,0.369,0,156.6,0.029,0.083,0.014,0.913,-0.107,0.293,-0.035,-2.673,0.415,0.331,0.94,4.0,0,0.039
SHOP002115,0,7.0,179.0,0.303,0,130.8,0.332,0.046,0.027,0.879,0.22,0.187,0.116,1.549,0.08,0.299,1.607,6.2,1,0.015
SHOP002116,0,12.0,115.0,0.55,1,106.7,0.136,0.036,0.016,0.773,0.125,0.218,-0.12,0.607,0.253,0.637,1.971,7.7,1,0.025
SHOP002117,1,21.0,101.0,0.308,1,51.5,0.326,0.049,0.028,0.884,0.217,0.169,0.032,-1.275,0.111,0.559,2.14,6.6,1,0.071
SHOP002118,0,7.0,43.0,0.0,1,122.1,0.225,0.057,0.026,0.928,-0.091,0.18,0.042,-0.155,0.106,0.327,1.711,3.7,1,0.061
SHOP002119,0,13.0,284.0,0.621,3,114.2,0.246,0.102,0.018,1.0,-0.036,0.233,-0.064,1.472,0.204,0.239,2.462,12.0,1,0.057
SHOP002120,0,17.0,108.0,0.48,0,52.0,0.313,0.063,0.025,0.896,-0.256,0.279,0.1,-0.903,0.118,0.448,1.322,7.3,1,0.054
SHOP002121,0,25.0,257.0,0.184,1,62.7,0.396,0.065,0.028,0.885,-0.121,0.374,0.055,0.882,0.146,0.274,2.203,4.9,2,0.055
SHOP002122,0,20.0,166.0,0.096,1,10.0,0.274,0.064,0.023,0.908,0.305,0.085,0.084,1.268,0.109,0.395,2.416,4.8,0,0.023
SHOP002123,1,18.0,69.0,0.382,0,74.7,0.442,0.068,0.042,0.859,0.053,0.297,0.001,-0.445,0.219,0.554,1.639,4.4,1,0.042
SHOP002124,1,16.0,175.0,0.337,1,143.3,0.402,0.098,0.018,0.879,0.324,0.234,-0.158,-0.056,0.223,0.391,2.024,5.2,1,0.068
SHOP002125,0,25.0,447.0,0.298,2,103.2,0.451,0.026,0.051,0.772,-0.016,0.289,0.079,1.153,0.221,0.365,1.378,3.4,0,0.059
SHOP002126,1,25.0,30.0,0.785,2,74.5,0.131,0.079,0.025,0.749,-0.161,0.141,-0.131,-1.831,0.263,0.372,0.912,5.0,0,0.07
SHOP002127,0,26.0,106.0,0.365,0,58.0,0.217,0.078,0.011,0.927,0.238,0.178,-0.021,0.553,0.108,0.546,1.998,6.2,1,0.029
SHOP002128,0,24.0,144.0,0.604,3,82.5,0.253,0.052,0.005,0.813,-0.046,0.174,0.142,0.382,0.23,0.47,1.643,5.5,0,0.061
SHOP002129,0,26.0,102.0,0.491,2,58.1,0.385,0.104,0.03,0.893,-0.062,0.439,0.141,-1.858,0.222,0.503,2.305,0.0,2,0.005
SHOP002130,0,19.0,158.0,0.517,2,70.3,0.299,0.064,0.044,0.789,0.307,0.237,-0.09,0.278,0.083,0.4,2.234,7.5,2,0.039
SHOP002131,1,22.0,114.0,0.352,6,103.6,0.297,0.01,0.041,0.886,-0.006,0.364,-0.253,-2.724,0.152,0.538,1.883,3.3,1,0.038
SHOP002132,0,15.0,143.0,0.384,0,78.3,0.372,0.052,0.0,0.936,-0.023,0.386,-0.044,-1.309,0.137,0.297,1.783,4.1,1,0.043
SHOP002133,0,15.0,253.0,0.5,3,55.3,0.175,0.073,0.027,0.836,0.397,0.246,-0.031,-0.298,0.114,0.458,1.576,5.5,0,0.049
SHOP002134,0,40.0,47.0,0.377,0,177.3,0.207,0.032,0.039,0.899,0.154,0.134,-0.089,1.112,0.023,0.401,2.455,6.6,1,0.046
SHOP002135,0,19.0,85.0,0.312,2,61.7,0.31,0.028,0.026,0.823,-0.036,0.292,0.178,-1.005,0.149,0.194,2.136,5.6,1,0.011
SHOP002136,1,16.0,78.0,0.439,2,45.3,0.233,0.041,0.023,0.851,0.092,0.176,0.076,-1.756,0.116,0.46,2.185,5.7,1,0.048
SHOP002137,0,23.0,327.0,0.46,1,113.5,0.208,0.074,0.046,0.83,0.029,0.191,-0.009,-1.573,0.212,0.667,1.861,6.8,3,0.06
SHOP002138,0,19.0,220.0,0.445,1,79.9,0.333,0.064,0.039,0.852,-0.226,0.311,-0.142,-1.984,0.276,0.519,1.308,3.5,0,0.017
SHOP002139,1,7.0,116.0,0.528,1,35.0,0.44,0.123,0.027,0.911,-0.242,0.198,-0.012,-0.98,0.174,0.429,1.818,3.3,0,0.036
SHOP002140,0,21.0,98.0,0.403,1,42.3,0.215,0.033,0.024,0.822,0.135,0.145,-0.006,0.727,0.127,0.383,1.937,2.0,1,0.031
SHOP002141,1,19.0,153.0,0.649,3,116.0,0.17,0.058,0.021,0.861,0.242,0.271,-0.064,0.292,0.196,0.527,2.489,4.4,0,0.019
SHOP002142,0,27.0,94.0,0.496,2,58.8,0.097,0.118,0.041,0.697,-0.088,0.378,0.04,0.299,0.254,0.562,1.452,8.6,1,0.074
SHOP002143,0,20.0,265.0,0.463,4,159.6,0.429,0.059,0.023,0.899,-0.036,0.119,0.042,0.724,0.144,0.353,2.572,7.5,0,0.05
SHOP002144,0,10.0,132.0,0.351,0,22.2,0.219,0.029,0.031,0.884,0.222,0.209,0.006,1.072,0.102,0.4,1.597,4.8,0,0.019
SHOP002145,0,27.0,140.0,0.363,1,97.4,0.387,0.036,0.004,0.904,0.072,0.136,-0.142,1.85,0.172,0.418,2.098,6.1,0,0.0
SHOP002146,0,30.0,145.0,0.224,2,117.8,0.334,0.036,0.007,0.991,-0.309,0.205,-0.013,-0.484,0.02,0.345,1.747,4.6,1,0.016
SHOP002147,0,1.0,158.0,0.403,1,98.3,0.143,0.139,0.025,0.85,-0.209,0.372,-0.147,-0.428,0.128,0.544,2.174,3.8,1,0.02
SHOP002148,0,22.0,326.0,0.249,0,85.9,0.246,0.099,0.025,0.928,-0.153,0.23,0.038,-0.249,0.228,0.551,2.178,8.9,1,0.052
SHOP002149,0,18.0,186.0,0.44,0,96.3,0.247,0.0,0.046,0.915,-0.083,0.097,0.246,0.377,0.109,0.329,3.369,3.2,1,0.015
SHOP002150,0,13.0,116.0,0.488,1,82.2,0.328,0.011,0.023,0.862,0.065,0.234,0.109,0.968,0.215,0.598,2.971,9.0,1,0.051
SHOP002151,0,22.0,147.0,0.084,1,85.0,0.178,0.119,0.038,0.812,-0.307,0.164,-0.01,-0.266,0.236,0.64,2.156,2.9,1,0.047
SHOP002152,0,23.0,96.0,0.355,0,92.9,0.321,0.058,0.021,0.966,0.131,0.184,0.093,-0.302,0.147,0.226,3.101,4.8,0,0.045
SHOP002153,0,12.0,269.0,0.231,1,116.2,0.507,0.025,0.017,0.952,-0.044,0.133,-0.04,-0.382,0.13,0.166,2.097,5.6,0,0.046
SHOP002154,0,24.0,196.0,0.454,0,129.9,0.326,0.022,0.012,0.796,0.261,0.286,-0.073,-0.659,0.137,0.473,1.835,5.5,0,0.069
SHOP002155,0,13.0,163.0,0.382,4,69.4,0.304,0.039,0.058,0.836,-0.008,0.16,0.044,0.494,0.25,0.483,1.592,7.9,2,0.042
SHOP002156,0,19.0,131.0,0.257,4,74.2,0.278,0.042,0.047,0.825,0.141,0.283,0.082,-1.352,0.213,0.658,2.026,5.1,2,0.044
SHOP002157,0,22.0,153.0,0.479,3,60.0,0.234,0.046,0.024,0.835,0.161,0.226,-0.021,-1.778,0.109,0.289,1.86,2.7,2,0.04
SHOP002158,0,18.0,261.0,0.228,1,41.2,0.318,0.056,0.039,0.865,-0.056,0.244,-0.125,0.585,0.322,0.279,1.496,8.1,0,0.037
SHOP002159,0,21.0,261.0,0.416,1,30.9,0.196,0.056,0.018,0.877,0.128,0.178,-0.043,0.961,0.091,0.214,2.021,6.5,0,0.028
SHOP002160,1,31.0,200.0,0.369,2,93.2,0.065,0.079,0.022,0.853,0.015,0.201,0.066,0.372,0.158,0.468,1.435,5.4,1,0.005
SHOP002161,0,27.0,160.0,0.609,0,88.1,0.403,0.073,0.033,0.904,-0.093,0.308,-0.041,2.232,0.105,0.257,2.203,5.3,1,0.042
SHOP002162,1,23.0,141.0,0.324,2,98.4,0.134,0.111,0.038,0.898,0.308,0.159,-0.066,-1.312,0.291,0.417,1.149,4.0,2,0.016
SHOP002163,1,17.0,99.0,0.332,3,32.0,0.323,0.089,0.014,0.945,0.057,0.12,-0.138,0.229,0.072,0.239,1.76,3.3,0,0.04
SHOP002164,0,17.0,265.0,0.383,2,120.7,0.367,0.031,0.07,0.886,-0.198,0.319,0.057,2.041,0.143,0.207,1.023,1.4,1,0.044
SHOP002165,1,8.0,174.0,0.589,1,69.6,0.238,0.091,0.017,0.738,-0.191,0.136,0.076,-1.406,0.387,0.264,1.506,9.3,0,0.032
SHOP002166,1,13.0,74.0,0.502,1,10.0,0.18,0.129,0.064,0.877,0.252,0.483,-0.075,-1.625,0.059,0.552,2.532,7.0,0,0.058
SHOP002167,0,11.0,168.0,0.558,2,134.9,0.127,0.045,0.016,0.958,0.132,0.142,0.159,-0.576,0.024,0.483,2.249,4.6,1,0.037
SHOP002168,0,12.0,151.0,0.194,0,185.7,0.334,0.067,0.016,0.963,-0.297,0.139,0.265,-0.609,0.107,0.309,1.836,3.5,0,0.024
SHOP002169,0,26.0,273.0,0.398,1,83.2,0.337,0.06,0.027,0.834,0.075,0.233,-0.123,0.674,0.155,0.535,2.575,5.6,0,0.027
SHOP002170,0,22.0,214.0,0.386,0,68.8,0.325,0.043,0.027,0.873,-0.157,0.138,-0.019,1.823,0.149,0.279,2.891,4.4,0,0.035
SHOP002171,0,28.0,311.0,0.285,0,72.9,0.446,0.07,0.012,0.868,0.265,0.137,-0.106,-0.187,0.119,0.386,1.522,4.0,1,0.03
SHOP002172,0,23.0,169.0,0.428,0,39.8,0.25,0.042,0.026,0.834,-0.088,0.33,0.163,-1.828,0.071,0.485,1.488,8.2,0,0.056
SHOP002173,0,22.0,180.0,0.2,0,66.5,0.217,0.052,0.017,0.93,0.082,0.136,-0.188,1.172,0.056,0.289,2.734,6.5,0,0.011
SHOP002174,0,8.0,43.0,0.369,0,59.8,0.237,0.079,0.05,0.909,0.09,0.23,-0.031,0.415,0.059,0.43,1.941,4.6,1,0.015
SHOP002175,0,25.0,194.0,0.371,0,77.5,0.275,0.095,0.017,0.888,-0.083,0.257,-0.097,2.633,0.161,0.214,2.901,4.5,0,0.031
SHOP002176,0,16.0,224.0,0.677,0,94.6,0.194,0.058,0.048,0.916,0.275,0.229,-0.112,-1.925,0.204,0.532,2.129,3.2,0,0.052
SHOP002177,0,8.0,421.0,0.53,2,148.6,0.214,0.112,0.033,0.876,0.039,0.237,0.056,1.818,0.187,0.452,1.91,7.6,1,0.004
SHOP002178,1,29.0,178.0,0.376,1,121.3,0.246,0.097,0.031,0.705,0.106,0.199,0.149,-0.692,0.188,0.239,1.408,8.1,0,0.063
SHOP002179,0,26.0,127.0,0.496,0,52.5,0.39,0.1,0.019,0.803,0.206,0.111,0.114,0.778,0.059,0.451,2.58,7.3,0,0.043
SHOP002180,1,16.0,126.0,0.619,4,42.4,0.178,0.118,0.037,0.843,-0.164,0.224,-0.285,-1.353,0.145,0.685,1.704,4.3,1,0.036
SHOP002181,0,18.0,135.0,0.214,0,40.6,0.271,0.052,0.047,0.981,0.123,0.07,0.092,-0.693,0.27,0.517,1.595,5.0,0,0.0
SHOP002182,0,29.0,185.0,0.173,1,139.7,0.327,0.0,0.01,0.907,0.516,0.23,0.089,1.631,0.099,0.262,2.471,3.2,1,0.0
SHOP002183,0,28.0,286.0,0.505,1,89.3,0.344,0.036,0.005,0.999,0.249,0.107,0.069,-0.27,0.022,0.574,2.216,5.7,0,0.038
SHOP002184,0,23.0,99.0,0.422,0,74.1,0.467,0.069,0.016,0.9,-0.126,0.213,0.144,1.565,0.156,0.412,1.811,5.3,1,0.031
SHOP002185,0,10.0,80.0,0.375,2,46.5,0.249,0.046,0.016,0.844,0.101,0.216,0.114,-0.939,0.104,0.47,2.051,7.8,2,0.083
SHOP002186,0,20.0,209.0,0.436,0,95.0,0.226,0.071,0.021,0.901,0.239,0.053,0.155,-1.458,0.129,0.203,2.177,5.2,0,0.067
SHOP002187,0,20.0,23.0,0.606,0,76.2,0.133,0.082,0.036,0.815,0.062,0.269,-0.044,0.335,0.169,0.483,2.076,7.5,2,0.02
SHOP002188,1,16.0,15.0,0.789,2,12.8,0.339,0.028,0.054,0.885,-0.226,0.146,-0.16,-0.488,0.059,0.555,1.332,8.6,0,0.035
SHOP002189,0,8.0,174.0,0.622,1,74.9,0.234,0.077,0.019,0.863,-0.047,0.426,-0.03,0.288,0.143,0.361,1.702,6.1,0,0.049
SHOP002190,0,9.0,46.0,0.427,3,94.1,0.356,0.141,0.035,0.9,0.202,0.296,-0.232,0.969,0.13,0.119,1.642,5.9,1,0.041
SHOP002191,0,28.0,122.0,0.228,1,53.3,0.317,0.007,0.022,0.885,0.284,0.057,0.059,-0.226,0.126,0.617,2.104,5.5,0,0.019
SHOP002192,0,15.0,175.0,0.482,0,110.1,0.346,0.065,0.024,0.981,0.233,0.159,-0.062,1.804,0.161,0.408,2.024,2.4,0,0.009
SHOP002193,0,27.0,121.0,0.472,1,88.3,0.372,0.112,0.03,0.857,0.253,0.114,-0.022,-0.237,0.182,0.367,3.08,3.7,1,0.016
SHOP002194,0,17.0,80.0,0.326,1,66.0,0.223,0.066,0.05,0.906,-0.116,0.207,0.075,1.816,0.15,0.438,2.1,6.8,0,0.033
SHOP002195,0,16.0,216.0,0.355,1,43.7,0.397,0.064,0.007,0.923,0.505,0.186,0.129,-1.169,0.146,0.281,2.697,5.5,0,0.023
SHOP002196,1,28.0,258.0,0.542,0,112.8,0.258,0.137,0.015,0.979,0.151,0.11,0.242,0.144,0.204,0.512,2.576,3.8,1,0.04
SHOP002197,1,13.0,348.0,0.328,1,86.7,0.297,0.078,0.03,0.869,0.319,0.078,-0.291,-0.89,0.216,0.372,2.932,8.1,0,0.047
SHOP002198,0,19.0,129.0,0.352,1,80.3,0.148,0.101,0.029,0.997,0.021,0.191,0.097,0.037,0.165,0.513,2.513,7.5,1,0.038
SHOP002199,1,30.0,283.0,0.258,0,156.4,0.19,0.062,0.016,0.883,0.002,0.082,-0.143,0.588,0.147,0.456,2.794,4.4,0,0.047
SHOP002200,0,29.0,203.0,0.166,2,101.3,0.322,0.054,0.02,0.83,-0.179,0.162,0.068,-1.245,0.189,0.393,2.817,2.8,1,0.057
SHOP002201,0,12.0,118.0,0.222,1,81.5,0.368,0.031,0.013,0.904,0.241,0.186,0.12,1.673,0.184,0.781,2.427,4.6,1,0.033
SHOP002202,1,7.0,159.0,0.281,2,37.5,0.462,0.09,0.016,0.759,-0.145,0.073,0.07,0.144,0.173,0.367,2.285,4.3,1,0.042
SHOP002203,0,9.0,126.0,0.591,2,45.8,0.312,0.066,0.026,0.873,0.188,0.296,0.015,-1.063,0.188,0.46,2.494,5.9,1,0.015
SHOP002204,1,9.0,19.0,0.442,1,64.1,0.264,0.106,0.048,0.869,-0.14,0.423,0.25,-0.132,0.195,0.571,2.447,7.6,1,0.092
SHOP002205,0,18.0,149.0,0.504,1,71.4,0.148,0.051,0.039,0.861,0.032,0.196,-0.09,0.656,0.163,0.602,2.286,2.9,0,0.006
SHOP002206,0,24.0,245.0,0.283,1,137.9,0.236,0.059,0.014,0.916,-0.231,0.139,0.154,2.019,0.136,0.316,2.082,4.1,2,0.025
SHOP002207,0,27.0,32.0,0.383,2,107.8,0.27,0.082,0.02,0.899,0.327,0.207,0.105,0.271,0.143,0.328,2.412,5.0,1,0.08
SHOP002208,1,4.0,100.0,0.585,1,96.9,0.238,0.084,0.033,0.866,-0.297,0.262,0.174,-2.445,0.244,0.74,1.75,8.5,1,0.047
SHOP002209,1,26.0,281.0,0.528,2,132.5,0.302,0.033,0.0,0.894,0.119,0.232,-0.15,-0.322,0.18,0.343,2.688,5.5,0,0.049
SHOP002210,0,26.0,351.0,0.602,3,99.7,0.209,0.128,0.05,0.879,0.162,0.365,-0.104,-0.546,0.207,0.497,2.173,6.3,1,0.038
SHOP002211,1,19.0,159.0,0.442,0,67.1,0.072,0.127,0.025,0.858,-0.355,0.101,0.095,-0.001,0.061,0.343,1.639,4.7,1,0.072
SHOP002212,1,19.0,96.0,0.59,3,88.3,0.302,0.057,0.051,0.775,-0.214,0.358,-0.019,0.98,0.316,0.65,2.084,5.1,0,0.041
SHOP002213,1,17.0,107.0,0.132,0,45.3,0.232,0.081,0.047,0.853,-0.144,0.05,-0.316,1.152,0.181,0.384,2.062,4.6,0,0.022
SHOP002214,0,13.0,206.0,0.624,0,79.8,0.517,0.064,0.024,0.952,0.336,0.161,-0.024,-0.494,0.109,0.184,1.905,4.6,0,0.043
SHOP002215,0,28.0,133.0,0.201,0,189.2,0.336,0.107,0.029,0.98,0.37,0.176,0.163,0.86,0.157,0.384,1.433,4.4,1,0.008
SHOP002216,0,13.0,98.0,0.42,1,88.3,0.34,0.065,0.028,0.97,-0.18,0.145,0.008,-0.537,0.178,0.635,2.122,4.3,0,0.06
SHOP002217,0,15.0,359.0,0.324,2,95.5,0.24,0.054,0.03,0.87,0.215,0.14,0.062,0.456,0.136,0.607,2.498,7.7,0,0.021
SHOP002218,0,18.0,97.0,0.596,1,68.1,0.267,0.072,0.017,0.869,0.401,0.274,0.207,2.516,0.089,0.298,2.337,4.9,0,0.035
SHOP002219,0,12.0,334.0,0.185,1,141.5,0.476,0.036,0.029,0.864,0.143,0.166,0.053,-0.717,0.063,0.534,2.344,7.6,0,0.02
SHOP002220,0,2.0,74.0,0.457,2,20.2,0.245,0.076,0.034,0.824,0.003,0.222,-0.077,0.277,0.155,0.582,2.499,3.0,1,0.009
SHOP002221,0,19.0,383.0,0.49,1,143.1,0.276,0.027,0.026,1.0,0.151,0.035,0.364,2.473,0.016,0.444,2.241,8.2,2,0.048
SHOP002222,0,18.0,71.0,0.516,0,55.5,0.153,0.051,0.025,0.945,0.043,0.153,-0.066,1.998,0.257,0.416,2.737,4.6,2,0.019
SHOP002223,0,8.0,288.0,0.398,1,101.9,0.448,0.096,0.027,0.992,0.277,0.16,0.242,1.925,0.118,0.573,2.99,4.9,2,0.0
SHOP002224,0,12.0,152.0,0.228,0,68.2,0.186,0.054,0.024,0.959,0.393,0.183,0.006,2.375,0.134,0.214,1.891,1.5,0,0.037
SHOP002225,1,15.0,216.0,0.501,1,115.4,0.203,0.107,0.027,0.894,0.202,0.215,0.006,0.926,0.182,0.492,2.853,3.9,1,0.012
SHOP002226,0,13.0,172.0,0.588,1,107.9,0.273,0.136,0.028,0.901,0.008,0.194,-0.037,0.056,0.182,0.247,1.76,4.1,1,0.005
SHOP002227,0,24.0,24.0,0.451,2,95.3,0.185,0.087,0.017,0.871,-0.185,0.215,0.081,-1.327,0.209,0.346,1.364,4.0,1,0.006
SHOP002228,1,6.0,32.0,0.643,1,144.9,0.241,0.107,0.046,0.799,-0.08,0.276,-0.081,0.62,0.163,0.739,2.276,7.0,0,0.118
SHOP002229,0,10.0,230.0,0.402,2,132.0,0.364,0.085,0.018,0.864,0.025,0.195,0.033,-0.318,0.148,0.342,2.472,3.3,1,0.025
SHOP002230,0,31.0,99.0,0.696,2,97.1,0.492,0.085,0.005,0.928,0.05,0.165,-0.02,-0.915,0.102,0.424,2.291,5.0,1,0.059
SHOP002231,0,22.0,227.0,0.345,2,36.3,0.221,0.014,0.025,1.0,0.22,0.105,-0.146,1.736,0.112,0.389,2.61,4.8,0,0.023
SHOP002232,0,17.0,194.0,0.273,0,96.1,0.354,0.0,0.022,0.901,0.272,0.253,0.078,0.196,0.094,0.516,1.631,5.8,1,0.017
SHOP002233,1,41.0,104.0,0.578,1,111.8,0.189,0.106,0.035,0.847,-0.328,0.157,0.04,0.527,0.18,0.841,1.893,7.9,2,0.091
SHOP002234,0,15.0,336.0,0.41,0,123.8,0.0,0.054,0.029,1.0,0.114,0.129,0.077,1.227,0.129,0.383,1.763,4.5,1,0.039
SHOP002235,1,29.0,83.0,0.228,0,138.9,0.292,0.053,0.018,0.961,0.224,0.076,-0.1,2.659,0.126,0.409,2.434,6.7,0,0.005
SHOP002236,0,22.0,179.0,0.252,1,112.0,0.379,0.075,0.04,0.983,-0.028,0.107,-0.046,0.056,0.155,0.577,3.005,5.3,1,0.017
SHOP002237,0,21.0,220.0,0.297,0,50.9,0.264,0.071,0.038,1.0,-0.089,0.187,0.014,2.102,0.159,0.388,1.84,7.1,0,0.029
SHOP002238,0,22.0,245.0,0.332,2,147.3,0.296,0.092,0.0,0.884,0.433,0.242,0.086,0.399,0.054,0.185,2.057,5.8,1,0.0
SHOP002239,0,14.0,187.0,0.328,0,74.1,0.376,0.079,0.047,0.9,0.092,0.08,-0.12,-0.205,0.135,0.613,1.631,6.0,1,0.0
SHOP002240,1,20.0,109.0,0.641,1,42.7,0.31,0.104,0.023,0.774,-0.108,0.4,0.211,-0.597,0.152,0.314,1.721,5.0,2,0.064
SHOP002241,0,13.0,272.0,0.296,1,52.6,0.567,0.102,0.01,0.907,-0.142,0.162,-0.085,0.933,0.076,0.353,2.633,4.4,0,0.012
SHOP002242,0,26.0,118.0,0.275,0,175.6,0.263,0.091,0.0,0.913,-0.134,0.076,0.162,0.212,0.077,0.299,2.159,3.5,1,0.024
SHOP002243,0,14.0,115.0,0.655,2,73.2,0.258,0.092,0.021,0.848,-0.35,0.24,-0.069,0.278,0.062,0.548,2.068,4.7,1,0.04
SHOP002244,0,14.0,100.0,0.716,2,120.0,0.311,0.08,0.018,0.844,-0.012,0.094,-0.076,-2.17,0.269,0.199,1.773,7.9,1,0.038
SHOP002245,0,24.0,169.0,0.328,0,41.2,0.302,0.0,0.017,0.916,0.11,0.188,0.103,-0.279,0.11,0.183,2.165,2.9,0,0.018
SHOP002246,0,21.0,71.0,0.406,1,94.3,0.295,0.038,0.002,0.94,-0.108,0.137,0.011,1.014,0.05,0.404,2.911,1.5,0,0.022
SHOP002247,0,13.0,108.0,0.43,2,32.5,0.38,0.045,0.017,0.919,-0.031,0.241,0.02,0.138,0.146,0.421,2.385,6.9,1,0.018
SHOP002248,0,14.0,178.0,0.219,1,103.1,0.239,0.046,0.036,0.824,0.004,0.271,0.197,-2.064,0.067,0.576,2.648,4.1,2,0.041
SHOP002249,1,19.0,213.0,0.295,0,95.5,0.272,0.086,0.047,0.898,-0.233,0.222,-0.079,-0.171,0.19,0.372,2.292,8.0,0,0.046
SHOP002250,0,27.0,135.0,0.03,0,93.9,0.453,0.059,0.01,0.973,0.256,0.117,-0.05,0.319,0.192,0.389,2.043,5.1,0,0.036
SHOP002251,1,28.0,144.0,0.481,2,116.0,0.191,0.079,0.042,0.947,0.154,0.186,0.078,-1.796,0.085,0.396,1.265,5.2,0,0.029
SHOP002252,0,11.0,42.0,0.415,1,55.9,0.257,0.105,0.051,0.748,0.109,0.157,-0.201,-0.624,0.171,0.561,2.63,7.4,1,0.058
SHOP002253,0,6.0,121.0,0.252,1,151.4,0.308,0.017,0.002,0.934,-0.042,0.167,0.218,1.218,0.023,0.231,2.568,2.9,1,0.036
SHOP002254,0,20.0,13.0,0.702,0,62.5,0.231,0.08,0.006,0.883,0.179,0.13,0.179,-1.005,0.232,0.374,1.87,6.5,0,0.084
SHOP002255,0,26.0,226.0,0.482,1,43.9,0.47,0.039,0.024,0.843,0.109,0.1,0.121,-0.73,0.101,0.334,2.441,1.9,1,0.006
SHOP002256,1,14.0,185.0,0.329,1,108.7,0.124,0.087,0.054,0.876,-0.124,0.278,-0.249,0.771,0.138,0.516,2.053,4.9,0,0.044
SHOP002257,0,21.0,29.0,0.338,1,81.1,0.165,0.068,0.016,0.91,-0.021,0.063,0.012,0.096,0.212,0.691,2.185,2.2,0,0.034
SHOP002258,0,27.0,96.0,0.591,2,23.2,0.36,0.072,0.013,0.817,-0.515,0.433,-0.075,-0.76,0.097,0.383,1.444,9.9,3,0.043
SHOP002259,1,9.0,119.0,0.223,0,139.7,0.238,0.073,0.013,0.917,-0.067,0.241,-0.024,0.499,0.206,0.547,1.732,6.4,1,0.034
SHOP002260,0,24.0,275.0,0.274,0,39.9,0.446,0.052,0.009,0.956,0.215,0.11,-0.12,0.577,0.168,0.356,2.038,3.2,0,0.009
SHOP002261,0,22.0,132.0,0.54,1,76.8,0.291,0.078,0.015,0.963,0.345,0.038,-0.007,0.915,0.179,0.324,2.609,3.7,1,0.042
SHOP002262,0,8.0,259.0,0.584,2,123.2,0.314,0.052,0.018,0.884,-0.19,0.18,0.002,-0.185,0.173,0.441,2.016,3.8,1,0.009
SHOP002263,0,31.0,125.0,0.557,2,110.9,0.43,0.009,0.036,0.903,0.018,0.235,-0.093,-0.208,0.052,0.483,2.675,6.0,1,0.042
SHOP002264,1,19.0,179.0,0.715,2,38.9,0.202,0.103,0.031,0.779,-0.532,0.371,-0.099,0.98,0.143,0.675,2.82,4.5,1,0.059
SHOP002265,1,22.0,86.0,0.407,2,91.1,0.111,0.05,0.018,0.854,-0.106,0.287,0.089,-1.574,0.208,0.456,2.179,6.8,1,0.025
SHOP002266,0,22.0,60.0,0.449,3,92.5,0.168,0.136,0.018,0.843,-0.042,0.362,-0.207,0.739,0.036,0.586,1.27,7.0,2,0.045
SHOP002267,0,19.0,292.0,0.296,1,10.0,0.16,0.066,0.023,0.902,0.256,0.183,0.167,2.122,0.074,0.425,2.499,5.6,1,0.032
SHOP002268,0,24.0,327.0,0.326,0,100.0,0.428,0.058,0.01,0.972,0.357,0.127,0.038,0.255,0.181,0.381,2.18,1.6,1,0.009
SHOP002269,0,14.0,230.0,0.199,0,85.7,0.204,0.078,0.023,0.84,0.257,0.311,-0.066,0.349,0.123,0.234,2.196,7.3,2,0.036
SHOP002270,0,16.0,42.0,0.232,2,89.6,0.217,0.049,0.025,0.864,0.151,0.293,-0.05,-2.259,0.14,0.463,2.97,9.6,2,0.073
SHOP002271,0,24.0,87.0,0.347,0,53.8,0.263,0.044,0.021,0.934,0.228,0.229,0.036,0.525,0.122,0.367,2.272,2.7,0,0.035
SHOP002272,0,13.0,131.0,0.525,2,77.0,0.374,0.074,0.025,0.901,0.012,0.284,0.19,-1.06,0.129,0.369,2.041,6.7,1,0.036
SHOP002273,0,8.0,93.0,0.57,2,106.8,0.164,0.052,0.062,0.955,-0.025,0.237,-0.214,-0.762,0.192,0.397,1.356,5.2,1,0.052
SHOP002274,0,15.0,114.0,0.312,0,77.1,0.267,0.038,0.006,0.9,0.052,0.212,0.147,-0.546,0.217,0.374,2.035,6.7,1,0.04
SHOP002275,0,14.0,136.0,0.055,1,154.9,0.303,0.021,0.003,0.972,0.017,0.152,0.307,0.878,0.118,0.446,2.203,2.6,0,0.0
SHOP002276,0,23.0,237.0,0.43,0,129.8,0.371,0.064,0.012,0.917,0.097,0.216,0.034,0.967,0.156,0.434,2.783,4.5,1,0.024
SHOP002277,1,20.0,147.0,0.454,0,42.9,0.225,0.088,0.015,0.824,0.121,0.209,-0.077,-2.05,0.278,0.527,1.162,8.1,4,0.06
SHOP002278,0,13.0,212.0,0.204,1,45.3,0.429,0.032,0.03,0.881,0.046,0.174,-0.094,0.115,0.141,0.351,1.869,4.3,1,0.017
SHOP002279,0,18.0,254.0,0.107,1,72.9,0.324,0.055,0.001,0.979,-0.086,0.16,-0.068,1.169,0.123,0.375,1.918,4.3,0,0.006
SHOP002280,0,18.0,159.0,0.388,2,109.6,0.179,0.077,0.047,0.756,-0.226,0.274,0.132,0.395,0.255,0.443,2.111,7.5,1,0.041
SHOP002281,0,27.0,144.0,0.353,2,129.6,0.33,0.067,0.038,0.827,0.1,0.298,-0.003,1.944,0.159,0.305,2.093,3.7,1,0.0
SHOP002282,1,19.0,65.0,0.189,1,115.4,0.185,0.048,0.038,0.945,0.201,0.28,0.086,-1.673,0.106,0.606,1.116,3.5,0,0.065
SHOP002283,1,15.0,113.0,0.59,3,87.9,0.364,0.115,0.061,0.828,-0.016,0.344,-0.04,0.61,0.138,0.663,2.015,3.7,0,0.063
SHOP002284,1,23.0,102.0,0.33,3,115.5,0.391,0.078,0.058,0.862,-0.217,0.136,0.111,1.0,0.175,0.404,1.613,6.2,1,0.039
SHOP002285,0,16.0,83.0,0.596,2,117.9,0.259,0.037,0.014,0.875,0.012,0.158,0.144,-0.416,0.228,0.593,2.309,5.1,0,0.064
SHOP002286,0,2.0,65.0,0.742,0,67.9,0.305,0.057,0.015,0.926,-0.051,0.197,-0.191,0.041,0.179,0.385,1.491,3.6,2,0.04
SHOP002287,1,4.0,51.0,0.546,2,45.8,0.136,0.099,0.034,0.82,-0.013,0.336,-0.339,-0.495,0.244,0.521,1.806,8.8,2,0.016
SHOP002288,1,22.0,56.0,0.392,0,166.8,0.205,0.02,0.051,0.924,-0.112,0.078,0.149,-1.239,0.139,0.405,2.246,6.4,2,0.043
SHOP002289,0,17.0,238.0,0.349,2,126.9,0.37,0.064,0.026,0.903,0.175,0.242,0.087,1.877,0.094,0.141,2.398,3.1,0,0.042
SHOP002290,0,18.0,142.0,0.802,3,63.2,0.175,0.028,0.057,0.867,-0.178,0.139,0.081,-0.444,0.201,0.351,1.708,5.1,0,0.051
SHOP002291,0,21.0,87.0,0.534,4,57.4,0.157,0.129,0.045,0.837,-0.016,0.258,0.059,1.124,0.162,0.679,1.568,7.7,1,0.041
SHOP002292,0,5.0,139.0,0.445,1,66.9,0.212,0.033,0.028,0.808,-0.436,0.314,0.076,-1.445,0.103,0.374,1.905,8.7,1,0.049
SHOP002293,0,24.0,170.0,0.331,2,145.0,0.355,0.091,0.042,0.881,-0.008,0.222,0.224,0.088,0.159,0.486,2.213,3.1,2,0.013
SHOP002294,0,1.0,144.0,0.484,0,120.7,0.256,0.025,0.035,0.818,-0.327,0.09,-0.129,-0.401,0.14,0.578,2.35,4.1,2,0.054
SHOP002295,0,17.0,322.0,0.285,2,158.3,0.319,0.113,0.037,0.85,0.16,0.259,-0.041,0.621,0.163,0.575,1.948,4.6,1,0.07
SHOP002296,1,20.0,107.0,0.99,0,99.6,0.137,0.159,0.034,0.812,-0.109,0.486,0.211,-0.912,0.228,0.35,1.753,5.4,2,0.061
SHOP002297,0,30.0,191.0,0.55,0,111.1,0.395,0.06,0.021,0.861,0.138,0.229,-0.043,1.582,0.118,0.386,2.495,5.1,1,0.044
SHOP002298,0,23.0,202.0,0.29,2,66.9,0.466,0.098,0.001,0.976,0.097,0.224,-0.253,-1.223,0.139,0.456,2.378,5.2,0,0.014
SHOP002299,0,19.0,240.0,0.692,0,85.4,0.228,0.066,0.019,0.881,-0.219,0.124,0.084,0.395,0.22,0.368,2.485,5.1,1,0.066
SHOP002300,1,23.0,260.0,0.326,0,125.3,0.313,0.082,0.036,0.951,0.112,0.15,-0.029,1.251,0.113,0.549,1.948,2.7,0,0.037
SHOP002301,0,17.0,214.0,0.183,0,51.1,0.365,0.035,0.022,0.807,-0.032,0.158,-0.021,1.117,0.124,0.368,2.335,5.4,2,0.039
SHOP002302,0,25.0,300.0,0.005,3,76.1,0.217,0.032,0.004,0.907,0.201,0.1,0.142,-0.545,0.058,0.209,2.349,3.0,0,0.01
SHOP002303,0,16.0,113.0,0.516,1,25.6,0.407,0.096,0.014,0.92,-0.087,0.191,0.122,0.544,0.109,0.323,2.13,5.8,3,0.03
SHOP002304,0,13.0,58.0,0.202,2,95.1,0.377,0.081,0.017,0.799,-0.286,0.256,0.079,0.267,0.287,0.423,0.967,2.3,2,0.036
SHOP002305,0,18.0,187.0,0.208,0,50.4,0.184,0.083,0.006,0.854,0.192,0.185,0.115,2.039,0.063,0.655,2.649,2.6,0,0.02
SHOP002306,1,9.0,74.0,0.657,2,31.2,0.068,0.097,0.043,0.808,-0.088,0.126,-0.114,-0.564,0.206,0.31,2.159,7.5,1,0.034
SHOP002307,0,19.0,123.0,0.356,2,102.9,0.271,0.047,0.029,0.947,-0.059,0.298,0.096,0.229,0.19,0.574,2.45,2.9,0,0.009
SHOP002308,0,8.0,108.0,0.602,3,39.4,0.207,0.097,0.041,0.82,-0.042,0.238,0.005,-0.301,0.102,0.643,2.163,5.8,1,0.048
SHOP002309,0,14.0,150.0,0.5,3,100.8,0.382,0.037,0.032,0.899,-0.047,0.255,0.063,0.301,0.21,0.307,1.145,4.1,1,0.063
SHOP002310,1,10.0,57.0,0.522,1,118.7,0.266,0.096,0.054,0.867,-0.266,0.329,0.007,-1.449,0.197,0.522,2.96,6.6,1,0.01
SHOP002311,1,17.0,246.0,0.279,0,45.4,0.222,0.104,0.039,0.795,0.258,0.289,0.173,1.683,0.134,0.401,0.938,5.2,1,0.02
SHOP002312,1,10.0,147.0,0.629,1,49.2,0.249,0.134,0.003,0.823,0.13,0.269,0.074,-1.035,0.126,0.688,2.348,4.0,1,0.05
SHOP002313,0,17.0,169.0,0.536,1,20.2,0.217,0.063,0.033,0.863,-0.093,0.211,-0.013,1.487,0.194,0.482,2.512,4.8,1,0.064
SHOP002314,1,18.0,385.0,0.354,1,83.9,0.126,0.182,0.011,0.844,0.13,0.282,-0.0,1.931,0.225,0.595,1.648,5.1,0,0.008
SHOP002315,0,20.0,12.0,0.323,0,67.7,0.383,0.046,0.046,0.884,0.255,0.252,-0.247,-1.101,0.157,0.552,1.721,7.9,0,0.04
SHOP002316,0,18.0,215.0,0.468,2,108.1,0.413,0.082,0.034,0.846,0.009,0.221,-0.038,1.109,0.204,0.552,2.295,4.6,0,0.036
SHOP002317,0,10.0,207.0,0.335,2,101.0,0.314,0.066,0.023,0.918,-0.299,0.099,-0.007,-0.037,0.12,0.45,2.914,5.3,2,0.026
SHOP002318,0,15.0,217.0,0.839,0,57.6,0.174,0.102,0.051,0.819,0.033,0.267,-0.179,-1.337,0.111,0.596,2.079,11.4,2,0.016
SHOP002319,0,13.0,209.0,0.377,3,59.7,0.39,0.039,0.033,0.815,-0.06,0.111,0.12,1.085,0.137,0.243,2.027,5.2,2,0.039
SHOP002320,0,24.0,192.0,0.464,0,47.8,0.238,0.04,0.008,0.874,-0.09,0.212,0.024,-0.913,0.233,0.487,2.282,6.2,1,0.034
SHOP002321,0,4.0,126.0,0.096,2,99.0,0.22,0.042,0.068,0.801,-0.27,0.116,-0.105,1.656,0.142,0.487,2.325,5.4,2,0.067
SHOP002322,0,21.0,65.0,0.241,1,40.2,0.384,0.08,0.06,0.726,0.115,0.234,-0.042,-0.801,0.26,0.451,1.705,7.4,2,0.047
SHOP002323,0,29.0,159.0,0.254,0,30.2,0.201,0.076,0.004,0.882,0.151,0.223,0.093,1.15,0.209,0.409,1.79,5.2,1,0.045
SHOP002324,0,16.0,28.0,0.274,0,114.0,0.477,0.018,0.012,0.915,0.251,0.11,-0.017,2.81,0.118,0.434,2.546,2.9,0,0.011
SHOP002325,0,22.0,142.0,0.384,2,70.0,0.279,0.075,0.028,0.864,0.243,0.22,0.015,1.273,0.065,0.331,2.327,6.4,1,0.037
SHOP002326,0,23.0,237.0,0.255,0,146.0,0.134,0.014,0.008,0.947,0.111,0.104,0.436,1.358,0.154,0.446,2.617,5.9,0,0.035
SHOP002327,0,12.0,85.0,0.471,4,52.1,0.229,0.043,0.048,0.784,-0.135,0.281,0.089,0.985,0.361,0.439,2.102,2.2,1,0.034
SHOP002328,0,20.0,177.0,0.231,2,52.8,0.336,0.059,0.019,0.937,0.048,0.207,-0.182,-0.052,0.119,0.315,1.808,7.7,1,0.014
SHOP002329,1,11.0,233.0,0.488,1,70.6,0.319,0.108,0.035,0.911,-0.035,0.319,0.1,0.434,0.177,0.18,2.12,4.8,1,0.007
SHOP002330,0,29.0,246.0,0.261,1,120.0,0.231,0.052,0.0,0.913,-0.02,0.162,0.05,2.103,0.119,0.525,2.164,4.6,1,0.021
SHOP002331,0,22.0,184.0,0.253,0,137.6,0.317,0.037,0.013,0.968,0.187,0.034,0.258,1.106,0.214,0.505,2.663,2.9,0,0.014
SHOP002332,0,10.0,204.0,0.594,2,30.9,0.172,0.074,0.037,0.916,0.15,0.19,0.125,0.912,0.223,0.363,2.377,3.0,0,0.063
SHOP002333,0,27.0,170.0,0.448,2,51.3,0.324,0.024,0.029,0.907,0.145,0.216,-0.04,0.542,0.217,0.459,2.662,5.9,1,0.009
SHOP002334,0,19.0,272.0,0.425,0,72.6,0.353,0.067,0.047,0.938,0.192,0.265,-0.146,2.002,0.123,0.564,2.488,3.4,0,0.022
SHOP002335,0,25.0,53.0,0.531,3,88.1,0.291,0.077,0.036,0.819,0.086,0.202,-0.118,1.815,0.126,0.384,2.602,8.9,0,0.037
SHOP002336,1,19.0,89.0,0.657,2,55.3,0.302,0.106,0.034,0.764,0.167,0.258,-0.005,0.855,0.227,0.534,2.367,7.6,1,0.033
SHOP002337,0,19.0,96.0,0.206,1,43.8,0.399,0.15,0.035,0.88,-0.297,0.38,-0.014,1.351,0.154,0.611,1.548,3.7,2,0.069
SHOP002338,1,5.0,126.0,0.634,0,200.1,0.162,0.091,0.029,0.76,-0.208,0.151,0.075,-1.349,0.276,0.494,1.461,4.6,1,0.033
SHOP002339,0,1.0,61.0,0.279,6,146.7,0.317,0.112,0.03,0.809,0.115,0.251,-0.102,1.618,0.227,0.648,1.123,5.5,0,0.045
SHOP002340,0,5.0,286.0,0.44,0,106.2,0.305,0.077,0.018,0.98,-0.045,0.225,-0.27,-1.623,0.112,0.406,1.889,11.3,0,0.042
SHOP002341,0,27.0,205.0,0.339,1,63.0,0.256,0.047,0.036,0.93,0.088,0.259,-0.026,-0.006,0.159,0.556,1.78,4.0,0,0.04
SHOP002342,0,32.0,167.0,0.441,1,24.0,0.231,0.015,0.017,1.0,0.645,0.209,-0.055,1.053,0.115,0.186,2.564,4.4,0,0.002
SHOP002343,0,23.0,352.0,0.069,3,69.8,0.269,0.015,0.035,0.92,-0.116,0.378,0.057,1.791,0.133,0.52,1.565,4.7,2,0.015
SHOP002344,0,14.0,281.0,0.476,4,68.8,0.042,0.037,0.064,0.944,0.07,0.229,0.012,-0.53,0.175,0.323,2.713,3.7,4,0.035
SHOP002345,0,13.0,92.0,0.49,1,90.3,0.354,0.08,0.026,0.885,0.308,0.168,0.144,0.316,0.132,0.648,2.445,6.3,0,0.01
SHOP002346,1,37.0,104.0,0.136,0,31.7,0.19,0.049,0.017,0.941,0.333,0.288,0.022,-0.718,0.147,0.668,1.533,2.9,0,0.046
SHOP002347,0,25.0,211.0,0.543,0,47.7,0.44,0.019,0.011,0.884,0.123,0.111,0.269,0.275,0.152,0.079,2.171,3.9,1,0.016
SHOP002348,1,25.0,178.0,0.719,2,127.5,0.289,0.158,0.049,0.939,0.169,0.116,-0.143,1.79,0.154,0.521,1.877,8.6,1,0.013
SHOP002349,0,21.0,141.0,0.152,1,63.4,0.139,0.0,0.052,0.869,-0.042,0.281,0.172,-0.313,0.108,0.529,2.294,2.3,3,0.101
SHOP002350,0,14.0,84.0,0.414,1,72.8,0.164,0.056,0.021,0.992,0.221,0.163,-0.084,0.587,0.158,0.566,1.696,5.2,0,0.0
SHOP002351,1,21.0,123.0,0.681,3,57.4,0.144,0.057,0.036,0.863,-0.007,0.241,-0.142,1.841,0.153,0.371,2.221,5.9,0,0.035
SHOP002352,0,28.0,297.0,0.525,1,151.6,0.339,0.115,0.042,0.868,-0.174,0.213,0.003,1.181,0.083,0.382,2.099,3.9,0,0.063
SHOP002353,1,19.0,54.0,0.342,1,153.5,0.198,0.117,0.007,0.913,-0.028,0.252,-0.093,-1.537,0.177,0.439,1.508,3.2,2,0.017
SHOP002354,0,16.0,78.0,0.154,0,71.3,0.293,0.073,0.021,0.935,0.284,0.04,0.107,1.593,0.113,0.46,2.609,2.3,0,0.031
SHOP002355,0,15.0,399.0,0.464,2,114.0,0.222,0.027,0.001,0.954,0.272,0.213,0.051,-0.201,0.073,0.424,2.238,4.3,1,0.0
SHOP002356,1,18.0,155.0,0.538,1,58.6,0.336,0.151,0.002,0.927,-0.272,0.176,0.135,-0.144,0.159,0.389,2.089,5.0,0,0.02
SHOP002357,1,15.0,136.0,0.181,1,95.5,0.166,0.139,0.008,0.775,-0.113,0.247,-0.012,1.481,0.257,0.631,1.043,5.4,1,0.003
SHOP002358,0,29.0,69.0,0.42,1,159.1,0.283,0.173,0.025,1.0,-0.331,0.149,0.02,-0.998,0.215,0.282,1.748,2.5,1,0.037
SHOP002359,1,19.0,109.0,0.655,2,99.6,0.229,0.062,0.046,0.721,-0.189,0.225,-0.19,-1.582,0.193,0.399,1.602,4.2,0,0.04
SHOP002360,1,18.0,78.0,0.485,1,10.0,0.204,0.125,0.027,0.85,0.068,0.353,0.158,-0.349,0.244,0.474,2.297,5.0,1,0.054
SHOP002361,0,21.0,107.0,0.333,1,115.0,0.213,0.056,0.008,0.909,0.009,0.083,0.169,0.184,0.094,0.353,2.126,4.4,0,0.014
SHOP002362,0,26.0,119.0,0.184,1,105.7,0.306,0.11,0.02,0.905,-0.265,0.149,0.092,1.748,0.253,0.465,2.261,4.0,1,0.015
SHOP002363,1,10.0,137.0,0.357,2,39.2,0.406,0.057,0.024,0.794,-0.094,0.252,-0.169,3.144,0.055,0.613,1.855,4.9,1,0.025
SHOP002364,1,9.0,59.0,0.698,3,45.8,0.248,0.08,0.051,0.898,-0.012,0.157,-0.051,-2.161,0.227,0.309,0.853,4.5,2,0.048
SHOP002365,0,18.0,36.0,0.467,0,39.6,0.239,0.141,0.05,0.78,-0.117,0.192,0.275,-1.949,0.244,0.378,1.331,6.0,3,0.057
SHOP002366,0,25.0,105.0,0.371,1,64.3,0.472,0.124,0.039,0.92,0.367,0.264,-0.007,0.303,0.178,0.493,0.813,7.9,2,0.073
SHOP002367,1,13.0,65.0,0.381,2,92.3,0.345,0.097,0.029,0.862,-0.021,0.209,0.202,0.497,0.154,0.317,1.761,6.4,0,0.027
SHOP002368,0,18.0,163.0,0.368,1,35.1,0.267,0.045,0.021,0.905,0.041,0.164,0.073,0.651,0.206,0.496,2.396,6.1,1,0.023
SHOP002369,0,5.0,143.0,0.622,0,109.8,0.332,0.078,0.04,0.896,0.125,0.225,0.0,-0.034,0.27,0.742,2.089,5.9,0,0.039
SHOP002370,0,15.0,266.0,0.307,1,87.5,0.218,0.074,0.03,0.861,0.114,0.119,-0.078,2.159,0.06,0.304,2.92,2.2,0,0.051
SHOP002371,0,23.0,226.0,0.47,3,78.0,0.408,0.089,0.021,0.868,0.23,0.292,0.18,0.464,0.018,0.539,2.984,3.7,1,0.056
SHOP002372,0,23.0,434.0,0.49,2,118.0,0.321,0.139,0.038,0.897,-0.163,0.188,-0.067,-0.267,0.194,0.589,0.763,8.0,1,0.024
SHOP002373,0,32.0,39.0,0.484,2,88.6,0.178,0.128,0.038,0.847,0.11,0.143,0.021,-0.824,0.189,0.351,1.456,4.4,0,0.051
SHOP002374,0,27.0,149.0,0.419,0,148.1,0.345,0.023,0.018,0.866,-0.04,0.175,-0.003,0.66,0.22,0.583,1.933,3.6,0,0.032
SHOP002375,0,16.0,135.0,0.219,0,152.6,0.444,0.058,0.0,0.941,0.332,0.145,0.041,1.361,0.109,0.437,2.356,5.2,0,0.021
SHOP002376,0,1.0,81.0,0.641,0,57.5,0.16,0.081,0.024,0.929,-0.272,0.258,-0.048,-0.956,0.238,0.449,1.408,4.9,1,0.033
SHOP002377,0,20.0,163.0,0.195,0,128.7,0.243,0.07,0.018,0.927,0.29,0.097,0.226,0.943,0.163,0.535,2.564,5.1,1,0.016
SHOP002378,0,19.0,152.0,0.345,4,87.7,0.194,0.082,0.048,0.895,0.243,0.205,0.142,-1.323,0.209,0.506,1.979,2.6,1,0.005
SHOP002379,0,24.0,77.0,0.641,2,85.2,0.282,0.072,0.03,0.861,-0.246,0.159,0.086,-0.793,0.08,0.312,1.961,8.3,0,0.042
SHOP002380,0,21.0,142.0,0.305,2,115.0,0.23,0.087,0.036,0.909,0.045,0.255,-0.039,-1.508,0.041,0.442,2.043,3.1,1,0.059
SHOP002381,1,22.0,254.0,0.21,3,108.2,0.243,0.053,0.045,0.849,0.128,0.566,0.024,-0.195,0.134,0.577,2.032,5.6,2,0.078
SHOP002382,0,13.0,217.0,0.217,1,114.6,0.443,0.028,0.005,0.938,-0.04,0.186,0.111,1.607,0.09,0.324,1.316,4.6,0,0.0
SHOP002383,1,17.0,184.0,0.375,0,51.9,0.174,0.033,0.016,0.973,-0.036,0.115,0.064,1.688,0.161,0.369,2.165,4.8,0,0.04
SHOP002384,0,18.0,138.0,0.69,0,54.7,0.277,0.065,0.03,0.892,0.281,0.234,0.083,-1.109,0.166,0.201,1.596,11.0,1,0.068
SHOP002385,0,16.0,255.0,0.363,1,106.3,0.255,0.052,0.033,0.999,-0.387,0.116,-0.026,-0.336,0.157,0.384,2.086,5.5,0,0.008
SHOP002386,0,16.0,195.0,0.367,0,127.0,0.432,0.066,0.0,0.952,0.036,0.27,0.192,0.084,0.027,0.606,2.122,2.1,0,0.021
SHOP002387,0,25.0,28.0,0.25,0,47.7,0.254,0.0,0.006,0.857,0.117,0.125,-0.051,-0.146,0.235,0.461,1.708,4.9,0,0.02
SHOP002388,0,3.0,57.0,0.237,0,114.1,0.222,0.095,0.028,0.838,0.164,0.318,0.262,-3.237,0.176,0.454,1.825,5.4,2,0.072
SHOP002389,0,10.0,132.0,0.338,1,61.7,0.077,0.096,0.024,0.918,-0.014,0.206,-0.023,0.954,0.053,0.447,2.262,7.4,1,0.025
SHOP002390,0,29.0,186.0,0.375,0,72.1,0.438,0.013,0.012,0.915,0.07,0.152,0.088,-0.236,0.057,0.425,2.087,2.8,0,0.004
SHOP002391,0,42.0,171.0,0.621,2,107.5,0.092,0.083,0.073,0.835,0.332,0.251,0.044,1.699,0.189,0.238,2.436,8.5,1,0.025
SHOP002392,0,23.0,260.0,0.159,0,70.9,0.212,0.052,0.021,0.872,0.222,0.131,-0.07,-0.396,0.034,0.393,2.945,6.7,0,0.021
SHOP002393,0,16.0,93.0,0.462,1,99.1,0.229,0.079,0.048,0.869,-0.095,0.267,0.248,1.424,0.134,0.652,1.653,3.5,0,0.041
SHOP002394,0,15.0,26.0,0.377,1,122.2,0.257,0.064,0.026,0.959,-0.087,0.174,0.089,-2.407,0.107,0.492,1.332,1.9,0,0.045
SHOP002395,0,26.0,152.0,0.155,0,58.9,0.304,0.08,0.017,0.912,0.074,0.171,0.076,1.198,0.139,0.412,2.393,4.7,0,0.029
SHOP002396,0,22.0,139.0,0.383,1,219.2,0.227,0.039,0.019,0.952,-0.065,0.183,-0.136,0.16,0.253,0.413,2.23,5.2,2,0.018
SHOP002397,0,28.0,227.0,0.413,2,95.4,0.295,0.126,0.032,0.961,0.264,0.242,-0.036,1.167,0.235,0.251,2.771,6.9,0,0.029
SHOP002398,0,15.0,256.0,0.324,0,114.0,0.403,0.088,0.022,0.926,0.264,0.264,-0.03,0.672,0.19,0.511,2.127,5.1,0,0.062
SHOP002399,0,13.0,35.0,0.518,2,58.2,0.244,0.087,0.024,0.857,-0.038,0.25,-0.179,0.204,0.158,0.344,1.978,4.9,1,0.022
SHOP002400,0,17.0,154.0,0.502,1,131.8,0.282,0.043,0.036,0.868,0.219,0.279,0.133,-0.369,0.144,0.326,2.057,3.7,1,0.021
SHOP002401,1,15.0,110.0,0.718,1,84.2,0.216,0.114,0.033,0.903,0.02,0.148,0.024,-1.227,0.215,0.641,1.524,4.5,0,0.017
SHOP002402,0,23.0,211.0,0.612,4,79.8,0.354,0.073,0.031,0.828,-0.133,0.29,0.03,0.785,0.168,0.514,2.143,6.3,1,0.011
SHOP002403,0,32.0,145.0,0.423,1,145.6,0.203,0.073,0.027,0.922,0.069,0.189,-0.052,2.578,0.203,0.277,1.857,3.8,0,0.012
SHOP002404,0,35.0,293.0,0.471,1,51.9,0.138,0.018,0.007,0.973,0.08,0.123,0.097,1.32,0.114,0.257,2.177,2.1,0,0.043
SHOP002405,0,36.0,122.0,0.098,1,84.6,0.4,0.04,0.0,1.0,-0.195,0.172,0.052,1.559,0.091,0.463,2.692,4.0,0,0.028
SHOP002406,0,12.0,194.0,0.267,1,30.9,0.216,0.1,0.036,0.904,0.152,0.27,0.149,-0.957,0.148,0.471,1.461,7.7,0,0.016
SHOP002407,0,12.0,221.0,0.575,0,22.9,0.235,0.112,0.028,0.908,0.056,0.183,-0.216,0.727,0.051,0.464,1.643,4.7,1,0.033
SHOP002408,1,32.0,353.0,0.316,1,83.0,0.413,0.074,0.018,0.881,-0.026,0.081,0.193,0.72,0.0,0.148,2.297,5.3,1,0.017
SHOP002409,0,28.0,241.0,0.239,1,62.5,0.355,0.024,0.039,0.851,-0.096,0.298,0.063,0.276,0.157,0.362,1.934,4.7,0,0.015
SHOP002410,0,13.0,158.0,0.305,1,108.8,0.238,0.05,0.013,1.0,0.058,0.177,0.049,0.778,0.084,0.535,2.613,4.0,1,0.017
SHOP002411,1,26.0,51.0,0.272,2,17.2,0.294,0.01,0.064,0.865,-0.041,0.272,0.053,-3.478,0.144,0.795,1.956,8.4,0,0.0
SHOP002412,0,33.0,80.0,0.156,1,117.2,0.385,0.017,0.012,0.834,-0.152,0.071,-0.051,1.57,0.092,0.453,2.537,3.5,1,0.026
SHOP002413,0,20.0,95.0,0.273,1,113.0,0.363,0.06,0.013,0.954,0.408,0.156,0.048,1.368,0.053,0.32,3.105,3.2,0,0.001
SHOP002414,1,6.0,75.0,0.505,4,43.1,0.083,0.169,0.04,0.776,-0.317,0.249,0.082,-1.572,0.303,0.56,2.537,2.2,0,0.034
SHOP002415,0,17.0,28.0,0.478,2,133.0,0.139,0.097,0.037,0.842,-0.161,0.18,0.058,-1.842,0.213,0.465,1.771,9.9,1,0.026
SHOP002416,0,10.0,142.0,0.265,2,164.2,0.452,0.063,0.018,0.905,0.317,0.144,0.128,1.635,0.116,0.318,3.15,6.5,1,0.026
SHOP002417,0,33.0,105.0,0.275,1,77.2,0.344,0.094,0.022,0.874,0.318,0.25,0.091,1.446,0.184,0.427,2.093,5.2,0,0.016
SHOP002418,1,4.0,22.0,0.489,3,42.5,0.161,0.116,0.023,0.873,-0.03,0.124,-0.026,-0.157,0.214,0.737,1.813,3.3,1,0.03
SHOP002419,0,26.0,78.0,0.331,0,113.3,0.371,0.039,0.01,0.957,0.304,0.107,0.186,0.624,0.023,0.331,2.5,1.6,0,0.002
SHOP002420,0,21.0,373.0,0.228,0,47.9,0.469,0.035,0.018,0.916,-0.052,0.223,-0.08,2.757,0.0,0.382,2.328,4.7,0,0.002
SHOP002421,0,11.0,178.0,0.25,1,162.1,0.173,0.044,0.013,0.952,-0.069,0.276,0.2,0.152,0.094,0.57,2.804,5.9,1,0.0
SHOP002422,1,12.0,62.0,0.837,3,54.8,0.27,0.128,0.025,0.864,-0.15,0.433,-0.4,-1.189,0.174,0.344,2.228,4.8,1,0.093
SHOP002423,0,23.0,127.0,0.482,2,95.3,0.225,0.068,0.018,0.927,0.32,0.21,0.248,1.993,0.073,0.42,2.564,5.3,0,0.043
SHOP002424,0,22.0,256.0,0.101,2,68.9,0.183,0.079,0.004,0.953,0.081,0.121,0.026,0.08,0.186,0.41,2.108,5.3,0,0.029
SHOP002425,1,17.0,234.0,0.671,1,79.9,0.271,0.15,0.048,0.954,-0.502,0.155,-0.109,-0.187,0.17,0.522,1.188,7.0,0,0.01
SHOP002426,1,2.0,185.0,0.49,1,37.6,0.313,0.115,0.052,0.807,-0.043,0.245,-0.102,-3.197,0.139,0.524,1.16,3.2,2,0.092
SHOP002427,0,15.0,186.0,0.366,2,107.1,0.142,0.027,0.028,0.935,0.069,0.186,0.15,1.223,0.219,0.461,2.588,6.7,0,0.058
SHOP002428,0,15.0,157.0,0.395,1,91.9,0.322,0.1,0.029,0.858,0.226,0.23,-0.066,0.503,0.211,0.307,1.783,5.4,1,0.028
SHOP002429,1,19.0,102.0,0.628,2,123.0,0.16,0.099,0.029,0.753,-0.356,0.229,0.161,-0.833,0.135,0.435,1.133,2.1,1,0.076
SHOP002430,0,38.0,88.0,0.35,0,61.7,0.288,0.051,0.007,0.973,0.186,0.196,-0.017,2.428,0.177,0.395,1.935,3.5,1,0.012
SHOP002431,0,17.0,80.0,0.587,3,106.1,0.224,0.095,0.043,0.768,0.034,0.276,-0.098,0.54,0.154,0.497,1.806,9.1,0,0.047
SHOP002432,0,20.0,195.0,0.328,1,100.1,0.453,0.071,0.027,0.969,0.068,0.102,-0.05,-0.827,0.141,0.421,2.329,5.5,0,0.059
SHOP002433,1,16.0,206.0,0.234,1,159.9,0.134,0.086,0.041,0.857,0.319,0.242,0.026,-0.714,0.153,0.308,2.16,4.2,0,0.048
SHOP002434,0,22.0,108.0,0.209,0,76.1,0.463,0.092,0.041,0.99,0.191,0.193,-0.049,1.6,0.082,0.32,1.66,5.1,0,0.048
SHOP002435,0,16.0,210.0,0.388,0,98.4,0.39,0.063,0.026,0.87,-0.003,0.234,0.032,-0.072,0.12,0.149,2.031,4.5,0,0.012
SHOP002436,0,18.0,237.0,0.137,1,93.2,0.224,0.078,0.019,0.918,0.125,0.071,0.043,0.736,0.155,0.586,1.908,1.3,0,0.041
SHOP002437,1,11.0,36.0,0.34,1,41.0,0.316,0.148,0.02,0.85,-0.114,0.286,0.058,1.439,0.166,0.527,2.006,4.0,1,0.023
SHOP002438,1,8.0,47.0,0.265,2,85.8,0.213,0.092,0.031,0.885,-0.062,0.324,0.08,0.812,0.155,0.213,2.624,4.3,2,0.071
SHOP002439,0,19.0,137.0,0.392,2,79.3,0.423,0.063,0.013,0.957,-0.049,0.244,-0.034,0.934,0.223,0.51,2.102,5.4,0,0.037
SHOP002440,0,18.0,163.0,0.505,2,144.8,0.251,0.045,0.035,0.905,-0.117,0.136,0.212,-0.012,0.233,0.365,1.574,6.9,0,0.014
SHOP002441,0,4.0,1.0,0.35,2,42.2,0.246,0.051,0.063,1.0,-0.017,0.309,0.041,2.069,0.155,0.486,2.531,8.8,2,0.016
SHOP002442,0,16.0,190.0,0.21,1,34.7,0.19,0.04,0.006,0.956,0.097,0.135,-0.005,-0.572,0.013,0.545,2.951,4.4,0,0.0
SHOP002443,0,21.0,110.0,0.368,1,54.8,0.101,0.024,0.042,0.898,0.298,0.197,0.037,-0.039,0.183,0.586,1.636,8.5,1,0.03
SHOP002444,1,12.0,81.0,0.783,2,74.5,0.261,0.043,0.012,0.877,0.007,0.234,-0.038,-1.543,0.253,0.646,1.744,5.5,1,0.076
SHOP002445,1,19.0,67.0,0.318,4,113.7,0.204,0.054,0.07,0.746,0.03,0.276,-0.327,-1.415,0.14,0.68,1.034,5.3,1,0.037
SHOP002446,0,20.0,274.0,0.259,1,60.9,0.466,0.074,0.033,0.946,0.015,0.227,-0.086,1.872,0.109,0.343,2.334,4.1,0,0.034
SHOP002447,0,29.0,80.0,0.612,2,101.1,0.13,0.065,0.0,0.882,0.114,0.123,0.125,-0.279,0.094,0.384,2.162,3.1,1,0.017
SHOP002448,0,12.0,62.0,0.359,4,154.9,0.28,0.021,0.014,0.838,0.144,0.321,0.092,-0.144,0.233,0.516,1.795,4.9,0,0.053
SHOP002449,0,8.0,164.0,0.628,0,127.0,0.287,0.096,0.041,0.825,-0.204,0.272,0.092,-1.425,0.235,0.586,1.657,2.4,0,0.05
SHOP002450,0,31.0,480.0,0.232,1,93.2,0.49,0.102,0.024,0.91,-0.145,0.195,0.046,0.106,0.203,0.463,3.158,7.5,0,0.026
SHOP002451,0,25.0,136.0,0.559,1,65.1,0.336,0.065,0.033,0.892,0.193,0.198,-0.062,0.682,0.102,0.388,2.337,2.6,2,0.017
SHOP002452,0,7.0,201.0,0.606,0,158.3,0.183,0.061,0.028,0.867,0.416,0.201,0.053,-2.163,0.196,0.346,2.591,4.9,3,0.046
SHOP002453,0,16.0,209.0,0.317,0,127.0,0.289,0.075,0.022,0.908,0.11,0.253,0.08,0.496,0.13,0.445,2.021,5.1,0,0.0
SHOP002454,1,27.0,218.0,0.443,0,88.2,0.253,0.035,0.026,0.795,0.257,0.238,0.271,0.734,0.103,0.241,2.369,2.7,0,0.037
SHOP002455,0,19.0,103.0,0.315,2,88.5,0.301,0.11,0.028,0.893,-0.103,0.104,-0.114,0.447,0.171,0.311,1.694,3.2,2,0.032
SHOP002456,0,1.0,271.0,0.166,1,155.1,0.208,0.086,0.026,0.776,0.068,0.109,0.004,-0.139,0.11,0.533,1.763,3.9,1,0.065
SHOP002457,1,19.0,145.0,0.521,0,86.4,0.277,0.066,0.021,0.806,-0.126,0.226,-0.033,1.771,0.212,0.301,1.489,5.6,1,0.041
SHOP002458,0,30.0,238.0,0.173,2,10.0,0.284,0.07,0.019,0.953,-0.133,0.165,0.081,0.203,0.136,0.398,1.559,2.7,0,0.015
SHOP002459,0,29.0,121.0,0.293,0,66.0,0.39,0.013,0.018,0.933,0.355,0.211,-0.057,-0.233,0.112,0.413,2.373,3.8,1,0.027
SHOP002460,0,20.0,177.0,0.383,0,80.4,0.34,0.077,0.034,0.938,0.274,0.179,-0.078,-0.304,0.11,0.351,2.267,5.1,1,0.044
SHOP002461,0,29.0,185.0,0.442,1,143.7,0.227,0.058,0.038,0.912,-0.056,0.234,0.042,-1.07,0.106,0.232,2.288,1.4,0,0.017
SHOP002462,0,17.0,268.0,0.51,0,240.4,0.325,0.063,0.037,0.822,0.306,0.265,0.111,0.525,0.131,0.382,3.086,4.2,2,0.023
SHOP002463,0,12.0,75.0,0.178,1,78.4,0.301,0.058,0.031,0.881,0.241,0.254,0.138,1.116,0.086,0.545,2.305,6.8,1,0.0
SHOP002464,0,13.0,286.0,0.442,1,75.5,0.265,0.053,0.03,0.942,0.187,0.164,0.08,0.495,0.153,0.417,2.448,4.4,1,0.039
SHOP002465,0,15.0,228.0,0.426,0,20.5,0.122,0.052,0.027,0.87,0.094,0.3,0.153,1.635,0.193,0.561,2.641,4.8,0,0.017
SHOP002466,0,26.0,242.0,0.591,0,245.7,0.25,0.08,0.02,0.91,0.288,0.186,0.072,1.99,0.182,0.395,2.235,1.1,0,0.048
SHOP002467,1,11.0,130.0,0.479,2,39.2,0.306,0.121,0.023,0.912,-0.115,0.28,0.195,0.238,0.194,0.366,0.898,1.8,0,0.079
SHOP002468,0,13.0,140.0,0.434,3,136.4,0.152,0.108,0.023,0.927,-0.036,0.166,0.11,0.551,0.145,0.36,1.417,6.8,2,0.0
SHOP002469,1,20.0,145.0,0.551,1,134.1,0.356,0.04,0.028,0.931,0.03,0.274,0.137,-0.112,0.097,0.678,2.41,2.4,0,0.068
SHOP002470,0,8.0,209.0,0.297,0,63.9,0.302,0.055,0.003,0.971,-0.081,0.228,0.124,0.574,0.185,0.629,2.496,3.9,1,0.037
SHOP002471,0,25.0,47.0,0.408,0,97.6,0.303,0.086,0.014,0.968,0.301,0.3,0.105,1.83,0.109,0.459,2.575,4.2,0,0.027
SHOP002472,0,19.0,235.0,0.34,1,75.3,0.259,0.105,0.037,0.884,-0.095,0.297,-0.111,-0.866,0.172,0.616,2.386,8.4,0,0.03
SHOP002473,0,25.0,305.0,0.662,3,112.7,0.279,0.026,0.042,0.806,-0.248,0.081,0.09,-0.837,0.035,0.627,1.683,6.5,0,0.006
SHOP002474,0,13.0,27.0,0.305,1,58.8,0.28,0.08,0.005,1.0,0.09,0.142,0.047,-1.384,0.213,0.179,2.079,1.5,1,0.02
SHOP002475,1,22.0,125.0,0.36,3,50.3,0.155,0.081,0.051,0.824,-0.313,0.234,0.135,0.659,0.156,0.338,2.804,2.6,1,0.018
SHOP002476,0,24.0,257.0,0.261,1,133.3,0.306,0.043,0.015,0.949,0.32,0.099,0.028,1.628,0.078,0.418,1.938,3.5,0,0.015
SHOP002477,0,20.0,72.0,0.455,2,86.7,0.241,0.072,0.002,0.819,0.119,0.269,-0.001,-0.752,0.162,0.442,1.982,1.7,0,0.004
SHOP002478,0,12.0,194.0,0.581,2,87.7,0.226,0.087,0.007,0.794,0.267,0.15,0.119,0.159,0.187,0.552,1.979,6.5,0,0.023
SHOP002479,0,12.0,7.0,0.279,2,66.6,0.319,0.05,0.014,0.903,-0.08,0.289,0.065,-1.145,0.095,0.416,2.454,5.5,2,0.041
SHOP002480,1,23.0,78.0,0.158,2,154.4,0.213,0.182,0.064,0.903,-0.203,0.26,-0.086,-1.749,0.213,0.491,1.519,5.7,2,0.08
SHOP002481,0,20.0,60.0,0.104,1,86.4,0.293,0.055,0.038,0.884,-0.009,0.233,0.084,0.619,0.206,0.519,1.36,2.1,0,0.0
SHOP002482,0,24.0,199.0,0.41,1,59.8,0.418,0.024,0.043,0.892,0.01,0.195,0.086,1.107,0.179,0.592,1.547,9.1,2,0.044
SHOP002483,0,29.0,170.0,0.127,1,61.6,0.35,0.091,0.038,0.906,-0.2,0.187,0.092,2.152,0.225,0.384,2.141,5.5,1,0.015
SHOP002484,1,18.0,7.0,0.3,0,88.6,0.435,0.069,0.0,0.882,0.134,0.282,-0.0,0.715,0.158,0.346,2.583,4.4,2,0.042
SHOP002485,0,13.0,5.0,0.336,0,34.0,0.276,0.079,0.018,0.852,-0.125,0.094,0.137,-1.166,0.181,0.45,1.68,4.3,1,0.006
SHOP002486,0,12.0,172.0,0.611,2,111.0,0.165,0.062,0.014,0.891,-0.027,0.328,0.015,1.054,0.118,0.428,1.548,6.0,2,0.043
SHOP002487,1,26.0,70.0,0.654,2,86.4,0.175,0.037,0.019,0.809,-0.316,0.268,0.04,0.367,0.196,0.509,2.017,5.2,1,0.009
SHOP002488,1,7.0,161.0,0.614,3,142.0,0.152,0.111,0.039,0.915,-0.111,0.23,0.092,-1.931,0.276,0.351,1.902,4.8,1,0.048
SHOP002489,1,13.0,93.0,0.532,1,120.2,0.329,0.006,0.02,0.911,-0.048,0.312,0.061,1.051,0.172,0.49,2.27,5.1,0,0.036
SHOP002490,0,19.0,69.0,0.479,3,81.0,0.246,0.067,0.006,0.838,0.09,0.232,0.098,0.41,0.014,0.51,1.394,6.4,1,0.047
SHOP002491,0,22.0,156.0,0.276,0,94.2,0.412,0.053,0.038,0.876,-0.034,0.134,-0.03,0.849,0.078,0.392,2.349,6.7,1,0.0
SHOP002492,0,25.0,44.0,0.597,1,70.9,0.218,0.065,0.047,0.942,-0.008,0.305,0.061,0.334,0.091,0.427,2.444,5.6,0,0.037
SHOP002493,1,20.0,188.0,0.31,0,67.3,0.44,0.06,0.004,0.953,0.126,0.153,0.103,0.439,0.139,0.285,2.064,5.0,0,0.017
SHOP002494,0,26.0,51.0,0.431,4,94.9,0.367,0.054,0.022,0.764,0.161,0.18,-0.06,0.731,0.204,0.607,2.395,6.8,0,0.04
SHOP002495,1,7.0,161.0,0.667,1,44.3,0.191,0.106,0.054,0.681,0.169,0.159,-0.232,-0.258,0.243,0.341,0.736,3.0,3,0.077
SHOP002496,0,17.0,216.0,0.342,1,119.7,0.213,0.067,0.013,0.916,0.057,0.202,0.276,1.239,0.14,0.588,2.83,6.6,0,0.049
SHOP002497,0,17.0,247.0,0.23,0,89.8,0.264,0.012,0.0,0.991,0.256,0.071,0.058,0.617,0.067,0.299,3.261,5.0,0,0.015
SHOP002498,0,12.0,174.0,0.323,1,113.0,0.458,0.085,0.039,0.886,0.067,0.181,0.034,-0.324,0.148,0.424,1.83,5.2,0,0.049
SHOP002499,1,17.0,60.0,0.589,2,136.3,0.17,0.117,0.033,0.844,-0.214,0.193,-0.132,-2.165,0.318,0.644,2.33,5.9,1,0.067
SHOP002500,0,16.0,147.0,0.647,3,81.9,0.175,0.061,0.031,0.848,0.105,0.221,0.02,0.516,0.142,0.599,1.864,6.3,3,0.015
SHOP002501,0,27.0,288.0,0.39,2,54.5,0.261,0.11,0.013,0.877,0.008,0.217,0.016,-1.508,0.11,0.659,2.47,3.9,1,0.03
SHOP002502,1,11.0,104.0,0.413,2,59.2,0.209,0.0,0.049,0.807,0.121,0.152,-0.025,0.745,0.241,0.357,1.943,6.1,1,0.029
SHOP002503,0,19.0,114.0,0.331,1,59.2,0.24,0.124,0.024,0.93,-0.088,0.066,0.066,-1.065,0.176,0.529,2.171,5.9,0,0.008
SHOP002504,1,19.0,84.0,0.392,1,63.6,0.21,0.118,0.058,0.977,-0.153,0.239,-0.003,0.669,0.211,0.353,1.759,4.6,1,0.049
SHOP002505,1,19.0,81.0,0.733,4,95.8,0.168,0.119,0.019,0.903,-0.123,0.236,0.076,-1.653,0.265,0.428,1.508,4.6,1,0.024
SHOP002506,0,15.0,69.0,0.388,1,55.7,0.322,0.028,0.0,0.911,-0.32,0.254,-0.054,2.848,0.22,0.265,2.406,7.4,0,0.034
SHOP002507,1,26.0,216.0,0.69,1,59.9,0.377,0.085,0.021,0.949,-0.097,0.099,-0.11,0.997,0.153,0.386,2.544,7.1,2,0.029
SHOP002508,1,26.0,326.0,0.314,1,79.9,0.378,0.118,0.015,0.959,-0.073,0.228,0.269,1.04,0.403,0.276,1.727,8.6,2,0.051
SHOP002509,0,15.0,194.0,0.569,0,85.2,0.37,0.047,0.016,0.879,0.172,0.183,-0.004,0.226,0.179,0.513,2.071,5.0,1,0.055
SHOP002510,0,28.0,331.0,0.3,2,63.3,0.19,0.08,0.008,0.891,0.011,0.191,0.237,1.876,0.225,0.483,2.171,8.6,1,0.04
SHOP002511,1,13.0,168.0,0.497,2,14.4,0.19,0.123,0.013,0.844,-0.153,0.315,-0.004,-1.38,0.158,0.635,1.547,8.6,2,0.022
SHOP002512,0,13.0,175.0,0.241,0,52.3,0.357,0.026,0.033,0.92,0.049,0.124,0.339,1.004,0.082,0.4,1.767,5.0,0,0.052
SHOP002513,1,14.0,27.0,0.528,1,149.8,0.224,0.086,0.031,0.818,0.069,0.195,-0.056,-0.626,0.055,0.551,1.499,6.8,0,0.022
SHOP002514,1,11.0,145.0,0.34,2,35.4,0.431,0.067,0.016,0.837,-0.222,0.299,-0.202,0.339,0.21,0.544,2.202,4.3,0,0.048
SHOP002515,0,31.0,172.0,0.069,0,80.2,0.378,0.056,0.039,0.825,-0.301,0.13,0.111,0.82,0.089,0.428,2.005,5.4,1,0.044
SHOP002516,0,20.0,139.0,0.281,1,112.9,0.302,0.052,0.016,0.908,-0.063,0.259,-0.033,0.762,0.106,0.361,1.67,3.4,1,0.035
SHOP002517,1,19.0,78.0,0.805,3,30.5,0.105,0.102,0.053,0.889,-0.14,0.361,0.139,1.524,0.23,0.634,2.257,5.5,0,0.067
SHOP002518,0,21.0,195.0,0.576,2,80.5,0.271,0.049,0.004,0.842,-0.106,0.271,-0.22,1.559,0.168,0.616,2.935,3.1,1,0.091
SHOP002519,0,35.0,253.0,0.377,1,124.7,0.366,0.051,0.011,0.949,-0.081,0.255,0.106,-1.346,0.091,0.311,2.668,4.3,1,0.022
SHOP002520,0,14.0,152.0,0.603,3,97.1,0.386,0.053,0.012,0.833,0.117,0.312,0.111,0.279,0.116,0.352,1.734,7.0,0,0.049
SHOP002521,1,14.0,131.0,0.26,1,31.1,0.211,0.164,0.038,0.818,-0.372,0.297,0.113,-0.863,0.138,0.329,1.16,4.0,2,0.051
SHOP002522,0,31.0,54.0,0.303,1,201.1,0.304,0.065,0.032,0.818,-0.028,0.292,-0.077,1.555,0.203,0.536,1.761,6.1,1,0.048
SHOP002523,0,15.0,36.0,0.311,0,15.9,0.257,0.043,0.003,0.94,-0.054,0.062,0.224,2.526,0.116,0.516,2.455,4.1,1,0.014
SHOP002524,1,10.0,8.0,0.671,2,59.7,0.212,0.122,0.028,0.874,-0.455,0.122,0.185,-0.295,0.162,0.439,1.325,0.0,1,0.038
SHOP002525,1,11.0,114.0,0.497,3,106.8,0.244,0.027,0.031,1.0,-0.025,0.166,0.034,1.094,0.116,0.351,2.317,4.2,1,0.079
SHOP002526,0,22.0,181.0,0.51,3,141.6,0.41,0.046,0.016,0.918,0.156,0.0,0.102,-0.566,0.136,0.551,2.924,7.5,1,0.055
SHOP002527,0,29.0,162.0,0.237,1,67.7,0.258,0.014,0.018,0.918,-0.11,0.183,0.243,2.095,0.155,0.383,2.409,4.4,1,0.019
SHOP002528,0,14.0,251.0,0.642,1,84.3,0.41,0.087,0.033,0.774,0.035,0.183,0.119,0.248,0.341,0.369,1.912,6.9,0,0.086
SHOP002529,0,16.0,165.0,0.23,1,125.3,0.19,0.108,0.009,0.901,-0.074,0.156,0.063,0.539,0.205,0.388,1.965,3.5,0,0.039
SHOP002530,0,11.0,90.0,0.411,5,112.1,0.251,0.064,0.033,0.926,0.018,0.28,0.049,-1.327,0.177,0.305,1.574,3.3,0,0.082
SHOP002531,1,15.0,140.0,0.461,2,16.0,0.222,0.102,0.032,0.894,0.051,0.173,0.113,-1.131,0.131,0.341,2.233,6.3,0,0.039
SHOP002532,1,8.0,187.0,0.572,2,145.5,0.152,0.005,0.036,0.87,-0.044,0.235,0.138,-0.895,0.254,0.522,2.035,5.5,1,0.033
SHOP002533,0,25.0,152.0,0.391,2,95.0,0.249,0.067,0.023,0.898,-0.034,0.222,-0.119,0.934,0.112,0.443,2.336,6.1,1,0.0
SHOP002534,0,6.0,44.0,0.502,3,111.9,0.298,0.091,0.045,0.958,0.119,0.149,-0.124,-0.962,0.145,0.507,2.395,3.8,1,0.05
SHOP002535,0,11.0,354.0,0.174,2,122.4,0.27,0.134,0.056,0.759,-0.039,0.306,-0.002,-1.12,0.265,0.304,2.198,7.8,1,0.028
SHOP002536,0,17.0,212.0,0.464,0,307.5,0.206,0.092,0.015,0.983,0.418,0.208,0.072,0.738,0.089,0.574,2.545,5.9,0,0.031
SHOP002537,0,25.0,204.0,0.444,0,164.6,0.343,0.037,0.005,1.0,0.233,0.059,0.103,-0.228,0.125,0.42,3.079,5.3,0,0.022
SHOP002538,1,8.0,215.0,0.507,0,51.1,0.315,0.074,0.031,0.931,0.072,0.148,0.013,-1.58,0.236,0.11,2.03,6.4,1,0.015
SHOP002539,0,13.0,163.0,0.569,1,89.6,0.174,0.119,0.022,0.953,-0.038,0.252,0.026,0.59,0.112,0.471,2.148,4.4,0,0.005
SHOP002540,1,14.0,258.0,0.428,0,10.0,0.266,0.047,0.04,0.865,-0.159,0.204,0.203,-1.406,0.215,0.275,2.65,6.1,0,0.052
SHOP002541,0,25.0,145.0,0.419,0,97.7,0.221,0.147,0.043,0.849,-0.074,0.3,0.183,0.234,0.162,0.449,1.542,3.9,0,0.016
SHOP002542,0,23.0,111.0,0.559,2,82.8,0.226,0.0,0.019,1.0,-0.062,0.09,0.185,0.814,0.11,0.475,2.457,7.5,2,0.044
SHOP002543,1,30.0,216.0,0.845,2,57.4,0.296,0.084,0.047,0.88,0.235,0.14,0.096,-0.956,0.055,0.591,2.374,6.4,2,0.057
SHOP002544,0,18.0,152.0,0.466,3,114.0,0.384,0.053,0.002,0.92,0.243,0.238,-0.015,1.348,0.208,0.439,1.988,4.4,1,0.043
SHOP002545,0,29.0,253.0,0.555,0,99.8,0.329,0.08,0.018,1.0,-0.07,0.156,0.126,-1.253,0.272,0.361,2.624,4.9,1,0.0
SHOP002546,0,28.0,121.0,0.515,1,127.7,0.371,0.071,0.047,0.907,-0.129,0.124,0.005,0.792,0.198,0.369,2.352,4.8,1,0.057
SHOP002547,1,16.0,66.0,0.283,3,67.3,0.39,0.006,0.024,0.865,-0.133,0.155,0.106,-1.846,0.197,0.413,1.621,11.4,2,0.008
SHOP002548,0,27.0,127.0,0.3,1,126.8,0.208,0.09,0.02,0.951,0.09,0.221,0.001,-0.463,0.196,0.346,2.931,4.6,0,0.007
SHOP002549,0,24.0,297.0,0.33,1,154.2,0.394,0.106,0.05,0.829,-0.134,0.269,-0.052,-0.916,0.251,0.543,2.744,4.5,0,0.096
SHOP002550,0,13.0,163.0,0.368,0,154.4,0.559,0.078,0.024,0.977,-0.086,0.158,0.02,3.5,0.016,0.239,2.112,7.1,1,0.02
SHOP002551,0,34.0,316.0,0.654,2,88.0,0.238,0.094,0.025,0.93,0.178,0.223,-0.038,0.696,0.132,0.515,2.179,5.3,1,0.013
SHOP002552,0,28.0,120.0,0.488,2,94.3,0.225,0.063,0.029,0.832,-0.137,0.221,0.018,1.292,0.025,0.478,2.174,4.7,0,0.032
SHOP002553,0,20.0,88.0,0.109,0,191.9,0.415,0.04,0.035,0.963,0.594,0.026,0.155,-0.492,0.097,0.412,2.242,6.4,2,0.02
SHOP002554,0,17.0,174.0,0.643,2,62.1,0.351,0.078,0.044,0.83,0.142,0.261,-0.017,-0.334,0.145,0.473,2.025,6.2,2,0.023
SHOP002555,0,19.0,252.0,0.374,1,52.6,0.196,0.096,0.029,0.934,0.14,0.149,0.236,-0.559,0.073,0.303,2.103,2.9,0,0.034
SHOP002556,0,28.0,173.0,0.37,0,51.4,0.419,0.026,0.035,0.837,0.298,0.208,0.021,0.473,0.061,0.267,2.523,2.4,0,0.027
SHOP002557,0,9.0,318.0,0.299,2,59.9,0.358,0.142,0.039,0.875,0.096,0.139,-0.149,0.308,0.248,0.562,2.126,2.2,1,0.035
SHOP002558,1,13.0,136.0,0.666,2,60.5,0.233,0.035,0.046,0.966,0.067,0.057,0.06,-1.597,0.092,0.673,1.522,5.0,2,0.082
SHOP002559,1,20.0,138.0,0.387,1,132.4,0.215,0.083,0.072,0.75,0.176,0.362,-0.004,-1.024,0.274,0.558,1.544,3.5,0,0.046
SHOP002560,0,18.0,139.0,0.752,0,79.5,0.372,0.038,0.047,0.804,-0.133,0.253,-0.14,0.376,0.16,0.579,2.213,5.2,2,0.033
SHOP002561,0,21.0,280.0,0.252,3,88.4,0.196,0.089,0.038,0.92,0.156,0.187,-0.041,-0.426,0.139,0.462,1.796,7.0,1,0.002
SHOP002562,1,15.0,77.0,0.581,1,41.3,0.353,0.083,0.012,0.822,0.288,0.244,0.037,-0.666,0.116,0.64,1.147,5.3,2,0.049
SHOP002563,1,28.0,125.0,0.551,2,97.1,0.273,0.077,0.052,0.906,-0.23,0.408,0.077,-0.781,0.275,0.616,2.337,9.0,0,0.0
SHOP002564,1,20.0,25.0,0.606,1,57.5,0.136,0.125,0.044,0.851,0.088,0.373,0.096,-0.661,0.208,0.332,1.906,6.6,0,0.034
SHOP002565,0,15.0,40.0,0.247,1,64.0,0.217,0.086,0.026,0.871,0.183,0.171,0.123,0.558,0.115,0.417,2.532,0.5,1,0.0
SHOP002566,0,27.0,210.0,0.497,0,37.5,0.243,0.093,0.035,0.808,-0.05,0.142,-0.096,1.553,0.155,0.604,2.357,4.3,0,0.0
SHOP002567,0,26.0,234.0,0.563,0,31.6,0.198,0.127,0.02,0.826,-0.003,0.185,-0.204,-1.056,0.168,0.343,2.128,4.9,0,0.02
SHOP002568,0,27.0,178.0,0.199,0,202.3,0.391,0.05,0.014,0.977,0.265,0.198,0.081,2.421,0.08,0.341,2.681,6.8,0,0.041
SHOP002569,0,19.0,182.0,0.537,1,93.1,0.354,0.071,0.025,0.939,0.185,0.43,-0.051,0.0,0.157,0.442,1.483,3.6,1,0.043
SHOP002570,1,19.0,129.0,0.673,0,60.2,0.189,0.052,0.014,0.888,0.182,0.367,0.018,-1.013,0.224,0.541,2.007,1.2,2,0.082
SHOP002571,1,31.0,220.0,0.524,2,108.3,0.29,0.054,0.034,0.772,-0.028,0.289,-0.117,-1.649,0.156,0.459,1.261,3.9,4,0.028
SHOP002572,1,12.0,275.0,0.56,1,97.3,0.126,0.059,0.062,0.838,-0.143,0.264,0.174,-0.387,0.054,0.482,2.056,6.5,0,0.05
SHOP002573,0,15.0,214.0,0.375,2,71.7,0.276,0.101,0.03,0.854,0.217,0.225,-0.151,0.108,0.213,0.532,2.97,4.4,0,0.047
SHOP002574,0,17.0,248.0,0.228,1,88.9,0.313,0.06,0.029,0.863,0.06,0.138,0.099,2.343,0.161,0.729,2.179,6.3,0,0.0
SHOP002575,0,3.0,139.0,0.517,3,78.9,0.137,0.028,0.026,0.854,-0.236,0.157,-0.095,-1.471,0.114,0.595,2.102,4.7,0,0.031
SHOP002576,0,11.0,30.0,0.186,2,114.3,0.371,0.044,0.045,0.905,0.044,0.082,-0.093,-0.834,0.082,0.39,2.234,4.1,0,0.024
SHOP002577,0,26.0,221.0,0.333,1,82.7,0.356,0.08,0.009,0.95,0.401,0.22,0.118,1.413,0.093,0.435,2.281,1.8,0,0.015
SHOP002578,1,28.0,160.0,0.484,1,39.5,0.281,0.024,0.034,0.717,-0.522,0.2,-0.132,0.882,0.033,0.402,1.075,2.4,0,0.041
SHOP002579,0,16.0,62.0,0.561,0,113.3,0.353,0.103,0.022,0.805,0.181,0.244,0.249,-2.977,0.156,0.562,1.838,10.3,4,0.086
SHOP002580,0,20.0,198.0,0.276,1,204.0,0.385,0.064,0.004,0.894,0.223,0.102,0.065,-1.267,0.153,0.391,2.657,5.4,0,0.001
SHOP002581,1,18.0,300.0,0.383,2,19.9,0.167,0.081,0.063,0.945,-0.036,0.097,0.133,-1.374,0.203,0.623,1.985,0.6,0,0.037
SHOP002582,0,15.0,204.0,0.362,2,57.9,0.501,0.067,0.011,0.876,0.068,0.209,-0.014,0.844,0.097,0.582,2.125,1.9,0,0.017
SHOP002583,0,19.0,86.0,0.461,1,108.4,0.285,0.079,0.005,0.95,-0.136,0.272,0.028,0.728,0.1,0.289,2.224,8.3,1,0.046
SHOP002584,0,12.0,104.0,0.364,1,42.2,0.326,0.081,0.029,0.797,-0.204,0.385,-0.038,-0.063,0.298,0.686,1.371,4.8,2,0.068
SHOP002585,1,14.0,49.0,0.672,3,10.0,0.238,0.067,0.056,0.883,-0.32,0.35,-0.106,-0.483,0.195,0.57,1.414,2.1,0,0.052
SHOP002586,0,19.0,171.0,0.631,0,120.6,0.294,0.042,0.016,0.825,-0.281,0.172,0.036,-0.947,0.139,0.444,2.106,8.8,0,0.054
SHOP002587,1,18.0,65.0,0.151,2,59.6,0.247,0.071,0.02,0.84,0.048,0.311,0.15,-1.353,0.189,0.349,2.388,8.6,0,0.024
SHOP002588,0,11.0,27.0,0.448,1,73.5,0.223,0.125,0.026,0.812,0.04,0.297,-0.101,-0.075,0.136,0.281,1.272,2.9,3,0.0
SHOP002589,0,16.0,54.0,0.664,1,90.7,0.299,0.14,0.039,0.919,-0.097,0.099,0.201,1.07,0.025,0.69,2.013,4.8,0,0.0
SHOP002590,0,17.0,134.0,0.403,0,70.5,0.379,0.038,0.025,0.972,-0.073,0.252,-0.131,1.43,0.143,0.447,1.882,4.6,0,0.006
SHOP002591,1,23.0,1.0,0.778,2,138.8,0.238,0.063,0.033,0.765,-0.467,0.381,-0.133,-1.192,0.156,0.892,2.187,2.7,1,0.043
SHOP002592,0,26.0,94.0,0.506,2,151.8,0.24,0.068,0.04,0.799,-0.168,0.254,-0.044,0.182,0.117,0.345,2.136,4.4,2,0.044
SHOP002593,0,8.0,194.0,0.432,0,10.2,0.295,0.029,0.046,0.788,0.188,0.296,0.059,-2.284,0.157,0.261,2.611,2.5,0,0.078
SHOP002594,0,22.0,164.0,0.37,0,54.2,0.412,0.007,0.028,0.899,0.216,0.0,-0.021,1.395,0.075,0.19,3.138,2.9,0,0.0
SHOP002595,0,17.0,136.0,0.383,0,132.5,0.194,0.013,0.02,0.879,0.234,0.075,-0.087,0.432,0.098,0.493,2.291,5.0,0,0.021
SHOP002596,0,24.0,121.0,0.477,1,30.7,0.18,0.084,0.06,0.943,0.174,0.202,0.006,-1.904,0.16,0.426,2.1,5.7,0,0.046
SHOP002597,0,19.0,73.0,0.483,0,63.6,0.406,0.08,0.031,0.807,0.148,0.115,-0.187,0.277,0.21,0.731,1.546,3.2,0,0.047
SHOP002598,0,29.0,119.0,0.515,1,79.3,0.29,0.044,0.016,0.944,0.133,0.137,-0.059,1.216,0.093,0.274,2.263,1.9,0,0.011
SHOP002599,1,26.0,22.0,0.678,0,54.9,0.202,0.091,0.029,0.798,0.124,0.324,0.007,0.269,0.194,0.6,1.723,2.2,1,0.0
SHOP002600,0,22.0,126.0,0.488,3,82.8,0.169,0.076,0.023,0.823,0.215,0.165,0.094,0.29,0.182,0.42,2.873,4.1,1,0.052
SHOP002601,1,20.0,73.0,0.539,3,39.5,0.0,0.102,0.026,0.731,-0.258,0.268,0.029,0.361,0.194,0.315,1.39,9.2,2,0.076
SHOP002602,0,27.0,117.0,0.659,1,109.5,0.335,0.105,0.054,0.883,-0.491,0.139,0.002,0.01,0.18,0.4,1.802,5.9,1,0.027
SHOP002603,0,26.0,259.0,0.543,2,82.8,0.32,0.121,0.036,0.858,-0.115,0.365,0.112,-0.027,0.187,0.679,2.098,8.5,1,0.031
SHOP002604,0,30.0,103.0,0.544,1,147.0,0.205,0.084,0.054,0.879,0.103,0.315,-0.197,-3.599,0.181,0.321,1.793,3.7,1,0.051
SHOP002605,0,34.0,283.0,0.391,2,63.2,0.288,0.083,0.021,1.0,0.013,0.141,0.137,0.567,0.165,0.235,2.32,2.9,1,0.019
SHOP002606,0,26.0,269.0,0.219,2,142.8,0.363,0.064,0.014,0.934,0.271,0.197,0.068,1.187,0.124,0.304,1.983,3.7,0,0.033
SHOP002607,0,20.0,84.0,0.371,2,71.5,0.479,0.053,0.022,0.87,0.188,0.224,-0.018,1.021,0.139,0.334,2.21,3.3,1,0.023
SHOP002608,0,22.0,67.0,0.741,1,67.1,0.275,0.118,0.043,0.891,-0.086,0.269,0.237,-0.467,0.204,0.328,1.949,8.9,2,0.017
SHOP002609,0,36.0,148.0,0.21,0,80.6,0.212,0.04,0.033,0.911,0.417,0.212,-0.029,0.489,0.147,0.331,2.91,3.3,0,0.026
SHOP002610,0,38.0,206.0,0.324,0,124.7,0.22,0.044,0.02,0.917,0.411,0.266,0.197,2.285,0.162,0.053,2.34,2.6,1,0.0
SHOP002611,0,21.0,108.0,0.202,2,35.9,0.263,0.141,0.018,0.926,-0.021,0.209,0.127,2.275,0.094,0.424,2.777,7.3,2,0.029
SHOP002612,0,32.0,99.0,0.279,1,62.0,0.172,0.082,0.012,0.857,0.04,0.22,0.129,1.175,0.111,0.416,1.945,5.8,0,0.042
SHOP002613,0,16.0,95.0,0.318,0,91.4,0.259,0.0,0.007,0.886,0.029,0.111,-0.121,-1.033,0.17,0.468,2.201,4.4,0,0.05
SHOP002614,0,24.0,179.0,0.428,0,69.6,0.3,0.012,0.022,0.857,0.012,0.112,0.073,-0.154,0.076,0.379,2.118,4.7,1,0.027
SHOP002615,0,28.0,103.0,0.369,1,53.1,0.316,0.051,0.019,0.904,-0.019,0.14,0.04,1.956,0.187,0.57,2.77,3.0,1,0.033
SHOP002616,0,29.0,318.0,0.659,2,41.2,0.377,0.035,0.026,0.846,0.05,0.0,0.177,0.292,0.191,0.335,2.605,4.8,0,0.0
SHOP002617,1,10.0,162.0,0.597,0,73.4,0.256,0.14,0.053,0.814,-0.239,0.198,0.145,-0.687,0.185,0.718,1.497,5.4,0,0.018
SHOP002618,0,23.0,386.0,0.428,0,183.1,0.263,0.018,0.007,0.914,0.124,0.17,0.214,2.007,0.116,0.42,2.367,3.9,0,0.041
SHOP002619,1,24.0,138.0,0.585,1,66.2,0.144,0.089,0.075,0.903,-0.555,0.279,-0.132,-0.731,0.25,0.538,1.608,4.8,1,0.076
SHOP002620,0,20.0,194.0,0.182,1,30.4,0.379,0.085,0.024,0.936,0.309,0.16,-0.012,-0.114,0.075,0.352,2.451,6.5,0,0.04
SHOP002621,0,41.0,198.0,0.339,1,100.6,0.336,0.031,0.026,0.88,0.082,0.156,0.178,1.431,0.204,0.704,2.364,5.8,0,0.036
SHOP002622,0,23.0,78.0,0.441,1,72.1,0.343,0.043,0.029,0.881,-0.165,0.393,-0.148,1.713,0.205,0.424,1.193,8.3,0,0.083
SHOP002623,0,20.0,38.0,0.402,1,141.1,0.33,0.082,0.05,0.899,0.08,0.314,0.008,-0.231,0.108,0.455,2.521,4.6,0,0.04
SHOP002624,0,18.0,440.0,0.186,1,75.0,0.273,0.088,0.052,0.836,0.162,0.259,-0.162,1.671,0.111,0.442,1.838,4.4,1,0.061
SHOP002625,0,26.0,111.0,0.241,2,98.9,0.231,0.026,0.036,0.966,-0.136,0.184,-0.075,2.083,0.134,0.367,1.879,8.8,1,0.049
SHOP002626,0,25.0,115.0,0.526,2,61.3,0.205,0.061,0.03,0.933,-0.049,0.261,-0.063,0.875,0.24,0.421,1.157,3.0,0,0.03
SHOP002627,0,7.0,145.0,0.663,1,123.1,0.204,0.169,0.018,0.786,0.04,0.079,-0.212,-3.061,0.263,0.228,2.001,6.6,1,0.073
SHOP002628,0,19.0,135.0,0.407,0,104.3,0.333,0.06,0.009,0.907,0.108,0.183,0.123,0.835,0.164,0.571,2.332,4.3,0,0.003
SHOP002629,0,30.0,269.0,0.345,3,87.0,0.215,0.044,0.035,0.893,0.169,0.166,0.173,0.834,0.134,0.347,2.558,2.8,2,0.062
SHOP002630,0,17.0,268.0,0.307,2,75.3,0.355,0.068,0.02,0.91,-0.078,0.147,-0.204,0.844,0.098,0.568,2.472,2.9,0,0.026
SHOP002631,0,10.0,32.0,0.327,2,46.8,0.305,0.057,0.021,0.841,-0.265,0.201,0.066,0.199,0.091,0.438,2.648,4.4,0,0.035
SHOP002632,0,24.0,180.0,0.42,2,86.3,0.276,0.038,0.027,0.919,0.141,0.233,-0.014,0.852,0.245,0.417,2.596,7.2,2,0.036
SHOP002633,0,21.0,221.0,0.22,1,85.3,0.214,0.076,0.041,1.0,0.087,0.172,0.142,1.074,0.233,0.238,1.832,3.7,0,0.049
SHOP002634,0,6.0,103.0,0.644,1,53.8,0.253,0.05,0.019,0.904,-0.096,0.253,-0.202,-1.972,0.147,0.348,1.802,6.3,0,0.056
SHOP002635,0,9.0,236.0,0.509,1,23.8,0.25,0.038,0.052,0.899,0.095,0.291,-0.329,0.626,0.162,0.533,1.512,4.2,2,0.035
SHOP002636,0,13.0,242.0,0.379,2,86.5,0.284,0.137,0.017,0.87,0.147,0.095,0.095,-0.908,0.112,0.342,2.09,2.5,1,0.037
SHOP002637,0,23.0,205.0,0.088,2,142.9,0.229,0.065,0.022,0.88,-0.159,0.189,0.104,0.426,0.123,0.288,2.04,5.1,1,0.027
SHOP002638,0,21.0,256.0,0.133,1,34.4,0.041,0.082,0.0,0.884,-0.281,0.157,0.167,0.24,0.035,0.524,1.995,5.6,2,0.078
SHOP002639,0,24.0,299.0,0.404,0,144.9,0.262,0.083,0.029,0.965,0.043,0.152,-0.05,-0.727,0.072,0.318,2.768,6.7,1,0.059
SHOP002640,0,12.0,113.0,0.117,2,57.5,0.375,0.077,0.047,0.867,-0.252,0.295,0.03,0.745,0.122,0.346,2.454,4.7,1,0.063
SHOP002641,1,23.0,100.0,0.362,2,118.3,0.317,0.058,0.007,0.868,0.054,0.273,0.07,0.586,0.197,0.325,1.705,4.2,2,0.042
SHOP002642,0,21.0,247.0,0.378,1,78.0,0.195,0.005,0.024,0.926,0.185,0.229,0.126,0.465,0.153,0.336,1.923,3.8,1,0.044
SHOP002643,0,27.0,114.0,0.618,1,162.7,0.208,0.082,0.025,0.891,0.291,0.239,0.25,0.041,0.059,0.497,2.067,4.1,0,0.032
SHOP002644,1,9.0,13.0,0.653,4,54.5,0.142,0.103,0.005,0.848,-0.016,0.005,0.002,0.346,0.227,0.784,1.444,4.1,0,0.133
SHOP002645,0,18.0,44.0,0.492,1,55.5,0.247,0.018,0.026,0.971,0.111,0.221,0.252,0.501,0.186,0.458,2.196,6.4,0,0.019
SHOP002646,0,16.0,113.0,0.51,1,126.4,0.289,0.084,0.031,0.879,-0.189,0.389,0.053,-0.596,0.136,0.811,2.115,6.9,1,0.023
SHOP002647,0,31.0,105.0,0.563,0,135.8,0.348,0.06,0.032,0.908,0.121,0.278,0.168,2.145,0.134,0.299,2.329,1.0,0,0.046
SHOP002648,0,16.0,71.0,0.468,2,115.1,0.288,0.065,0.055,0.854,0.083,0.107,0.03,-0.742,0.181,0.441,2.129,4.3,1,0.033
SHOP002649,1,10.0,84.0,0.374,4,92.5,0.176,0.116,0.013,0.882,0.12,0.144,-0.093,-1.675,0.146,0.473,2.194,6.8,0,0.084
SHOP002650,0,30.0,127.0,0.446,1,34.4,0.473,0.064,0.025,0.94,0.11,0.192,-0.154,1.07,0.196,0.431,2.384,4.8,0,0.038
SHOP002651,0,32.0,456.0,0.37,1,37.7,0.372,0.075,0.02,0.972,0.319,0.262,0.045,0.163,0.081,0.11,2.452,1.5,0,0.032
SHOP002652,0,6.0,189.0,0.406,2,107.6,0.328,0.088,0.042,0.881,-0.091,0.185,-0.101,2.921,0.092,0.588,1.857,6.5,2,0.047
SHOP002653,0,26.0,330.0,0.079,1,96.9,0.278,0.065,0.005,0.896,-0.184,0.143,0.095,1.671,0.085,0.504,2.775,5.1,0,0.036
SHOP002654,1,11.0,269.0,0.48,2,118.3,0.312,0.094,0.032,0.937,-0.047,0.183,-0.047,1.138,0.139,0.406,2.421,5.1,1,0.053
SHOP002655,0,23.0,231.0,0.288,1,102.7,0.27,0.048,0.041,0.854,-0.031,0.154,-0.09,0.956,0.103,0.374,2.499,4.3,1,0.022
SHOP002656,0,23.0,188.0,0.308,1,38.8,0.316,0.032,0.054,0.863,0.102,0.24,-0.022,0.125,0.228,0.419,2.011,6.4,1,0.034
SHOP002657,0,26.0,153.0,0.418,1,97.2,0.15,0.085,0.02,0.886,-0.13,0.236,-0.055,0.319,0.115,0.229,2.449,3.3,0,0.025
SHOP002658,0,14.0,170.0,0.41,1,96.3,0.475,0.052,0.024,0.992,0.158,0.128,0.05,-0.78,0.167,0.197,1.822,2.9,1,0.025
SHOP002659,0,10.0,409.0,0.096,0,63.7,0.168,0.073,0.034,0.882,-0.412,0.235,0.016,-1.303,0.192,0.486,2.484,3.1,1,0.0
SHOP002660,0,27.0,131.0,0.356,1,88.3,0.201,0.078,0.022,0.927,0.204,0.189,0.053,0.246,0.101,0.343,1.679,2.7,1,0.012
SHOP002661,0,26.0,115.0,0.492,1,133.7,0.317,0.023,0.027,0.914,-0.145,0.093,0.277,-0.24,0.046,0.652,2.097,4.2,2,0.055
SHOP002662,1,29.0,133.0,0.25,1,103.4,0.407,0.029,0.033,0.886,-0.033,0.083,0.067,1.955,0.181,0.482,1.999,6.2,0,0.046
SHOP002663,0,22.0,91.0,0.146,0,92.1,0.513,0.054,0.021,0.95,0.321,0.025,0.112,-1.922,0.078,0.43,2.218,1.4,0,0.084
SHOP002664,1,22.0,78.0,0.0,2,103.0,0.259,0.093,0.028,0.952,0.192,0.154,-0.04,1.401,0.088,0.389,2.091,6.7,0,0.014
SHOP002665,0,9.0,33.0,0.52,0,76.2,0.215,0.09,0.008,0.932,0.423,0.295,0.114,-0.561,0.16,0.489,0.887,4.3,2,0.04
SHOP002666,0,23.0,152.0,0.438,0,13.5,0.184,0.015,0.029,0.885,0.001,0.174,0.0,0.204,0.157,0.444,1.945,5.1,1,0.042
SHOP002667,1,12.0,88.0,0.5,1,10.4,0.337,0.126,0.039,0.896,0.202,0.149,0.037,2.633,0.203,0.262,2.463,7.0,1,0.002
SHOP002668,0,22.0,151.0,0.512,2,79.9,0.203,0.114,0.027,0.886,-0.292,0.196,-0.21,-0.996,0.225,0.603,1.807,3.5,1,0.016
SHOP002669,0,13.0,156.0,0.318,0,101.9,0.345,0.054,0.012,0.955,-0.061,0.133,0.033,0.539,0.081,0.442,1.834,5.8,0,0.014
SHOP002670,0,24.0,142.0,0.645,1,69.1,0.274,0.127,0.016,0.827,-0.416,0.223,0.024,-1.431,0.333,0.523,1.449,6.9,0,0.035
SHOP002671,0,11.0,139.0,0.733,3,61.4,0.105,0.057,0.053,0.849,-0.226,0.264,-0.112,-1.529,0.173,0.498,1.091,3.7,1,0.053
SHOP002672,1,22.0,242.0,0.281,1,74.9,0.182,0.049,0.018,0.948,0.01,0.101,0.128,-0.824,0.102,0.398,2.084,4.9,1,0.042
SHOP002673,0,23.0,152.0,0.484,1,57.6,0.261,0.078,0.053,0.874,-0.084,0.185,-0.115,0.296,0.298,0.401,1.451,7.0,1,0.025
SHOP002674,0,18.0,250.0,0.453,0,78.7,0.313,0.045,0.033,0.92,0.01,0.246,0.25,1.042,0.119,0.472,2.456,6.6,0,0.054
SHOP002675,0,15.0,146.0,0.285,1,68.6,0.262,0.014,0.037,0.953,0.193,0.196,-0.125,-0.841,0.167,0.309,1.779,3.0,0,0.062
SHOP002676,0,17.0,57.0,0.244,3,127.4,0.268,0.114,0.029,0.967,-0.15,0.241,0.098,-1.348,0.178,0.498,1.673,5.0,0,0.036
SHOP002677,1,5.0,81.0,0.349,1,66.1,0.319,0.132,0.028,0.872,-0.26,0.178,-0.182,-1.23,0.195,0.587,1.944,7.1,0,0.041
SHOP002678,0,35.0,191.0,0.26,0,71.4,0.36,0.049,0.005,1.0,0.331,0.178,0.049,0.676,0.124,0.492,2.423,3.2,1,0.011
SHOP002679,0,14.0,156.0,0.579,2,57.8,0.199,0.07,0.045,0.832,0.495,0.211,0.236,0.188,0.091,0.525,1.196,5.9,1,0.04
SHOP002680,1,20.0,99.0,0.353,1,39.2,0.426,0.054,0.069,0.893,-0.112,0.34,-0.237,-2.146,0.201,0.345,2.259,5.3,1,0.09
SHOP002681,0,15.0,223.0,0.394,4,28.1,0.256,0.034,0.037,0.922,-0.002,0.208,0.067,0.68,0.136,0.672,2.383,5.8,1,0.034
SHOP002682,1,14.0,115.0,0.397,0,64.3,0.234,0.088,0.055,0.912,-0.25,0.027,0.197,0.819,0.257,0.523,1.353,6.4,1,0.053
SHOP002683,0,22.0,200.0,0.27,1,83.6,0.418,0.053,0.034,0.866,0.173,0.257,0.015,0.619,0.12,0.372,2.457,4.7,2,0.035
SHOP002684,0,16.0,360.0,0.278,0,42.5,0.253,0.065,0.011,0.899,0.101,0.132,-0.189,-0.092,0.118,0.454,1.925,2.5,1,0.028
SHOP002685,0,9.0,64.0,0.278,1,150.8,0.409,0.07,0.047,0.817,0.003,0.214,0.313,3.275,0.255,0.307,3.186,4.7,0,0.068
SHOP002686,0,26.0,138.0,0.17,0,83.7,0.46,0.042,0.009,0.938,0.475,0.195,0.003,0.697,0.139,0.47,2.363,2.8,0,0.036
SHOP002687,0,16.0,54.0,0.483,0,77.1,0.287,0.103,0.049,0.873,-0.142,0.201,-0.013,1.793,0.185,0.444,2.028,3.2,1,0.049
SHOP002688,1,15.0,98.0,0.132,0,69.8,0.223,0.068,0.032,0.872,0.047,0.311,0.098,-0.154,0.202,0.63,1.587,6.4,0,0.043
SHOP002689,0,5.0,267.0,0.331,2,40.9,0.415,0.063,0.012,0.921,0.242,0.115,0.409,1.764,0.083,0.172,2.053,2.8,0,0.001
SHOP002690,0,17.0,256.0,0.311,0,77.8,0.33,0.061,0.012,0.913,0.234,0.159,0.004,-1.463,0.033,0.214,2.781,7.9,0,0.048
SHOP002691,0,21.0,252.0,0.192,1,150.9,0.494,0.004,0.014,0.818,0.005,0.194,0.226,1.262,0.111,0.457,1.949,4.6,1,0.021
SHOP002692,1,21.0,85.0,0.328,2,78.9,0.163,0.142,0.036,0.944,-0.027,0.21,0.033,2.896,0.135,0.539,2.178,4.1,0,0.022
SHOP002693,0,24.0,101.0,0.491,0,45.4,0.351,0.061,0.04,0.971,-0.037,0.161,-0.167,1.353,0.168,0.43,2.387,4.8,0,0.068
SHOP002694,1,4.0,194.0,0.747,0,56.3,0.311,0.105,0.082,0.899,-0.438,0.223,-0.305,0.197,0.075,0.647,1.127,4.4,2,0.061
SHOP002695,0,28.0,198.0,0.416,2,60.4,0.04,0.142,0.065,0.855,-0.018,0.349,-0.049,0.486,0.179,0.248,1.203,6.9,1,0.013
SHOP002696,0,20.0,1.0,0.454,1,60.1,0.404,0.055,0.034,0.872,0.398,0.207,0.002,-0.018,0.2,0.597,1.501,4.9,2,0.081
SHOP002697,0,22.0,1.0,0.387,2,48.7,0.354,0.067,0.007,0.877,0.209,0.113,0.004,-1.149,0.139,0.456,2.008,5.9,1,0.053
SHOP002698,1,12.0,114.0,0.388,1,82.1,0.224,0.031,0.017,0.824,-0.102,0.31,0.037,-1.425,0.244,0.518,1.846,6.0,0,0.025
SHOP002699,0,24.0,28.0,0.452,3,147.5,0.223,0.053,0.019,0.87,0.021,0.19,0.033,-0.034,0.087,0.271,2.569,5.9,0,0.039
SHOP002700,1,2.0,126.0,0.557,1,59.7,0.32,0.047,0.0,0.817,-0.016,0.186,-0.083,0.758,0.21,0.452,1.742,7.9,0,0.033
SHOP002701,0,20.0,116.0,0.196,1,78.2,0.372,0.018,0.026,0.938,-0.207,0.183,-0.086,-1.937,0.137,0.261,1.584,3.0,1,0.027
SHOP002702,0,22.0,102.0,0.306,0,58.7,0.291,0.123,0.001,0.821,0.159,0.397,-0.04,-0.193,0.165,0.513,1.976,6.5,0,0.058
SHOP002703,1,19.0,168.0,0.293,1,58.1,0.321,0.047,0.029,0.811,-0.379,0.208,0.086,-2.206,0.109,0.493,0.968,7.1,0,0.052
SHOP002704,0,12.0,181.0,0.301,2,92.5,0.156,0.08,0.029,0.866,-0.194,0.261,0.034,-0.511,0.202,0.609,2.056,3.3,0,0.067
SHOP002705,0,27.0,148.0,0.421,0,107.0,0.255,0.081,0.023,0.899,0.093,0.31,0.161,-0.142,0.138,0.477,2.211,3.2,1,0.011
SHOP002706,0,23.0,273.0,0.276,1,78.9,0.199,0.064,0.031,0.749,0.08,0.195,-0.201,2.128,0.238,0.583,1.848,3.9,1,0.02
SHOP002707,0,27.0,249.0,0.48,0,40.2,0.326,0.0,0.01,0.959,0.013,0.025,0.225,2.98,0.136,0.407,3.348,4.6,2,0.014
SHOP002708,0,14.0,1.0,0.449,3,94.6,0.131,0.067,0.037,0.809,0.003,0.243,0.123,2.01,0.156,0.502,1.469,5.9,1,0.061
SHOP002709,1,20.0,155.0,0.298,0,117.1,0.176,0.06,0.021,0.769,0.058,0.16,-0.055,0.056,0.167,0.543,2.086,4.6,0,0.056
SHOP002710,1,26.0,88.0,0.483,2,106.6,0.429,0.101,0.026,0.951,-0.044,0.155,0.05,-0.818,0.189,0.362,1.718,2.5,1,0.015
SHOP002711,0,23.0,352.0,0.348,1,178.0,0.161,0.076,0.029,0.821,0.136,0.192,0.099,-1.128,0.211,0.383,1.985,3.0,1,0.034
SHOP002712,1,32.0,215.0,0.232,4,126.9,0.384,0.05,0.021,0.975,0.011,0.298,-0.044,0.373,0.192,0.341,1.824,5.8,1,0.033
SHOP002713,0,37.0,200.0,0.427,1,52.7,0.21,0.068,0.021,0.942,0.206,0.24,0.218,1.617,0.145,0.566,2.682,6.0,0,0.014
SHOP002714,0,9.0,106.0,0.33,2,105.2,0.216,0.077,0.027,0.934,0.054,0.164,-0.004,-0.848,0.128,0.443,2.377,4.2,0,0.013
SHOP002715,1,9.0,222.0,0.542,0,42.5,0.243,0.0,0.053,0.949,0.621,0.216,0.046,-0.016,0.127,0.466,2.623,3.9,1,0.004
SHOP002716,1,12.0,210.0,0.486,1,87.1,0.111,0.105,0.028,0.895,-0.104,0.257,0.108,0.145,0.208,0.553,2.57,6.5,0,0.036
SHOP002717,1,21.0,77.0,0.177,2,136.5,0.271,0.107,0.021,0.838,0.155,0.237,0.05,-1.5,0.094,0.518,2.545,6.1,0,0.038
SHOP002718,0,15.0,203.0,0.263,1,118.7,0.022,0.101,0.015,0.901,0.08,0.17,-0.042,1.042,0.131,0.436,1.277,6.4,2,0.03
SHOP002719,0,21.0,151.0,0.406,0,90.2,0.339,0.014,0.014,0.981,0.094,0.168,0.163,1.287,0.136,0.448,2.706,5.2,0,0.041
SHOP002720,0,15.0,61.0,0.347,2,125.8,0.369,0.076,0.033,0.787,0.043,0.179,-0.054,-0.923,0.196,0.595,1.37,8.0,0,0.036
SHOP002721,1,15.0,120.0,0.557,0,56.5,0.182,0.079,0.043,0.862,-0.086,0.344,-0.072,0.019,0.301,0.598,2.943,5.4,3,0.072
SHOP002722,0,23.0,119.0,0.257,1,41.5,0.264,0.08,0.03,0.906,0.085,0.073,0.015,2.663,0.106,0.465,2.996,3.5,1,0.023
SHOP002723,0,22.0,1.0,0.514,2,68.5,0.338,0.102,0.014,0.985,0.094,0.148,0.251,-0.544,0.157,0.259,1.732,7.5,1,0.034
SHOP002724,0,19.0,114.0,0.309,1,103.9,0.199,0.036,0.023,0.914,0.013,0.083,-0.144,1.673,0.169,0.554,1.497,1.9,1,0.024
SHOP002725,0,9.0,166.0,0.353,0,86.7,0.426,0.084,0.005,0.919,-0.035,0.065,-0.129,-0.557,0.082,0.318,2.133,7.8,1,0.012
SHOP002726,0,12.0,141.0,0.225,1,103.9,0.346,0.047,0.002,0.915,0.017,0.231,0.059,-0.751,0.149,0.481,1.828,5.2,1,0.026
SHOP002727,0,20.0,137.0,0.271,0,45.4,0.186,0.119,0.016,0.848,-0.187,0.115,-0.08,-0.426,0.227,0.551,2.049,4.5,1,0.042
SHOP002728,1,23.0,87.0,0.507,4,106.9,0.192,0.134,0.055,0.891,0.121,0.28,0.01,-1.316,0.176,0.467,1.97,10.2,0,0.055
SHOP002729,0,11.0,265.0,0.34,2,37.3,0.509,0.075,0.032,0.97,0.179,0.222,-0.103,1.259,0.132,0.562,1.781,4.7,0,0.013
SHOP002730,0,16.0,226.0,0.177,2,112.9,0.165,0.064,0.011,0.905,0.113,0.148,0.036,0.466,0.11,0.257,2.352,1.7,0,0.025
SHOP002731,0,32.0,281.0,0.442,2,53.5,0.438,0.08,0.012,0.895,0.172,0.129,0.021,2.589,0.115,0.138,2.494,3.6,1,0.001
SHOP002732,1,11.0,162.0,0.638,1,58.4,0.338,0.133,0.043,0.656,-0.292,0.197,0.036,-2.463,0.268,0.471,1.822,5.6,1,0.069
SHOP002733,0,19.0,203.0,0.245,2,111.6,0.268,0.0,0.036,0.871,0.121,0.244,-0.081,0.171,0.255,0.45,2.729,4.1,0,0.016
SHOP002734,0,16.0,177.0,0.369,4,97.1,0.374,0.054,0.031,0.81,0.071,0.159,-0.132,-0.618,0.048,0.452,2.628,4.2,0,0.041
SHOP002735,0,24.0,342.0,0.307,2,51.6,0.363,0.032,0.018,0.906,-0.034,0.071,0.111,-1.618,0.078,0.466,2.384,7.6,1,0.028
SHOP002736,0,31.0,48.0,0.613,1,34.0,0.306,0.048,0.033,0.843,0.104,0.138,0.151,1.193,0.139,0.432,1.402,2.5,1,0.02
SHOP002737,0,7.0,140.0,0.298,2,43.5,0.321,0.029,0.015,0.863,-0.059,0.275,0.064,1.19,0.174,0.288,2.953,6.6,1,0.061
SHOP002738,1,7.0,19.0,0.721,2,22.1,0.312,0.136,0.027,0.823,-0.167,0.545,-0.05,-3.128,0.266,0.349,1.726,8.8,0,0.09
SHOP002739,1,17.0,127.0,0.458,3,49.0,0.169,0.07,0.043,0.781,0.387,0.221,-0.025,-0.642,0.216,0.49,1.265,7.2,0,0.081
SHOP002740,0,26.0,115.0,0.356,1,35.6,0.217,0.071,0.002,0.967,0.167,0.077,-0.014,0.339,0.145,0.343,2.074,4.5,1,0.036
SHOP002741,1,17.0,154.0,0.494,0,74.0,0.221,0.054,0.042,0.771,0.047,0.278,0.002,-0.689,0.169,0.398,1.846,5.8,0,0.065
SHOP002742,0,21.0,151.0,0.327,1,117.3,0.203,0.0,0.019,0.91,0.178,0.166,-0.002,-0.036,0.126,0.361,2.201,4.5,0,0.012
SHOP002743,0,19.0,393.0,0.21,0,66.1,0.29,0.037,0.009,0.936,-0.003,0.087,0.124,1.408,0.098,0.394,2.225,1.6,0,0.03
SHOP002744,1,25.0,1.0,0.647,2,111.6,0.13,0.134,0.03,0.769,-0.061,0.209,-0.238,0.032,0.203,0.616,1.202,7.4,2,0.095
SHOP002745,1,33.0,62.0,0.545,2,46.1,0.203,0.125,0.051,0.798,-0.216,0.372,0.116,1.258,0.27,0.745,2.256,7.2,1,0.011
SHOP002746,0,15.0,1.0,0.376,0,65.4,0.284,0.141,0.02,0.81,0.056,0.217,-0.133,2.588,0.187,0.636,1.416,3.6,1,0.086
SHOP002747,0,11.0,178.0,0.361,0,92.0,0.336,0.092,0.03,0.978,0.165,0.179,0.126,0.838,0.166,0.224,1.804,6.5,0,0.056
SHOP002748,0,9.0,378.0,0.523,0,95.9,0.25,0.062,0.047,0.981,0.221,0.121,0.178,1.125,0.189,0.54,2.108,6.6,1,0.042
SHOP002749,1,18.0,76.0,0.3,4,68.9,0.069,0.098,0.02,0.823,0.272,0.241,0.166,-0.843,0.301,0.544,2.314,6.7,1,0.0
SHOP002750,1,8.0,152.0,0.448,0,10.0,0.335,0.055,0.034,0.88,0.105,0.285,0.123,-0.43,0.112,0.367,2.329,2.9,1,0.043
SHOP002751,0,19.0,203.0,0.362,2,41.4,0.177,0.08,0.054,0.843,0.552,0.21,-0.099,0.348,0.132,0.454,2.603,3.1,0,0.038
SHOP002752,0,19.0,174.0,0.213,1,86.8,0.519,0.086,0.013,0.925,0.204,0.259,0.061,0.079,0.139,0.452,2.463,4.9,0,0.023
SHOP002753,0,26.0,216.0,0.54,2,119.9,0.177,0.066,0.005,0.899,0.135,0.356,-0.038,-0.061,0.217,0.356,2.204,3.3,1,0.04
SHOP002754,0,14.0,46.0,0.49,1,104.5,0.102,0.062,0.039,0.776,-0.078,0.23,-0.189,0.256,0.183,0.529,2.207,7.6,3,0.08
SHOP002755,0,24.0,111.0,0.393,1,76.9,0.267,0.046,0.003,0.954,0.047,0.152,0.192,0.346,0.158,0.356,1.815,5.2,1,0.022
SHOP002756,0,16.0,64.0,0.552,1,78.5,0.329,0.137,0.037,0.884,-0.319,0.128,0.095,-0.45,0.164,0.358,1.751,6.1,0,0.047
SHOP002757,0,18.0,174.0,0.338,1,96.2,0.278,0.126,0.044,0.89,-0.13,0.135,-0.066,1.421,0.133,0.58,0.975,4.8,0,0.035
SHOP002758,1,9.0,36.0,0.535,1,46.5,0.197,0.056,0.009,0.829,0.061,0.116,0.072,0.519,0.24,0.572,1.585,4.6,2,0.043
SHOP002759,1,16.0,304.0,0.776,1,63.3,0.204,0.063,0.012,0.693,-0.027,0.136,0.31,0.978,0.195,0.547,2.027,4.7,0,0.022
SHOP002760,0,28.0,256.0,0.36,0,88.3,0.444,0.064,0.03,0.886,0.054,0.166,0.207,-1.897,0.109,0.49,2.231,2.0,1,0.0
SHOP002761,0,33.0,277.0,0.283,0,62.1,0.374,0.043,0.03,0.912,0.208,0.079,0.118,0.935,0.13,0.373,2.179,0.4,0,0.02
SHOP002762,0,14.0,183.0,0.313,0,119.5,0.372,0.096,0.031,0.96,0.207,0.147,0.082,-0.469,0.113,0.228,2.014,1.0,0,0.021
SHOP002763,0,18.0,71.0,0.49,2,10.1,0.232,0.074,0.055,0.738,0.17,0.273,-0.15,0.197,0.229,0.374,2.302,2.3,0,0.068
SHOP002764,0,26.0,140.0,0.345,1,77.3,0.27,0.076,0.038,0.868,-0.179,0.162,-0.037,0.251,0.19,0.375,2.245,4.4,0,0.038
SHOP002765,0,31.0,194.0,0.463,1,99.6,0.287,0.026,0.04,0.865,0.373,0.257,-0.096,-0.784,0.087,0.46,1.659,2.9,0,0.028
SHOP002766,0,36.0,56.0,0.162,0,173.7,0.523,0.028,0.017,0.982,0.27,0.27,0.054,0.107,0.099,0.567,2.142,3.7,0,0.041
SHOP002767,1,8.0,17.0,0.364,6,56.0,0.316,0.158,0.051,0.837,-0.362,0.198,0.054,-0.444,0.192,0.644,1.068,10.1,3,0.065
SHOP002768,0,29.0,30.0,0.197,2,36.1,0.222,0.073,0.042,0.833,-0.411,0.24,0.095,-0.777,0.256,0.37,2.252,6.2,0,0.025
SHOP002769,0,17.0,116.0,0.671,1,109.5,0.229,0.115,0.001,0.887,0.116,0.152,0.003,-1.049,0.237,0.487,2.089,6.5,2,0.045
SHOP002770,0,25.0,173.0,0.555,0,278.3,0.339,0.016,0.039,0.807,-0.091,0.123,-0.27,1.617,0.128,0.436,1.127,5.3,3,0.035
SHOP002771,0,16.0,21.0,0.457,1,64.4,0.198,0.05,0.01,0.824,0.227,0.305,0.104,-0.681,0.208,0.546,1.464,6.3,0,0.033
SHOP002772,0,6.0,60.0,0.171,1,85.4,0.225,0.083,0.026,0.899,0.096,0.087,0.032,-0.223,0.156,0.46,2.076,5.8,0,0.018
SHOP002773,0,22.0,285.0,0.446,1,109.0,0.306,0.064,0.05,0.884,-0.168,0.189,0.079,0.578,0.268,0.54,2.355,4.0,1,0.045
SHOP002774,1,22.0,189.0,0.249,0,42.7,0.267,0.052,0.027,0.894,0.155,0.237,-0.017,1.309,0.117,0.516,1.91,4.5,0,0.03
SHOP002775,0,20.0,258.0,0.575,2,49.7,0.239,0.155,0.029,0.846,-0.069,0.412,0.404,-0.502,0.203,0.649,1.226,6.2,0,0.064
SHOP002776,0,17.0,146.0,0.382,3,140.1,0.04,0.105,0.036,0.855,-0.068,0.221,0.192,-1.651,0.229,0.485,2.129,5.2,0,0.043
SHOP002777,0,6.0,208.0,0.316,0,82.2,0.38,0.004,0.023,0.945,0.105,0.098,0.28,0.956,0.216,0.41,1.974,2.1,0,0.043
SHOP002778,1,17.0,192.0,0.44,2,71.2,0.242,0.04,0.035,0.945,0.139,0.126,0.042,0.403,0.174,0.693,1.199,5.1,1,0.057
SHOP002779,1,24.0,301.0,0.372,0,115.8,0.517,0.051,0.025,0.812,0.071,0.286,0.115,1.426,0.049,0.524,2.121,5.1,0,0.001
SHOP002780,0,14.0,79.0,0.314,3,71.9,0.325,0.064,0.056,0.859,-0.035,0.239,-0.041,0.969,0.043,0.836,1.856,10.0,1,0.019
SHOP002781,0,15.0,59.0,0.439,1,49.1,0.317,0.068,0.009,0.853,0.341,0.197,0.084,-1.46,0.128,0.552,2.131,5.4,1,0.025
SHOP002782,0,14.0,204.0,0.583,1,98.6,0.199,0.112,0.037,0.888,-0.287,0.316,-0.007,-1.848,0.055,0.431,2.359,9.2,1,0.028
SHOP002783,0,5.0,186.0,0.494,3,57.5,0.16,0.114,0.047,1.0,0.113,0.316,0.013,-1.172,0.243,0.555,2.167,8.5,0,0.0
SHOP002784,1,32.0,143.0,0.452,1,73.2,0.237,0.077,0.027,0.898,0.117,0.074,0.054,-0.195,0.13,0.584,2.592,6.0,0,0.053
SHOP002785,0,11.0,159.0,0.484,2,32.2,0.312,0.058,0.043,0.872,0.235,0.085,-0.077,-0.983,0.231,0.465,2.084,6.8,0,0.071
SHOP002786,0,24.0,260.0,0.231,1,125.7,0.124,0.04,0.035,0.94,0.045,0.126,0.128,-0.601,0.183,0.59,2.331,5.9,0,0.06
SHOP002787,0,22.0,111.0,0.536,2,63.8,0.245,0.085,0.019,0.91,-0.027,0.193,0.095,-0.742,0.103,0.49,2.424,4.0,0,0.035
SHOP002788,0,11.0,59.0,0.4,1,64.1,0.314,0.015,0.041,0.879,-0.133,0.228,0.019,1.386,0.123,0.443,2.082,6.6,0,0.037
SHOP002789,0,21.0,166.0,0.601,1,80.4,0.282,0.057,0.024,0.912,-0.109,0.266,0.017,0.286,0.162,0.557,1.373,0.9,0,0.041
SHOP002790,1,12.0,163.0,0.28,3,114.5,0.134,0.117,0.069,0.928,-0.248,0.28,0.228,-0.171,0.251,0.448,1.489,4.3,2,0.008
SHOP002791,0,23.0,277.0,0.57,1,26.3,0.269,0.06,0.022,0.788,0.184,0.213,0.029,0.913,0.179,0.602,2.385,2.3,1,0.037
SHOP002792,0,11.0,125.0,0.354,0,107.9,0.369,0.045,0.017,0.94,0.388,0.196,0.225,1.429,0.118,0.305,2.289,4.2,0,0.026
SHOP002793,0,35.0,205.0,0.435,2,150.6,0.466,0.081,0.027,0.963,0.058,0.13,-0.112,0.091,0.161,0.309,2.654,2.5,1,0.0
SHOP002794,0,18.0,139.0,0.671,2,45.7,0.156,0.069,0.023,0.927,-0.204,0.281,-0.01,-2.052,0.182,0.592,2.072,2.4,1,0.003
SHOP002795,1,13.0,143.0,0.65,3,49.0,0.363,0.043,0.035,0.859,-0.199,0.205,-0.024,-1.434,0.259,0.414,2.149,6.3,0,0.054
SHOP002796,1,19.0,141.0,0.507,0,118.1,0.335,0.034,0.033,0.706,0.292,0.277,0.045,0.266,0.16,0.444,1.421,1.5,0,0.016
SHOP002797,0,13.0,171.0,0.446,2,95.6,0.308,0.067,0.019,0.81,-0.266,0.217,-0.032,0.758,0.069,0.228,2.924,4.6,1,0.02
SHOP002798,0,22.0,109.0,0.262,0,128.8,0.351,0.113,0.006,0.895,-0.243,0.123,-0.204,-0.851,0.154,0.215,2.819,6.3,2,0.025
SHOP002799,0,23.0,164.0,0.312,2,75.9,0.179,0.079,0.039,1.0,0.038,0.296,-0.034,0.899,0.161,0.419,1.835,2.5,0,0.011
SHOP002800,0,16.0,125.0,0.202,0,31.3,0.234,0.042,0.013,0.829,-0.021,0.227,-0.092,-0.894,0.206,0.555,3.145,3.2,1,0.055
SHOP002801,0,29.0,42.0,0.314,0,100.4,0.311,0.089,0.014,0.763,-0.041,0.355,-0.155,0.503,0.102,0.391,2.345,3.3,3,0.049
SHOP002802,0,17.0,204.0,0.528,0,52.8,0.207,0.1,0.029,0.839,-0.212,0.194,-0.195,0.25,0.163,0.464,1.565,7.4,1,0.008
SHOP002803,0,22.0,211.0,0.323,1,74.6,0.421,0.043,0.015,0.947,0.345,0.256,0.072,1.168,0.05,0.542,2.419,3.5,1,0.014
SHOP002804,0,32.0,137.0,0.324,1,117.1,0.394,0.067,0.024,0.973,-0.135,0.189,0.018,0.545,0.02,0.29,2.849,4.6,0,0.033
SHOP002805,0,25.0,120.0,0.679,2,57.6,0.384,0.026,0.028,0.893,0.127,0.216,0.028,0.637,0.058,0.663,1.744,7.6,0,0.059
SHOP002806,1,31.0,140.0,0.47,0,94.9,0.069,0.124,0.048,0.937,-0.064,0.422,-0.289,-2.158,0.134,0.551,1.586,6.7,3,0.018
SHOP002807,0,15.0,198.0,0.319,2,48.5,0.369,0.018,0.013,0.907,0.284,0.187,0.017,1.384,0.074,0.359,2.575,2.8,0,0.002
SHOP002808,0,34.0,183.0,0.656,0,43.0,0.222,0.092,0.023,0.817,0.135,0.155,0.033,-3.321,0.274,0.467,2.086,4.6,2,0.025
SHOP002809,0,33.0,125.0,0.249,2,100.2,0.34,0.031,0.021,0.887,0.228,0.129,0.057,1.267,0.106,0.644,2.499,4.5,0,0.0
SHOP002810,0,21.0,166.0,0.483,0,92.9,0.157,0.064,0.048,0.905,-0.017,0.127,0.012,0.356,0.03,0.364,2.179,1.6,2,0.016
SHOP002811,0,13.0,266.0,0.429,2,34.1,0.328,0.049,0.008,0.859,0.061,0.271,0.026,-1.519,0.208,0.375,1.772,8.5,0,0.052
SHOP002812,1,28.0,275.0,0.64,2,71.1,0.304,0.06,0.026,0.878,-0.041,0.149,0.215,0.873,0.186,0.471,2.646,4.5,1,0.027
SHOP002813,0,17.0,191.0,0.337,0,49.1,0.335,0.064,0.006,0.899,0.07,0.143,-0.089,0.422,0.076,0.499,1.959,4.9,2,0.025
SHOP002814,0,15.0,178.0,0.306,1,29.7,0.276,0.089,0.029,0.922,0.108,0.275,-0.072,0.121,0.14,0.343,2.157,6.5,0,0.036
SHOP002815,0,9.0,126.0,0.32,1,126.2,0.378,0.03,0.0,0.949,-0.22,0.23,0.025,-0.666,0.073,0.468,2.253,6.5,0,0.028
SHOP002816,0,23.0,396.0,0.283,0,87.2,0.39,0.059,0.012,0.99,-0.026,0.107,0.16,0.904,0.123,0.235,2.251,6.3,1,0.028
SHOP002817,1,16.0,130.0,0.519,0,54.6,0.144,0.094,0.044,0.92,-0.125,0.198,0.014,1.257,0.214,0.427,2.196,9.0,0,0.031
SHOP002818,0,24.0,181.0,0.355,1,51.8,0.215,0.038,0.062,0.791,-0.076,0.341,-0.156,-1.518,0.19,0.577,1.487,2.5,1,0.058
SHOP002819,1,5.0,128.0,0.28,1,108.4,0.307,0.099,0.03,0.939,-0.256,0.171,-0.173,2.483,0.163,0.405,1.754,6.0,1,0.024
SHOP002820,0,29.0,105.0,0.248,1,115.3,0.419,0.0,0.024,0.959,0.043,0.266,-0.034,1.095,0.132,0.428,2.792,2.7,0,0.017
SHOP002821,0,1.0,200.0,0.365,2,83.0,0.237,0.087,0.04,0.817,-0.013,0.17,-0.003,1.017,0.203,0.449,2.588,2.3,1,0.05
SHOP002822,1,13.0,83.0,0.492,0,82.1,0.269,0.096,0.018,0.951,0.053,0.227,-0.131,-1.229,0.136,0.61,2.293,1.0,0,0.035
SHOP002823,0,19.0,235.0,0.346,1,132.6,0.485,0.047,0.008,0.936,0.001,0.133,0.081,1.508,0.142,0.362,1.826,3.3,0,0.01
SHOP002824,0,25.0,60.0,0.306,2,186.7,0.467,0.046,0.026,0.885,0.012,0.194,0.033,-0.972,0.241,0.389,2.202,3.6,1,0.047
SHOP002825,0,11.0,287.0,0.215,1,66.7,0.146,0.062,0.022,0.909,-0.03,0.066,0.17,0.307,0.157,0.48,2.808,1.8,0,0.047
SHOP002826,0,18.0,38.0,0.509,0,69.1,0.273,0.167,0.058,0.822,0.135,0.407,-0.214,0.031,0.141,0.755,2.237,6.6,0,0.05
SHOP002827,1,9.0,235.0,0.762,3,35.1,0.264,0.09,0.028,0.964,-0.091,0.145,0.186,-1.521,0.282,0.334,1.503,2.0,1,0.029
SHOP002828,0,21.0,208.0,0.323,0,99.8,0.339,0.071,0.009,0.937,-0.134,0.099,-0.04,1.707,0.035,0.502,2.507,1.3,0,0.02
SHOP002829,1,8.0,58.0,0.618,3,168.8,0.242,0.102,0.042,0.768,0.031,0.206,0.018,1.186,0.266,0.557,2.222,9.6,1,0.062
SHOP002830,0,24.0,92.0,0.221,0,75.9,0.377,0.053,0.007,0.892,0.01,0.197,0.099,1.019,0.159,0.565,1.532,3.8,0,0.002
SHOP002831,0,22.0,85.0,0.52,1,80.8,0.296,0.059,0.035,0.885,-0.299,0.304,-0.194,0.877,0.193,0.465,1.886,6.9,0,0.065
SHOP002832,1,30.0,136.0,0.517,0,72.6,0.157,0.097,0.05,0.863,-0.402,0.182,0.063,-2.437,0.124,0.309,0.861,8.6,1,0.0
SHOP002833,0,13.0,168.0,0.412,1,136.9,0.465,0.029,0.021,0.881,-0.034,0.107,0.225,-0.043,0.094,0.296,2.561,4.9,1,0.028
SHOP002834,1,17.0,114.0,0.703,2,159.2,0.347,0.07,0.025,0.887,-0.07,0.159,-0.146,-1.627,0.176,0.526,1.965,4.7,1,0.039
SHOP002835,0,16.0,114.0,0.545,2,119.1,0.4,0.08,0.008,0.913,0.152,0.05,0.114,-1.381,0.157,0.477,2.089,3.8,1,0.013
SHOP002836,0,20.0,208.0,0.539,1,95.7,0.325,0.141,0.044,0.916,-0.087,0.321,0.193,1.513,0.152,0.371,2.072,8.2,0,0.063
SHOP002837,0,10.0,180.0,0.262,3,73.2,0.208,0.082,0.038,0.865,0.008,0.255,-0.065,0.302,0.136,0.306,1.334,4.2,1,0.042
SHOP002838,1,21.0,157.0,0.671,1,51.9,0.231,0.087,0.031,0.879,-0.059,0.193,-0.255,-1.104,0.283,0.472,2.547,7.2,2,0.049
SHOP002839,1,19.0,140.0,0.349,0,110.5,0.39,0.0,0.029,0.939,0.315,0.199,0.204,-1.109,0.118,0.495,2.047,3.4,1,0.051
SHOP002840,0,11.0,241.0,0.439,1,91.8,0.315,0.042,0.031,0.798,-0.092,0.136,-0.309,-0.033,0.076,0.4,2.413,6.9,2,0.0
SHOP002841,1,18.0,112.0,0.514,5,117.1,0.272,0.021,0.062,0.925,-0.191,0.348,0.019,-0.525,0.091,0.442,1.8,5.2,1,0.034
SHOP002842,0,15.0,240.0,0.434,1,24.4,0.172,0.052,0.032,0.787,0.041,0.314,0.077,0.544,0.17,0.409,2.294,4.6,1,0.065
SHOP002843,0,22.0,162.0,0.269,2,34.5,0.242,0.065,0.026,0.928,0.038,0.165,0.119,0.494,0.119,0.672,2.163,5.7,2,0.052
SHOP002844,0,16.0,87.0,0.243,1,88.1,0.33,0.063,0.026,0.879,0.034,0.157,-0.011,0.863,0.113,0.572,2.358,4.8,1,0.032
SHOP002845,0,7.0,223.0,0.175,0,76.9,0.413,0.053,0.016,0.984,-0.044,0.085,0.245,0.793,0.114,0.52,2.983,4.7,1,0.026
SHOP002846,0,8.0,212.0,0.6,0,89.0,0.287,0.043,0.013,0.842,-0.022,0.147,0.018,-0.111,0.187,0.532,1.745,7.2,0,0.009
SHOP002847,0,14.0,1.0,0.393,3,97.1,0.279,0.051,0.035,0.918,-0.033,0.182,0.075,0.467,0.104,0.439,2.003,6.4,0,0.006
SHOP002848,0,22.0,127.0,0.316,0,175.3,0.313,0.08,0.043,0.879,0.067,0.267,-0.004,-1.256,0.249,0.505,2.263,4.3,0,0.038
SHOP002849,0,18.0,146.0,0.239,2,60.9,0.222,0.071,0.039,0.78,0.053,0.126,0.102,-2.234,0.263,0.5,1.258,6.9,1,0.064
SHOP002850,0,23.0,100.0,0.309,1,43.9,0.262,0.098,0.048,0.904,-0.344,0.246,0.234,1.312,0.211,0.304,1.846,4.1,1,0.045
SHOP002851,0,21.0,116.0,0.299,1,106.2,0.295,0.049,0.047,0.736,-0.207,0.077,-0.054,-1.509,0.241,0.648,1.535,10.2,2,0.01
SHOP002852,1,16.0,36.0,0.255,1,50.6,0.474,0.125,0.066,0.831,0.189,0.282,-0.078,1.034,0.259,0.742,2.316,2.8,1,0.059
SHOP002853,0,9.0,124.0,0.359,1,113.9,0.37,0.073,0.035,0.832,-0.023,0.34,-0.032,1.268,0.102,0.443,2.434,7.1,2,0.018
SHOP002854,0,20.0,69.0,0.327,2,54.8,0.559,0.09,0.007,0.952,0.051,0.17,-0.015,-0.478,0.083,0.43,3.167,3.7,2,0.021
SHOP002855,0,10.0,92.0,0.486,1,82.5,0.014,0.037,0.024,0.829,0.186,0.186,0.033,-2.242,0.198,0.574,1.252,2.1,0,0.048
SHOP002856,0,21.0,248.0,0.323,0,128.1,0.4,0.107,0.05,0.813,0.304,0.185,0.135,0.749,0.087,0.322,1.89,5.0,1,0.018
SHOP002857,1,26.0,192.0,0.559,1,25.0,0.261,0.027,0.024,0.835,-0.07,0.073,0.252,2.245,0.147,0.561,1.584,7.1,0,0.005
SHOP002858,0,33.0,114.0,0.522,1,107.3,0.199,0.043,0.0,0.913,0.048,0.193,0.073,-1.141,0.124,0.613,2.4,5.4,2,0.023
SHOP002859,1,30.0,180.0,0.523,0,88.0,0.25,0.006,0.031,0.837,0.194,0.214,0.075,-0.007,0.076,0.486,2.185,0.9,1,0.038
SHOP002860,0,21.0,252.0,0.329,0,95.2,0.389,0.064,0.026,0.971,0.302,0.113,0.08,-0.696,0.103,0.402,2.257,6.2,0,0.016
SHOP002861,0,20.0,88.0,0.301,0,212.7,0.197,0.076,0.024,0.924,0.32,0.22,0.273,-1.113,0.008,0.351,1.781,6.5,1,0.033
SHOP002862,0,10.0,231.0,0.359,0,177.8,0.26,0.049,0.031,0.882,0.32,0.178,0.105,1.274,0.119,0.354,2.183,4.7,1,0.028
SHOP002863,1,6.0,280.0,0.205,3,104.8,0.0,0.0,0.051,0.832,-0.074,0.222,-0.259,-2.105,0.313,0.801,1.96,10.2,2,0.092
SHOP002864,0,33.0,103.0,0.37,1,49.4,0.267,0.045,0.019,0.94,0.062,0.298,-0.02,-0.93,0.086,0.557,3.077,2.5,0,0.0
SHOP002865,0,23.0,20.0,0.271,0,119.5,0.206,0.046,0.018,0.848,0.072,0.092,0.025,0.556,0.158,0.473,3.428,3.0,0,0.013
SHOP002866,0,12.0,65.0,0.633,0,54.2,0.285,0.063,0.038,0.899,0.102,0.216,-0.048,0.956,0.292,0.379,1.063,5.7,0,0.048
SHOP002867,0,19.0,1.0,0.499,5,56.6,0.231,0.108,0.018,0.788,0.058,0.305,0.298,-1.725,0.228,0.554,2.532,4.4,0,0.0
SHOP002868,1,17.0,121.0,0.794,0,82.9,0.307,0.07,0.013,0.972,0.195,0.123,0.018,-1.762,0.17,0.322,2.551,4.1,0,0.069
SHOP002869,1,21.0,149.0,0.441,2,191.7,0.334,0.064,0.03,0.805,-0.259,0.237,-0.168,-0.293,0.154,0.439,2.06,8.0,0,0.036
SHOP002870,0,22.0,108.0,0.28,0,98.2,0.305,0.055,0.019,1.0,-0.149,0.134,0.194,2.187,0.0,0.501,2.492,2.5,0,0.023
SHOP002871,0,15.0,170.0,0.447,2,109.7,0.306,0.035,0.009,0.907,0.119,0.226,0.065,-0.221,0.207,0.556,2.609,5.8,2,0.012
SHOP002872,0,28.0,118.0,0.151,2,67.9,0.381,0.1,0.018,0.989,0.096,0.129,0.181,0.961,0.154,0.232,2.373,5.2,1,0.013
SHOP002873,0,21.0,262.0,0.39,2,120.2,0.428,0.082,0.008,0.889,0.06,0.139,0.117,-0.715,0.19,0.395,2.955,3.1,0,0.0
SHOP002874,0,19.0,152.0,0.206,3,65.5,0.365,0.033,0.0,0.856,0.003,0.244,0.123,0.296,0.156,0.35,1.72,7.7,2,0.045
SHOP002875,0,22.0,73.0,0.314,0,129.6,0.275,0.087,0.023,0.885,0.295,0.02,0.178,0.78,0.061,0.227,3.56,4.2,0,0.019
SHOP002876,0,28.0,125.0,0.506,1,67.4,0.222,0.049,0.0,0.931,-0.065,0.163,-0.062,1.546,0.141,0.351,3.176,6.4,1,0.028
SHOP002877,0,28.0,207.0,0.437,1,27.7,0.347,0.016,0.034,0.814,0.159,0.161,-0.066,1.757,0.208,0.303,1.882,5.7,0,0.028
SHOP002878,0,12.0,127.0,0.436,0,52.8,0.371,0.01,0.017,0.901,0.389,0.216,0.11,1.165,0.08,0.351,2.156,4.5,0,0.032
SHOP002879,0,14.0,119.0,0.445,1,182.1,0.338,0.073,0.025,0.863,-0.502,0.111,-0.085,-1.218,0.194,0.309,2.395,8.3,1,0.047
SHOP002880,0,23.0,75.0,0.388,0,110.0,0.241,0.016,0.029,0.922,-0.297,0.147,0.033,-0.877,0.165,0.633,1.663,4.6,1,0.05
SHOP002881,0,19.0,214.0,0.269,1,133.8,0.276,0.036,0.04,0.843,0.063,0.297,0.089,-0.897,0.114,0.288,1.803,5.2,0,0.074
SHOP002882,0,30.0,149.0,0.225,2,67.9,0.187,0.084,0.025,0.804,-0.004,0.271,-0.009,1.268,0.109,0.405,0.806,3.2,0,0.017
SHOP002883,0,15.0,141.0,0.396,1,68.7,0.246,0.07,0.043,0.701,-0.045,0.235,-0.031,0.228,0.244,0.646,0.745,6.2,0,0.023
SHOP002884,0,15.0,218.0,0.268,0,66.1,0.288,0.092,0.017,0.831,-0.044,0.177,0.064,0.66,0.206,0.527,1.549,6.4,1,0.068
SHOP002885,0,36.0,217.0,0.391,0,62.5,0.452,0.085,0.058,0.902,0.102,0.289,-0.009,0.45,0.09,0.553,2.766,4.9,0,0.082
SHOP002886,0,27.0,91.0,0.078,1,68.3,0.094,0.117,0.047,0.942,-0.408,0.121,-0.038,0.574,0.152,0.349,2.385,5.2,1,0.031
SHOP002887,0,14.0,89.0,0.398,3,87.7,0.094,0.063,0.031,0.817,-0.217,0.106,0.042,0.013,0.15,0.575,2.827,4.3,0,0.015
SHOP002888,0,19.0,268.0,0.221,2,120.7,0.272,0.052,0.024,0.934,0.206,0.2,0.047,0.04,0.106,0.423,2.314,5.1,0,0.022
SHOP002889,0,24.0,136.0,0.354,4,72.9,0.289,0.017,0.038,0.918,0.04,0.201,-0.117,1.416,0.088,0.319,1.961,2.4,0,0.031
SHOP002890,0,23.0,58.0,0.54,0,99.3,0.326,0.026,0.017,0.929,-0.044,0.185,0.112,-1.472,0.191,0.632,1.981,3.9,1,0.024
SHOP002891,0,12.0,195.0,0.293,2,63.2,0.16,0.145,0.0,0.914,-0.06,0.184,-0.095,-0.607,0.198,0.614,2.591,5.5,1,0.018
SHOP002892,0,14.0,195.0,0.313,1,73.1,0.396,0.048,0.019,0.886,-0.081,0.056,0.108,-1.361,0.145,0.521,2.52,5.4,0,0.01
SHOP002893,0,16.0,54.0,0.329,1,44.5,0.321,0.053,0.001,0.938,-0.03,0.229,0.105,-0.325,0.159,0.356,2.376,4.1,1,0.01
SHOP002894,0,14.0,130.0,0.377,3,87.0,0.237,0.049,0.028,0.911,0.343,0.302,0.025,-1.315,0.161,0.516,2.406,3.1,1,0.024
SHOP002895,0,30.0,168.0,0.33,0,121.8,0.215,0.075,0.019,0.917,0.271,0.213,0.164,0.975,0.114,0.178,2.623,4.8,0,0.02
SHOP002896,0,14.0,161.0,0.443,2,45.9,0.253,0.046,0.034,0.83,0.119,0.202,-0.143,0.898,0.112,0.635,1.185,4.7,2,0.04
SHOP002897,0,7.0,240.0,0.429,0,132.8,0.345,0.031,0.043,0.961,-0.012,0.183,0.195,1.969,0.166,0.61,2.647,6.0,0,0.026
SHOP002898,0,22.0,307.0,0.308,1,62.2,0.188,0.05,0.018,0.842,0.069,0.187,-0.014,0.698,0.164,0.249,2.168,5.6,1,0.02
SHOP002899,0,14.0,67.0,0.526,0,144.6,0.303,0.122,0.067,0.983,-0.231,0.262,-0.2,0.233,0.093,0.605,1.529,6.3,0,0.051
SHOP002900,0,12.0,336.0,0.353,2,200.7,0.149,0.061,0.014,0.887,0.16,0.151,-0.118,0.953,0.134,0.497,1.985,1.7,0,0.005
SHOP002901,0,22.0,346.0,0.355,0,90.5,0.373,0.038,0.013,0.935,0.044,0.119,-0.007,-0.092,0.06,0.506,2.135,3.7,1,0.0
SHOP002902,1,20.0,118.0,0.369,1,139.3,0.168,0.092,0.028,0.744,0.008,0.186,0.044,-0.622,0.182,0.522,2.45,5.2,3,0.023
SHOP002903,1,13.0,103.0,0.308,1,15.7,0.339,0.106,0.015,0.913,0.278,0.231,0.022,1.093,0.024,0.268,2.053,2.1,1,0.047
SHOP002904,0,28.0,109.0,0.48,0,126.9,0.292,0.045,0.04,0.916,-0.029,0.247,0.19,0.039,0.0,0.441,2.157,2.0,1,0.029
SHOP002905,0,19.0,121.0,0.729,1,48.7,0.217,0.099,0.028,0.845,0.152,0.215,-0.063,0.497,0.258,0.575,2.228,1.6,1,0.003
SHOP002906,0,20.0,194.0,0.254,3,94.2,0.166,0.151,0.036,0.882,0.203,0.446,0.089,-0.856,0.28,0.302,1.569,5.4,1,0.026
SHOP002907,0,18.0,92.0,0.331,3,99.4,0.24,0.1,0.036,0.886,-0.131,0.215,0.006,-0.8,0.205,0.562,1.802,6.6,0,0.054
SHOP002908,0,18.0,316.0,0.323,2,63.6,0.418,0.037,0.014,1.0,0.225,0.209,0.224,1.648,0.089,0.267,2.719,3.7,1,0.036
SHOP002909,0,16.0,81.0,0.26,2,72.3,0.301,0.103,0.017,0.892,0.005,0.078,0.212,-2.034,0.067,0.335,1.739,7.8,1,0.07
SHOP002910,0,5.0,21.0,0.375,1,53.1,0.29,0.089,0.012,0.888,0.029,0.113,-0.122,-1.061,0.164,0.559,2.55,4.4,0,0.061
SHOP002911,0,10.0,100.0,0.446,1,131.0,0.183,0.09,0.048,0.816,0.173,0.313,-0.028,-0.29,0.109,0.319,2.239,5.0,0,0.006
SHOP002912,0,12.0,286.0,0.287,4,58.1,0.161,0.07,0.023,0.904,0.02,0.238,-0.094,0.234,0.183,0.419,2.86,1.7,1,0.07
SHOP002913,0,16.0,43.0,0.458,1,83.0,0.32,0.059,0.016,0.97,0.004,0.155,-0.082,1.864,0.087,0.56,2.683,3.7,1,0.036
SHOP002914,0,6.0,170.0,0.465,2,94.3,0.35,0.145,0.047,0.969,-0.309,0.36,-0.037,-1.178,0.171,0.65,2.264,7.3,1,0.051
SHOP002915,1,35.0,53.0,0.254,1,78.3,0.274,0.106,0.055,0.841,-0.212,0.053,-0.449,-0.253,0.209,0.278,1.055,4.2,2,0.063
SHOP002916,1,22.0,159.0,0.607,3,27.2,0.171,0.055,0.04,0.871,-0.103,0.23,0.086,-0.649,0.284,0.618,1.507,7.9,2,0.051
SHOP002917,0,14.0,116.0,0.619,4,75.2,0.214,0.023,0.03,0.921,-0.084,0.359,0.032,-0.647,0.188,0.545,1.615,6.6,2,0.086
SHOP002918,0,16.0,133.0,0.339,0,85.8,0.419,0.057,0.007,0.898,0.058,0.075,0.065,2.41,0.106,0.366,2.091,5.8,1,0.009
SHOP002919,0,3.0,156.0,0.343,1,41.1,0.083,0.016,0.035,0.878,-0.303,0.163,0.098,-1.87,0.262,0.442,1.269,4.0,3,0.083
SHOP002920,0,22.0,91.0,0.471,0,90.6,0.257,0.025,0.008,0.941,0.124,0.236,0.051,0.853,0.109,0.36,2.177,6.7,0,0.024
SHOP002921,1,21.0,114.0,0.389,2,50.3,0.13,0.063,0.02,0.881,0.132,0.189,0.185,-0.332,0.119,0.614,1.663,5.9,2,0.014
SHOP002922,0,31.0,312.0,0.32,1,113.5,0.354,0.045,0.017,0.903,0.025,0.092,-0.121,-0.077,0.068,0.378,2.758,4.6,1,0.025
SHOP002923,0,25.0,335.0,0.303,0,72.8,0.441,0.024,0.02,0.977,0.172,0.125,-0.055,0.788,0.109,0.474,3.15,2.8,1,0.028
SHOP002924,0,13.0,105.0,0.568,1,108.8,0.394,0.027,0.036,0.894,-0.047,0.154,0.035,0.975,0.189,0.317,2.869,5.5,1,0.054
SHOP002925,0,20.0,203.0,0.221,1,79.0,0.219,0.012,0.007,0.734,0.166,0.207,0.175,-1.859,0.22,0.497,1.149,6.6,1,0.044
SHOP002926,1,19.0,76.0,0.172,1,62.6,0.081,0.085,0.027,0.895,0.088,0.209,-0.156,0.338,0.194,0.765,1.188,6.6,2,0.041
SHOP002927,1,15.0,194.0,0.318,2,49.8,0.205,0.106,0.037,0.941,0.049,0.225,-0.111,0.636,0.307,0.324,0.883,6.2,0,0.03
SHOP002928,0,15.0,151.0,0.072,1,118.6,0.455,0.044,0.021,0.978,0.019,0.213,0.14,0.548,0.048,0.266,2.635,5.2,1,0.046
SHOP002929,0,29.0,46.0,0.328,1,81.3,0.274,0.062,0.027,0.891,-0.056,0.251,-0.118,1.709,0.139,0.422,2.893,5.9,1,0.039
SHOP002930,0,20.0,205.0,0.169,1,30.3,0.4,0.017,0.021,0.898,0.191,0.204,0.156,1.468,0.15,0.516,3.316,3.7,0,0.008
SHOP002931,0,14.0,152.0,0.361,1,144.7,0.182,0.138,0.041,0.868,-0.126,0.182,0.04,0.437,0.297,0.534,2.065,6.1,1,0.069
SHOP002932,1,9.0,90.0,0.434,1,90.3,0.35,0.14,0.023,0.728,-0.097,0.338,0.123,-1.638,0.143,0.622,2.038,3.4,2,0.041
SHOP002933,0,19.0,211.0,0.535,1,108.9,0.259,0.109,0.051,0.827,0.21,0.148,-0.019,-0.548,0.258,0.62,2.224,7.0,1,0.051
SHOP002934,0,19.0,124.0,0.379,0,76.9,0.393,0.035,0.015,0.882,0.204,0.167,0.02,-0.643,0.086,0.521,2.537,3.1,0,0.032
SHOP002935,0,15.0,405.0,0.219,1,135.9,0.428,0.02,0.014,0.903,0.159,0.087,0.209,2.257,0.15,0.557,1.971,4.2,0,0.004
SHOP002936,0,35.0,124.0,0.31,1,46.9,0.342,0.074,0.013,0.924,0.272,0.179,-0.002,2.128,0.057,0.377,1.865,3.8,0,0.02
SHOP002937,0,18.0,150.0,0.694,3,71.3,0.272,0.088,0.052,0.831,0.302,0.252,0.087,-0.589,0.124,0.359,2.468,4.0,0,0.062
SHOP002938,0,33.0,249.0,0.37,1,143.2,0.407,0.016,0.015,0.864,0.144,0.201,0.07,2.716,0.144,0.424,1.706,4.5,0,0.046
SHOP002939,0,33.0,186.0,0.454,2,94.0,0.415,0.069,0.039,0.978,-0.107,0.148,-0.096,-0.018,0.102,0.538,2.563,2.9,0,0.037
SHOP002940,0,14.0,152.0,0.661,1,100.8,0.227,0.085,0.033,0.813,-0.089,0.092,-0.135,-2.496,0.144,0.632,1.733,4.3,1,0.0
SHOP002941,1,17.0,130.0,0.273,1,64.7,0.195,0.044,0.035,0.698,-0.096,0.342,-0.03,-3.124,0.109,0.529,2.294,6.7,1,0.072
SHOP002942,0,18.0,185.0,0.453,1,107.3,0.285,0.11,0.03,1.0,0.108,0.18,0.01,-0.074,0.218,0.531,2.51,2.2,2,0.015
SHOP002943,0,29.0,181.0,0.4,0,91.3,0.266,0.074,0.024,0.91,-0.008,0.119,-0.167,1.138,0.129,0.429,2.475,6.1,1,0.017
SHOP002944,0,10.0,64.0,0.532,0,42.2,0.43,0.087,0.037,0.954,0.071,0.241,0.148,-1.139,0.126,0.682,1.909,6.2,1,0.017
SHOP002945,0,24.0,293.0,0.467,2,50.6,0.336,0.064,0.013,0.943,0.034,0.194,0.142,0.507,0.21,0.35,1.611,4.3,1,0.029
SHOP002946,0,22.0,26.0,0.696,3,113.3,0.214,0.091,0.05,0.872,-0.27,0.264,0.335,-1.369,0.104,0.55,1.239,6.1,0,0.026
SHOP002947,1,18.0,126.0,0.179,2,55.1,0.113,0.068,0.021,0.77,0.186,0.211,0.13,0.454,0.078,0.164,1.958,3.5,0,0.036
SHOP002948,1,7.0,231.0,0.277,4,62.1,0.357,0.135,0.06,0.755,-0.105,0.157,-0.037,0.036,0.174,0.549,1.81,4.4,0,0.033
SHOP002949,0,4.0,129.0,0.544,0,89.9,0.267,0.147,0.047,0.918,-0.47,0.366,-0.125,0.28,0.15,0.619,1.646,4.0,0,0.087
SHOP002950,0,22.0,152.0,0.397,1,89.6,0.497,0.043,0.027,0.846,0.118,0.194,0.137,1.225,0.17,0.26,2.101,5.8,0,0.024
SHOP002951,0,11.0,81.0,0.424,1,99.3,0.334,0.049,0.039,0.938,-0.062,0.448,0.126,-0.43,0.104,0.47,1.929,3.1,1,0.03
SHOP002952,1,17.0,361.0,0.259,0,131.1,0.288,0.074,0.031,0.899,-0.025,0.12,0.079,0.195,0.2,0.514,2.103,5.0,1,0.05
SHOP002953,0,20.0,52.0,0.206,1,44.6,0.277,0.071,0.001,0.891,0.487,0.136,0.151,0.429,0.069,0.525,2.193,3.5,1,0.01
SHOP002954,0,20.0,114.0,0.178,0,316.7,0.383,0.028,0.008,0.948,0.396,0.165,0.039,1.561,0.167,0.432,2.738,3.8,0,0.0
SHOP002955,0,38.0,328.0,0.312,2,99.8,0.455,0.06,0.007,0.953,-0.017,0.138,-0.034,1.01,0.146,0.308,2.913,5.0,0,0.029
SHOP002956,0,16.0,98.0,0.459,1,61.4,0.333,0.08,0.012,0.894,0.001,0.145,-0.058,0.165,0.192,0.537,2.182,3.8,0,0.041
SHOP002957,1,34.0,197.0,0.296,3,70.6,0.544,0.038,0.035,0.862,-0.301,0.104,0.067,0.705,0.188,0.557,1.233,6.3,0,0.01
SHOP002958,0,16.0,108.0,0.212,2,120.1,0.345,0.075,0.032,0.925,0.049,0.259,-0.084,-0.052,0.082,0.376,2.337,4.7,1,0.044
SHOP002959,1,11.0,102.0,0.439,0,127.9,0.018,0.016,0.063,0.795,-0.509,0.224,0.184,-2.05,0.196,0.608,1.968,3.8,0,0.036
SHOP002960,0,29.0,238.0,0.426,2,29.8,0.41,0.048,0.017,0.871,0.378,0.171,0.114,0.396,0.081,0.252,3.072,2.4,0,0.039
SHOP002961,0,26.0,222.0,0.374,1,75.3,0.37,0.064,0.029,0.888,-0.103,0.309,-0.13,-0.896,0.099,0.543,1.874,4.1,1,0.039
SHOP002962,0,28.0,114.0,0.225,0,77.7,0.277,0.07,0.048,0.919,-0.083,0.256,0.02,1.265,0.143,0.69,2.542,8.0,2,0.034
SHOP002963,1,24.0,213.0,0.414,3,58.1,0.31,0.095,0.047,0.915,-0.27,0.154,0.197,0.119,0.144,0.382,1.744,3.6,1,0.014
SHOP002964,1,16.0,105.0,0.51,1,158.0,0.208,0.046,0.026,0.879,-0.05,0.216,0.051,-0.274,0.124,0.468,1.498,5.8,1,0.024
SHOP002965,0,27.0,29.0,0.361,0,86.2,0.29,0.0,0.011,0.976,0.197,0.156,-0.067,1.346,0.082,0.359,2.285,5.0,0,0.016
SHOP002966,1,5.0,162.0,0.72,3,62.2,0.345,0.103,0.047,0.832,-0.071,0.337,-0.243,-0.896,0.274,0.477,1.761,4.1,1,0.052
SHOP002967,0,33.0,134.0,0.379,1,59.9,0.422,0.063,0.034,0.852,0.077,0.141,0.082,-0.039,0.083,0.407,2.029,3.6,1,0.051
SHOP002968,1,14.0,32.0,0.61,4,78.8,0.259,0.154,0.038,0.965,0.038,0.377,-0.161,-0.195,0.321,0.552,1.674,8.2,0,0.047
SHOP002969,0,20.0,94.0,0.461,2,119.5,0.37,0.086,0.037,0.961,0.354,0.233,-0.06,1.281,0.0,0.692,2.276,2.3,1,0.044
SHOP002970,0,17.0,118.0,0.355,0,94.2,0.126,0.052,0.066,0.874,0.237,0.146,-0.017,1.257,0.134,0.309,1.806,10.4,0,0.057
SHOP002971,0,13.0,91.0,0.272,1,95.8,0.169,0.065,0.041,0.89,-0.381,0.302,0.101,1.052,0.22,0.426,1.72,4.8,2,0.048
SHOP002972,1,36.0,140.0,0.442,0,46.1,0.254,0.08,0.032,0.824,0.177,0.151,-0.14,2.112,0.108,0.717,2.342,5.9,1,0.006
SHOP002973,0,8.0,144.0,0.194,0,36.7,0.489,0.097,0.02,0.906,0.128,0.232,0.03,0.907,0.241,0.387,2.199,8.4,0,0.027
SHOP002974,0,27.0,121.0,0.203,1,62.1,0.319,0.074,0.036,0.821,0.25,0.233,-0.073,-0.354,0.121,0.492,1.85,7.3,1,0.024
SHOP002975,0,21.0,190.0,0.265,0,114.8,0.169,0.081,0.024,0.833,0.087,0.213,0.255,0.795,0.163,0.552,1.726,7.8,2,0.048
SHOP002976,0,25.0,230.0,0.246,3,72.0,0.291,0.105,0.038,0.953,0.108,0.212,-0.016,0.219,0.15,0.266,1.962,4.9,1,0.027
SHOP002977,0,20.0,160.0,0.281,2,69.1,0.263,0.072,0.037,0.939,-0.008,0.114,0.002,0.226,0.114,0.446,1.859,6.5,0,0.062
SHOP002978,0,33.0,149.0,0.392,0,52.0,0.097,0.051,0.024,0.902,-0.053,0.119,0.127,-0.242,0.153,0.494,2.092,6.4,1,0.025
SHOP002979,1,1.0,126.0,0.002,0,33.7,0.0,0.047,0.03,0.664,0.31,0.417,-0.141,-0.683,0.233,0.696,1.306,0.7,2,0.047
SHOP002980,0,13.0,122.0,0.262,2,106.8,0.19,0.08,0.024,0.814,0.014,0.25,0.15,-0.917,0.133,0.473,1.782,2.6,3,0.049
SHOP002981,0,16.0,218.0,0.714,1,158.8,0.249,0.134,0.045,0.819,0.005,0.19,-0.187,-0.425,0.241,0.483,1.646,2.5,2,0.051
SHOP002982,0,19.0,97.0,0.426,2,79.6,0.209,0.021,0.027,0.924,-0.059,0.179,-0.097,-1.541,0.179,0.633,2.692,3.8,0,0.031
SHOP002983,0,9.0,174.0,0.35,4,68.3,0.372,0.074,0.022,0.819,-0.028,0.148,0.063,0.745,0.122,0.493,1.209,6.0,1,0.051
SHOP002984,0,15.0,191.0,0.374,0,131.9,0.454,0.027,0.009,0.836,-0.074,0.134,-0.159,0.374,0.125,0.437,2.188,3.3,0,0.012
SHOP002985,0,26.0,196.0,0.345,1,103.3,0.239,0.055,0.018,0.939,0.247,0.229,0.048,2.107,0.204,0.575,1.62,4.3,0,0.038
SHOP002986,0,25.0,234.0,0.449,0,174.1,0.211,0.058,0.028,0.868,-0.027,0.199,0.042,0.518,0.126,0.371,2.32,3.9,3,0.0
SHOP002987,0,13.0,74.0,0.339,2,56.8,0.054,0.101,0.022,0.846,-0.342,0.177,0.048,-3.437,0.226,0.508,2.074,8.6,1,0.012
SHOP002988,1,17.0,224.0,0.317,1,86.6,0.311,0.071,0.016,0.83,-0.094,0.108,-0.106,-0.149,0.182,0.414,1.652,1.4,0,0.042
SHOP002989,0,18.0,59.0,0.401,1,72.7,0.186,0.12,0.0,0.98,-0.053,0.261,-0.116,-0.3,0.099,0.471,2.204,7.0,0,0.002
SHOP002990,0,7.0,179.0,0.797,2,76.7,0.079,0.086,0.057,0.926,-0.051,0.19,-0.094,0.746,0.236,0.666,1.254,5.7,2,0.04
SHOP002991,1,20.0,19.0,0.574,0,105.2,0.098,0.0,0.042,0.81,-0.171,0.284,-0.202,2.04,0.112,0.724,1.887,6.2,1,0.069
SHOP002992,0,29.0,255.0,0.463,2,83.2,0.253,0.084,0.043,0.888,0.086,0.21,0.097,3.354,0.226,0.344,2.209,7.6,1,0.013
SHOP002993,1,8.0,5.0,0.536,5,10.0,0.17,0.131,0.009,1.0,0.019,0.268,-0.117,-2.607,0.205,0.593,1.411,3.7,1,0.068
SHOP002994,0,27.0,147.0,0.272,0,129.3,0.301,0.051,0.029,0.939,-0.074,0.268,0.062,0.023,0.106,0.081,2.145,2.0,1,0.022
SHOP002995,0,28.0,296.0,0.254,0,61.4,0.208,0.026,0.024,0.952,0.187,0.197,-0.021,1.003,0.139,0.551,2.943,5.7,0,0.037
SHOP002996,0,23.0,171.0,0.354,2,122.4,0.28,0.035,0.014,1.0,0.128,0.123,0.259,-2.983,0.149,0.321,2.633,2.2,0,0.03
SHOP002997,1,38.0,1.0,0.646,8,22.3,0.071,0.0,0.03,0.814,0.055,0.329,0.078,-1.559,0.271,0.345,2.44,10.8,0,0.091
SHOP002998,0,8.0,36.0,0.226,2,20.6,0.235,0.133,0.022,0.951,-0.334,0.176,0.001,0.322,0.132,0.502,1.845,5.4,2,0.054
SHOP002999,1,15.0,14.0,0.378,1,73.6,0.303,0.091,0.022,0.883,0.238,0.199,0.061,1.527,0.167,0.587,2.155,6.1,0,0.033
